Price,Close,High,Low,Open,Volume
Ticker,AUROPHARMA.NS,AUROPHARMA.NS,AUROPHARMA.NS,AUROPHARMA.NS,AUROPHARMA.NS
Date,,,,,
2021-03-24,830.9253540039062,837.430244082505,816.7020364202048,818.1583524411903,2890108
2021-03-25,815.6826171875,839.2263925752256,801.0708658809566,835.0515726261276,2706117
2021-03-26,825.2943725585938,832.5274214830685,813.8865624099919,819.1293243941144,1322272
2021-03-30,845.0516357421875,847.624425063407,827.4787208471708,836.9933066495744,1646607
2021-03-31,855.63427734375,859.2265357288369,840.2458935990136,845.6342515478157,1493574
2021-04-01,855.63427734375,861.1197585912961,841.1196477417711,853.4012710798278,1440078
2021-04-05,856.5079956054688,867.6245529273939,845.6341576169584,853.4011762862301,1559124
2021-04-06,866.7992553710938,868.8381332881017,852.9157216118668,856.5079795305154,1531825
2021-04-07,878.6439208984375,884.9060910812317,866.9933937705024,871.313809431974,1709966
2021-04-08,880.97412109375,893.0614965579342,879.6148691161177,883.9352851261099,1482404
2021-04-09,916.2169799804688,925.1975955947452,875.0517560562923,875.7313820624165,3906307
2021-04-12,888.5469360351562,921.6052969638412,879.614852830382,913.3043077207795,2974446
2021-04-13,882.770263671875,898.0615825091937,863.5954352885706,890.3916274528108,1693074
2021-04-15,888.5955200195312,904.8577160974631,873.7896400082798,890.2945554306584,4393581
2021-04-16,925.2461547851562,931.0714191384731,883.9838656158288,889.4207553091965,4381580
2021-04-19,937.7704467773438,945.6345295313721,905.0518685549644,927.1878600641277,4587771
2021-04-20,958.5472412109375,976.9453797165083,948.0617771857594,951.4598480717299,6961954
2021-04-22,964.275390625,985.4405048883125,946.6054110996106,959.1782845652328,7282560
2021-04-23,964.4210205078125,979.5182111539598,951.5568952389807,967.9162146260111,3345931
2021-04-26,942.9160766601562,970.8287999542749,938.5956606813628,969.906454637374,1910017
2021-04-27,944.2753295898438,955.1491682528905,935.6830883570196,947.6734004684425,1857238
2021-04-28,934.954833984375,952.4306252738025,931.11985682211,945.5859522036395,1451281
2021-04-29,939.0325927734375,960.1977073322645,934.0325506752696,936.9937147664729,2279268
2021-04-30,952.2849731445312,960.1976468188476,935.9257143916776,935.9257143916776,2009351
2021-05-03,940.5374755859375,957.527829983619,937.3821240549395,951.168594903446,1415097
2021-05-04,928.6442260742188,951.4598448016042,922.3335230219632,945.5860484275738,1676068
2021-05-05,988.401611328125,995.0521563063963,927.9645001420993,929.2266287651374,6019729
2021-05-06,979.6637573242188,1008.7415451896366,970.8773293451748,1004.8580358722559,4590785
2021-05-07,983.5472412109375,993.2074822396761,971.8481815463497,979.7122640076516,2295907
2021-05-10,1017.430908203125,1030.8290635222274,986.5084871939818,989.1784000027278,4114533
2021-05-11,1000.8775024414062,1032.9164555875557,989.2269740246247,1011.6056262493438,2669450
2021-05-12,987.6734008789062,1008.7414487633166,975.7801547313118,1004.760875796567,2777776
2021-05-14,977.3822021484375,996.9939357085174,966.4598323850122,992.139549146995,2359306
2021-05-17,973.1588134765625,987.3821892668974,971.071462888649,980.4889843133236,1354654
2021-05-18,974.85791015625,990.6346668789009,970.2948340795109,975.6831914471018,1641850
2021-05-19,987.4793090820312,999.9065863177145,971.0229857372834,971.0229857372834,2428475
2021-05-20,995.6348266601562,1000.9746526441942,981.5571036113291,992.430942921265,2175661
2021-05-21,983.6443481445312,1004.7609291607697,979.0812130389181,1000.1006707717581,1338498
2021-05-24,984.2268676757812,991.848230814897,979.7122645057011,981.5569550877581,1249942
2021-05-25,992.86767578125,995.1492136900662,976.8967326465971,992.1395178200133,1206169
2021-05-26,993.5474243164062,1012.7222541384461,987.867814882308,992.9163895224273,1810026
2021-05-27,1001.55712890625,1007.673704095855,985.5376513780863,993.8872327958436,1905884
2021-05-28,992.4308471679688,1004.2269715127076,986.7511790692563,1002.9163107825093,1211293
2021-05-31,968.8870239257812,1001.9453844988503,954.906366950645,999.0327525671676,6480864
2021-06-01,942.0422973632812,979.2268886684316,931.314114309294,973.8385311330278,4967258
2021-06-02,938.304443359375,955.5860486435885,934.7121852492911,942.7219235284982,3288729
2021-06-03,939.6635131835938,944.9548059939822,933.9839050317287,941.7509229529904,1289116
2021-06-04,931.1199951171875,946.1200633867019,928.207362803016,944.6637472296161,1524773
2021-06-07,931.5568237304688,939.8092812622134,928.5956596441376,935.9743038518136,1716989
2021-06-08,943.789794921875,946.0228601068608,922.8188690494802,933.1101446751162,2098049
2021-06-09,931.0228881835938,953.4016002482776,924.7121851269605,946.5569264768446,2811183
2021-06-10,935.9257202148438,949.0325638070641,932.0907430159608,932.3334623417427,1697605
2021-06-11,980.3920288085938,986.8483874991684,933.49866022451,940.7802410374937,6844140
2021-06-14,965.3433227539062,988.3531274548266,953.6927947288984,985.0521208113478,3167944
2021-06-15,964.809326171875,974.5180992654284,958.9355303018048,968.013209441218,1403323
2021-06-16,958.8385009765625,980.1007398380726,952.2850784962187,965.0521400683945,2971468
2021-06-17,933.6927490234375,960.3433438378133,919.3237762538339,950.1976637909559,2763925
2021-06-18,924.712158203125,940.3917920942563,891.0227017840054,933.0131478228594,2778336
2021-06-21,926.9451293945312,928.7412287492142,903.8867928424285,914.566443456034,1212601
2021-06-22,924.8577270507812,938.6927290959652,919.8577443223749,927.0907923308607,2124243
2021-06-23,916.8966064453125,929.1296375310621,912.8674416808581,925.4403153986656,1375688
2021-06-24,910.8771362304688,922.0422256893878,905.3431235166919,913.2072063020877,1485049
2021-06-25,922.67333984375,931.1199853174805,912.2364074944805,912.6247821686784,1758141
2021-06-28,939.6150512695312,944.469437832463,924.372265610396,924.372265610396,1811884
2021-06-29,939.0325927734375,951.3627470750382,935.4403346962961,940.2947214876625,1243208
2021-06-30,937.0908203125,946.6054063918833,935.2461296636507,940.8772063834775,915691
2021-07-01,939.8577270507812,949.5179677149523,928.2557318514058,937.1878145648752,1826444
2021-07-02,965.2462158203125,983.4986970633446,944.7121373858718,951.2170270955695,7466674
2021-07-05,973.4015502929688,977.3821827489971,965.7316552325875,977.3821827489971,1479231
2021-07-06,951.84814453125,974.7608254911295,947.3335413077385,972.8190708586769,1184271
2021-07-07,937.0908203125,952.8190450702336,933.9840009733249,946.6054063918833,1620439
2021-07-08,924.0325317382812,945.1491144178794,919.760647631072,937.9645982169325,1348610
2021-07-09,921.0713500976562,928.1587428726642,914.5664600272486,922.8189174691081,1235964
2021-07-12,913.3042602539062,928.158670641727,911.9450083720839,928.158670641727,1312502
2021-07-13,929.0811157226562,936.8966667387391,910.8771649440538,914.6635511514118,1726935
2021-07-14,934.9063110351562,948.0131546292982,930.9742698084433,941.7509841716786,2120684
2021-07-15,928.0617065429688,938.3529830157662,926.7024545147945,936.993730987592,619668
2021-07-16,947.1393432617188,950.343226517435,927.6247331297349,929.1295811013056,2252693
2021-07-19,936.99365234375,946.6053612533817,931.2169798529883,937.9645296373433,759192
2021-07-20,937.382080078125,949.7607662728387,932.5276933351,937.9645827842278,1710472
2021-07-22,943.789794921875,945.5374214592807,935.051899265436,943.692730895418,523670
2021-07-23,935.634521484375,947.5763011327763,932.3335147650732,945.7316104500516,553340
2021-07-26,925.0519409179688,940.2461953733832,923.7898121958211,940.2461953733832,753421
2021-07-27,879.0324096679688,928.9840038102167,874.9547127920814,926.3140909966497,3085996
2021-07-28,888.4498901367188,893.2072131270877,851.5080167061999,887.4790127311459,2756688
2021-07-29,881.7993774414062,896.2168827832171,878.6925579842467,893.2071866183251,1240670
2021-07-30,889.9061889648438,902.8674376321527,876.7022802085077,886.4595860935169,1528530
2021-08-02,891.5565795898438,897.7702177818759,886.0711586033837,893.3041468133385,1008260
2021-08-03,890.197509765625,900.4887864794717,887.6731929766968,893.2072059958103,1248612
2021-08-04,880.14892578125,900.8771945479773,878.1586388934428,890.2946068162378,1254393
2021-08-05,881.6536254882812,902.9158614116791,871.6050694433709,882.5274387346412,1791905
2021-08-06,875.0516967773438,886.0225983924804,873.3041294925902,886.0225983924804,757692
2021-08-09,861.8478393554688,876.6537190101213,855.5371365518464,873.7896189631009,1181900
2021-08-10,853.8865966796875,872.6245169667798,845.9253908625258,864.0808084649482,1183982
2021-08-11,831.5565185546875,858.0614605344967,826.119628651321,857.2847704422524,2140873
2021-08-12,802.1387939453125,839.2263166610178,798.1581616749372,836.8961875633521,4086652
2021-08-13,739.12890625,798.0611725725176,732.0415135275891,782.5271351501815,20460478
2021-08-16,716.5559692382812,746.0706624422278,713.0123026981904,743.6920012394755,6719365
2021-08-17,710.148193359375,732.5269026559158,707.0899062456259,717.72102423908,5659280
2021-08-18,700.6336669921875,725.0511969177071,695.1481862329592,711.6045692529931,7732484
2021-08-20,661.2645874023438,700.002620183523,657.2840136813386,700.002620183523,8306985
2021-08-23,663.0607299804688,705.0511773910794,658.4005303274693,691.4588938361996,12977112
2021-08-24,668.1577758789062,671.1674718336279,641.0702752558182,665.0509566386995,9566077
2021-08-25,676.4102172851562,688.1578087475158,664.5655025395688,672.9150234995346,5847568
2021-08-26,678.740234375,687.2840012362517,673.4004097155389,679.5655155587748,4731473
2021-08-27,690.8050537109375,698.5887726259904,679.1781117045649,687.8861591177927,7231441
2021-08-30,696.6915893554688,698.3456417633054,686.9133028002697,694.6970229453152,3231421
2021-08-31,707.6373901367188,709.2914424144243,693.9186082144173,699.65906573872,3877654
2021-09-01,710.1670532226562,714.8372725299837,699.9022267573616,709.2913611215683,2486589
2021-09-02,726.6588745117188,728.9940142272353,707.9292985706119,711.237403270082,3636943
2021-09-03,737.41015625,739.3560861417957,721.8427171156346,727.7777795315844,2650092
2021-09-06,734.3453369140625,742.1290569476001,726.8534945047684,739.4534031860716,2280109
2021-09-07,726.123779296875,736.437244093727,722.7670381158945,735.9507615859058,1701767
2021-09-08,723.1563110351562,727.9238637822207,717.0752791562868,727.777895263097,1419668
2021-09-09,721.6967163085938,724.8588522411895,713.1832734131435,723.7886146026445,1930098
2021-09-13,716.2481079101562,722.4264110384127,712.3075527055331,722.4264110384127,1355587
2021-09-14,727.8263549804688,730.5993404752103,713.7670008120444,716.2481087244613,2377906
2021-09-15,738.48046875,746.6047031172651,724.8589581274704,729.5291784638944,3515645
2021-09-16,734.3453369140625,742.0804205744047,730.356204150903,742.0804205744047,1683112
2021-09-17,726.0264892578125,738.3831565391902,718.8265245595095,734.9777790655467,2364341
2021-09-20,693.1402587890625,723.5454136807595,688.8591892262843,719.994067835382,2932150
2021-09-21,706.7617797851562,709.8752201891324,687.9835083076615,693.7240253994971,2664801
2021-09-22,711.3345947265625,714.1075802449888,700.3401035412983,704.0373581808035,1674667
2021-09-23,713.6211547851562,719.0210983831447,707.9292741939784,719.0210983831447,2015529
2021-09-24,702.0427856445312,717.2697095180381,698.1022898228919,715.8102622222411,1962703
2021-09-27,702.4806518554688,705.5455150185592,694.6969327213361,705.3995465307685,1333668
2021-09-28,705.4483032226562,710.9455795528023,690.415981203872,702.480771673626,3589557
2021-09-29,708.269775390625,716.9778226868926,699.4644553632509,701.8968674915344,2240377
2021-09-30,705.2049560546875,715.9562064509157,700.8752503210297,701.2158236711309,1993150
2021-10-01,697.90771484375,704.7671055505672,687.3997057412785,702.383389040125,2877882
2021-10-04,712.3563232421875,731.5723813107405,688.8591955714229,690.8051255024156,5386291
2021-10-05,704.4265747070312,715.0319156769499,698.7833902673302,712.5021713522124,2241909
2021-10-06,696.0104370117188,709.6806417487628,692.8969967523149,706.8590197054784,1928858
2021-10-07,700.1455688476562,706.7617781535039,696.9834326942995,700.242900975724,1514665
2021-10-08,695.4266967773438,710.7022583422262,693.821280858668,701.5077277040432,2179776
2021-10-11,701.06982421875,705.3995297611933,691.875294333126,699.2698629657983,1309853
2021-10-12,710.1183471679688,715.6156221321169,700.5833038486587,702.4805971167756,2505322
2021-10-13,708.8536376953125,715.1292738119005,705.4482602009701,715.1292738119005,1220720
2021-10-14,707.491455078125,717.0751356471993,704.6211967287114,714.7886918723638,1592618
2021-10-18,698.83203125,711.2373335798817,697.7617936265457,707.7346837348819,2001971
2021-10-19,693.2861938476562,707.4915183757306,690.8051449926545,703.4536899009707,1518895
2021-10-20,682.7294311523438,697.3239035609656,672.7565416731187,693.7239218231601,2049982
2021-10-21,686.81591796875,698.3941641639702,679.2267445577751,688.8591204193588,1519098
2021-10-22,676.2592163085938,693.5779789970136,670.4700634953833,688.8591231643899,1592318
2021-10-25,666.821533203125,678.9349592249068,657.2864881629725,678.1565991086827,1798234
2021-10-26,684.480712890625,686.4266424226523,664.9241448477726,667.4538294853855,1717288
2021-10-27,687.4970092773438,695.4266973665049,683.5565131105177,685.6484115051016,1637432
2021-10-28,660.302734375,687.3997864196805,656.9459931800127,686.9133039098293,1919106
2021-10-29,670.7133178710938,680.345693960056,653.5891596963427,661.7133927096629,2550003
2021-11-01,678.740234375,680.1024088764159,664.5349717633649,673.0970502985309,1549276
2021-11-02,672.5133666992188,684.9186694682916,671.345796914528,681.0754461451734,1700560
2021-11-03,667.25927734375,678.2051318257179,662.5890579751226,675.4322057776438,1666668
2021-11-04,671.3944091796875,673.1457341013155,667.259308405119,671.3457728122936,153662
2021-11-08,653.8323974609375,674.9457471726263,644.2000214228894,671.3944016169158,4500837
2021-11-09,658.697265625,694.2104860021234,655.5351295640234,667.453950101551,10508221
2021-11-10,680.9295043945312,687.7889548795772,659.670243744692,660.6432087059675,8258832
2021-11-11,667.9890747070312,682.4862762195643,665.5080259609448,679.1295352642389,2324367
2021-11-12,669.3025512695312,673.2916834434226,663.0755524085151,671.3457537224878,1243951
2021-11-15,676.9403686523438,680.88086485013,669.4971629792501,673.2917500645661,1258305
2021-11-16,668.2322998046875,680.0538474185462,665.99449235021,678.1565539343993,1166157
2021-11-17,649.9492797851562,669.451171366828,648.3404094386983,668.9148812513421,1891189
2021-11-18,623.6216430664062,652.0456700658535,618.2586235959477,651.3630920484231,4597685
2021-11-22,611.9693603515625,626.7420676661676,605.04621234828,623.6217529758654,2200342
2021-11-23,634.7378540039062,636.3467244158771,607.4839475057348,609.5316223991714,1887108
2021-11-24,642.4410400390625,653.8009156987597,634.9328593872987,636.7367605537511,1931208
2021-11-25,652.2407836914062,658.1888367807383,638.7356881462088,643.026128073466,2955059
2021-11-26,661.6504516601562,673.9366797513205,647.511579474369,651.3632151797149,4938416
2021-11-29,638.5894775390625,669.8412475754994,635.7616793921871,663.0643282004406,2391475
2021-11-30,643.80615234375,655.5072865022128,632.4462774588908,636.7367171230121,2793791
2021-12-01,646.09765625,652.2407998239379,637.0780312265799,647.4628124919976,1469340
2021-12-02,656.7748413085938,657.8962237089139,644.7811917247001,645.5125125470722,1473264
2021-12-03,657.3599853515625,661.114075395504,652.8257720903981,660.4802401602717,1098651
2021-12-06,645.3175659179688,658.1888259733462,643.562407618383,658.1888259733462,1186164
2021-12-07,656.579833984375,661.6990799239303,641.8071885535412,645.3175048203619,1901564
2021-12-08,684.4676513671875,685.735262416387,655.2635568344288,655.2635568344288,2519705
2021-12-09,687.6854858398438,690.8545433782763,682.9563007038965,684.5164283014113,2342265
2021-12-10,686.807861328125,696.2175480737985,685.4915074171994,691.1470442240322,1881123
2021-12-13,675.935546875,691.3420287004345,673.7903269844855,688.5142307290682,1007377
2021-12-14,691.1957397460938,697.1925949633359,675.0091942145025,677.4956733844391,2663847
2021-12-15,675.6918334960938,695.9250470007571,673.7903870709582,692.2684421505168,1865950
2021-12-16,666.6721801757812,682.5174671941118,658.3351333706852,679.6409262631586,1995987
2021-12-17,662.6741333007812,671.8400445064495,648.7302952234666,669.987341332419,1879826
2021-12-20,669.451171875,671.8401654985782,647.999091118877,662.6742526422148,2719116
2021-12-21,676.4718627929688,679.2508585313956,663.259343177644,675.7405418602197,1515222
2021-12-22,700.2154541015625,701.9706721080275,672.66902985579,673.7904125249142,2412858
2021-12-23,705.0909423828125,708.6013189551844,699.7767239656373,706.9436460889301,1509479
2021-12-24,690.8057861328125,707.8211989255258,687.5391834908013,707.0410756279966,1485767
2021-12-27,708.01611328125,710.6488804109989,689.4893172412305,692.3171151796734,1979849
2021-12-28,707.1873168945312,714.354237975344,700.8979451928733,709.868826886203,1595111
2021-12-29,708.9425048828125,717.3283540081937,704.9933837234711,713.7692349731409,1860717
2021-12-30,705.4808349609375,713.281590565205,703.238129627719,709.6737291952228,1090975
2021-12-31,716.0606689453125,721.3749462197321,702.5556330460064,707.9186531455942,1771378
2022-01-03,713.86669921875,720.497389798373,708.9424836237743,719.7172665430891,1091773
2022-01-04,704.2620239257812,718.5959254123268,703.0431557639159,715.8168702942456,1134250
2022-01-05,703.3357543945312,711.9653776978146,699.3866329916983,705.0909128496731,1147149
2022-01-06,700.0691528320312,708.7474587265513,697.2900976207417,700.3616692976805,772910
2022-01-07,692.3170776367188,704.9933058187995,689.6843106497394,704.0182113432548,1252895
2022-01-10,718.9371948242188,721.569961993963,694.2673147833806,695.8274422465377,3081483
2022-01-11,701.7755737304688,723.5201707322141,695.6324898442429,722.5450761624942,2936101
2022-01-12,699.0453491210938,705.968497040191,693.7310715980985,705.8710113852945,1136954
2022-01-13,699.727783203125,708.4061479823611,697.68010857726,700.9954536539454,1022378
2022-01-14,677.8370971679688,687.4417560528979,667.4035720879843,668.9149569535999,5879939
2022-01-17,668.7197875976562,682.3223676007443,667.452176666966,681.3960159346476,2228627
2022-01-18,652.1432495117188,677.6907396579494,650.046831853462,668.9148883530263,3536203
2022-01-19,653.8009033203125,658.0913431958464,640.6371267433934,652.1432306631722,2051486
2022-01-20,644.7326049804688,656.9700311342062,643.6112223086889,653.8497163003907,1673792
2022-01-21,639.1257934570312,659.7490093764491,633.9090014259089,644.7325876349787,2118832
2022-01-24,594.51513671875,639.1257107064819,588.3232508496766,639.1257107064819,3355188
2022-01-25,601.487060546875,606.1187597455072,575.4032808493149,594.515170093753,3015220
2022-01-27,593.6376342773438,603.5348691686663,579.2062447948931,601.4871346143979,3349451
2022-01-28,608.3614501953125,622.110258112471,597.1478640381127,603.778494384579,2307397
2022-01-31,618.6487426757812,628.887235343626,609.7266038306403,618.2099382298642,1561664
2022-02-01,641.1246948242188,643.5624313064401,618.648776361148,628.740981591524,2183856
2022-02-02,657.0674438476562,658.6763736737522,641.1246716365538,644.5375025882313,1868238
2022-02-03,654.0447387695312,657.9451173831401,646.5852408649826,656.2387017396862,1567696
2022-02-04,646.09765625,656.6287255110071,643.5624341034916,656.6287255110071,695091
2022-02-07,633.5677490234375,648.4379424403015,630.8862387351505,642.9774362047207,961493
2022-02-08,633.9089965820312,641.5635251537708,627.0833341566869,634.7866055570254,827594
2022-02-09,639.7108154296875,649.8030804854052,634.8840851434792,640.58842439629,1460263
2022-02-10,667.354736328125,671.7914046442497,626.985798000751,634.7865544299982,8212849
2022-02-11,682.6149291992188,685.0039227545396,657.2624708481611,657.2624708481611,4099949
2022-02-14,663.454345703125,697.1925928225027,659.1151631175139,675.3992537619721,4769930
2022-02-15,675.2042846679688,678.4708278541674,660.5291224716037,667.7447869841919,1550707
2022-02-16,672.9127197265625,680.2747311317771,664.3318996587176,675.6917748806975,1704627
2022-02-17,657.8475952148438,679.1046455762852,656.189922493046,679.1046455762852,2199134
2022-02-18,642.064697265625,655.8930551677806,638.155627571466,655.7464411951817,3396636
2022-02-21,624.522705078125,642.6510029842728,622.9591011346533,640.1101316642145,1978935
2022-02-22,623.0568237304688,625.353437926726,601.1171585022649,610.7921296957127,2240216
2022-02-23,622.5681762695312,629.9954441911086,619.8806909582568,625.4511269875229,1200529
2022-02-24,591.6865844726562,613.1864681888156,587.435435312904,605.9546652615845,2494850
2022-02-25,610.8409423828125,617.6329623636548,590.3183281270582,591.6865262698412,1965799
2022-02-28,611.0364379882812,613.6750718811389,596.426278521083,605.8569327305491,1761801
2022-03-02,606.0523681640625,611.7205068383656,600.0421501302392,601.9966848212172,1459733
2022-03-03,604.3909912109375,614.3102188061312,599.7978228376783,614.3102188061312,1444017
2022-03-04,595.4978637695312,604.2444188914435,592.0285764439873,598.0876462274592,1318206
2022-03-07,595.1069946289062,599.4558464845622,570.9684779408957,595.4978657999567,2048437
2022-03-08,611.5739135742188,615.6784484937102,594.2274176047531,595.1069821045253,2395443
2022-03-09,620.80908203125,624.8158542939126,611.2807254003098,612.9420918193401,1946987
2022-03-10,616.0693969726562,629.3602098431966,611.5739311137464,629.3602098431966,1663339
2022-03-11,627.6500244140625,630.3375099214796,608.0558238258826,615.5807951761851,2310876
2022-03-14,616.9489135742188,634.9306580562379,613.1376064046952,628.3341029364052,1074965
2022-03-15,607.6160278320312,626.2818119851734,603.4626412324557,615.678484172384,1724237
2022-03-16,623.0079345703125,625.4022515032923,605.4171223000919,612.7466274126839,1785074
2022-03-17,625.793212890625,640.1102054674005,623.9364404496292,628.382995596242,3025169
2022-03-21,663.9555053710938,673.3372486926493,633.0738192796072,639.1328891799602,8041469
2022-03-22,671.871337890625,678.4678928444603,659.5577925025333,664.5418323863637,3270480
2022-03-23,676.7576904296875,690.9280680632332,666.9850161996559,671.7247393421533,3137915
2022-03-24,704.7564697265625,707.5416581960271,673.239593377361,674.3145637503574,4971872
2022-03-25,701.287109375,711.4018634314026,694.0553659189935,711.4018634314026,2510365
2022-03-28,690.6837158203125,709.4961127492704,685.5530621124149,698.990488490242,1895663
2022-03-29,677.1974487304688,698.7461827154465,663.5645567325708,698.2575490212399,4105866
2022-03-30,660.2418212890625,684.5269515891061,655.8930291449864,684.5269515891061,4622242
2022-03-31,653.35205078125,669.3304071521848,651.0066450164774,664.7372388473015,2679110
2022-04-01,666.83837890625,668.890676211385,647.928278791537,658.5316061012303,1700773
2022-04-04,676.6599731445312,679.7871811134465,665.6168037815007,668.5486059881102,1013158
2022-04-05,689.3644409179688,695.0325798516924,675.6826974549341,677.1485985402593,1703841
2022-04-06,688.2894287109375,698.4530336897851,681.9371905110752,686.0417255851355,1074896
2022-04-07,682.9633178710938,697.7200918154166,679.3474761073645,691.9053386920721,1368137
2022-04-08,684.7713012695312,690.8303712751435,676.1224487110433,685.0644695694848,1219823
2022-04-11,682.2304077148438,693.8110632057125,680.1781698545245,683.1099723107941,807005
2022-04-12,665.6657104492188,685.9928603505228,662.5872942936544,680.1781074164948,1549353
2022-04-13,668.2066040039062,676.1713574024725,661.9520686046188,667.0338711605812,918292
2022-04-18,658.3849487304688,670.4053238020526,648.9054446130655,658.678116971696,1051033
2022-04-19,647.09765625,669.4770447334694,637.178367920996,663.5645886784605,1532926
2022-04-20,655.4044799804688,663.9066596063325,642.2113685846008,648.9056271745452,1128217
2022-04-21,658.67822265625,661.7077277144444,653.889588573124,658.6293712161504,624963
2022-04-22,651.544189453125,670.1122701085146,649.8828229386354,654.7691599532116,1529118
2022-04-25,624.376220703125,651.446482348862,620.5648536484196,645.0453922447005,1270534
2022-04-26,623.59423828125,634.2464756763271,618.7079017968407,624.3760998368853,1526663
2022-04-27,614.7501220703125,625.9886985602549,610.9876659740543,623.5943812046015,1078875
2022-04-28,619.001220703125,624.9625282314086,613.3819329199653,614.750071548132,1148438
2022-04-29,614.7501220703125,634.9307202352359,612.7467355820753,620.6625786420078,1468005
2022-05-02,627.894287109375,638.1555945251703,610.2546229574699,612.4534745465688,2605546
2022-05-04,610.4501342773438,635.6147710231544,608.4466882940062,635.028374766688,1674595
2022-05-05,611.1340942382812,626.9169853033467,610.4500548329322,615.6784111318916,994525
2022-05-06,599.0159912109375,613.6750004110697,590.2694371253264,611.1340696944502,1519390
2022-05-09,600.3352661132812,608.3488695778142,589.7807916308608,596.1330288232396,1041710
2022-05-10,589.389892578125,607.2739321231509,586.3603877670604,600.3352984126427,990362
2022-05-11,571.1151123046875,593.7388176138198,547.5140799138574,583.4286581143647,4399756
2022-05-12,557.7753295898438,571.5059236712391,548.735606771261,570.724121735381,2430711
2022-05-13,549.7617797851562,569.2582769065987,543.4583929439526,566.7174054524356,1820308
2022-05-16,538.5720825195312,550.201589350666,532.8062401959345,549.322024762617,1884664
2022-05-17,523.4733276367188,542.432280167516,521.079010481281,538.5720618533617,3332778
2022-05-18,546.8787841796875,553.7685667024538,521.958466801224,524.2550808580345,6093958
2022-05-19,510.9642639160156,543.80048612375,509.00972901011494,543.80048612375,3701404
2022-05-20,545.266357421875,546.9277239303799,511.1108498834922,511.1108498834922,4256439
2022-05-23,546.096923828125,561.9286651049617,540.2333203661601,548.735557315541,2697633
2022-05-24,526.307373046875,545.2663854279793,524.7926204295457,545.2663854279793,1883502
2022-05-25,511.20849609375,531.6334063359419,502.4130904742215,528.7993073328068,1724714
2022-05-26,523.6686401367188,527.7243231458855,506.27329474773825,515.8016505823167,2614203
2022-05-27,517.658447265625,530.8515544527824,513.0652795005649,527.7242874862953,1977051
2022-05-30,516.1438598632812,526.7471884999902,510.3291062425125,525.7699209888584,2420706
2022-05-31,518.7335815429688,536.5198621258563,513.1142933695194,518.2449477887558,8161933
2022-06-01,528.4085083007812,542.2368065673913,521.0301511761209,523.9619534493106,5019989
2022-06-02,520.834716796875,533.9789763677752,515.0688147902921,530.6562430677658,2208144
2022-06-03,516.3881225585938,526.8937472009479,514.2381223301596,525.2323806768093,2594791
2022-06-06,515.0081787109375,523.139886795847,511.55836315976376,518.507265309412,2049193
2022-06-07,508.8970642089844,517.4723320288934,504.46158707730814,512.5440241048088,1461531
2022-06-08,515.4024658203125,517.4723310806315,504.855874850096,511.55836158256716,1201974
2022-06-09,522.2527465820312,523.9283832438301,512.5440044086772,513.5296659556169,1468744
2022-06-10,525.948974609375,529.7930786861701,513.2339768169106,517.4723094143988,1857317
2022-06-13,509.3898620605469,523.9283694964313,506.6300218335325,522.2527328785995,1552773
2022-06-14,528.0682373046875,531.1730956150948,505.4472900489002,505.4472900489002,4331977
2022-06-15,531.1237182617188,533.9328898604209,522.8934681336098,527.3289452431313,1617795
2022-06-16,515.205322265625,535.707071191839,512.5440239553933,532.2572556459853,1412513
2022-06-17,508.35491943359375,512.8889382768041,499.7303812948755,510.5726578121213,1787665
2022-06-20,502.4410095214844,516.4374165220105,496.23135336322594,510.5727178658733,1916739
2022-06-21,526.3924560546875,529.1522959291439,505.64429571851025,505.64429571851025,1983542
2022-06-22,511.06549072265625,528.2652960297012,508.65060800160916,524.9140228462066,1303737
2022-06-23,510.0798645019531,517.4723263063293,504.16589505845224,510.62196633560575,1324593
2022-06-24,518.9508666992188,522.2528092134514,512.5440658757716,514.515389206063,1386075
2022-06-27,513.776123046875,530.2366842489163,507.4185935210553,521.4150006557254,2008542
2022-06-28,513.8745727539062,515.0573785255851,501.0117028669006,509.78411383351784,1842702
2022-06-29,507.0735778808594,515.5009717930858,506.08791636691467,511.06549498033456,999484
2022-06-30,505.742919921875,511.55834716170455,503.08165177077,505.6443778303553,1748375
2022-07-01,514.9588623046875,516.4866255964932,499.2375493599691,504.9051029805413,831959
2022-07-04,521.661376953125,523.5341579679279,509.78416727084175,514.2196442595788,834130
2022-07-05,525.7518920898438,537.1855419461632,520.7249821150776,521.9077880009054,1534805
2022-07-06,536.1998901367188,536.9391363087823,522.3513572120642,523.0906033841277,1503092
2022-07-07,538.7132568359375,543.3951487527296,534.9184842936959,538.171155067046,705348
2022-07-08,538.7132568359375,545.4157427058713,533.3413898678285,542.113800891713,540202
2022-07-11,536.150634765625,542.0153332674588,528.0681976827624,535.9042193677329,1165686
2022-07-12,527.5753173828125,537.1362459558936,526.4417825948685,533.3414130884318,790069
2022-07-13,551.4284057617188,552.9561692418822,529.1524170367165,529.1524170367165,2639030
2022-07-14,544.775146484375,555.6666944952518,538.1712021186829,551.4283618951829,1449496
2022-07-15,540.8817749023438,549.8019998869551,537.8755192105143,542.1631228837784,772648
2022-07-18,545.4651489257812,552.7590086085563,538.7626019740296,546.0565218168139,1164667
2022-07-19,548.9641723632812,556.3566334504249,540.3396344282804,540.3396344282804,1222660
2022-07-20,551.921142578125,554.7302536548631,548.3234542110738,552.95607507166,800481
2022-07-21,546.894287109375,553.6461048248034,544.38086218816,550.5905179229285,774208
2022-07-22,543.0502319335938,553.9417798070516,540.1917894328648,548.0278106276169,593764
2022-07-25,536.0520629882812,547.535045246934,533.2429513566,543.7895430180214,808969
2022-07-26,518.6058959960938,538.1712554878277,516.6838437659205,535.3128126675688,1333286
2022-07-27,534.3270874023438,535.7070375981533,517.423028383704,517.472299427839,1101141
2022-07-28,535.9534912109375,538.0726876999591,528.2653428172928,536.1999066091954,774317
2022-07-29,539.1568603515625,544.085168033021,531.2715680612289,539.1568603515625,1193067
2022-08-01,550.14697265625,552.5125240844295,538.2697038339252,539.6496539536979,1028730
2022-08-02,566.9525146484375,572.1272375947801,539.4525343553005,549.0134630691155,2208777
2022-08-03,549.210693359375,563.3549142290518,545.070902322392,561.925692778663,2013835
2022-08-04,562.9112548828125,564.1926629523855,545.9085941196668,553.7446150251171,1491070
2022-08-05,560.4964599609375,578.5340541487795,558.3772635814889,565.7697251469986,2086017
2022-08-08,559.7079467773438,567.9875287440827,554.9767828649271,561.8271433997868,852643
2022-08-10,556.4058837890625,567.1988886066962,553.9417301850365,559.7078255544573,837442
2022-08-11,567.4453735351562,569.6138410045504,559.1165213004421,563.6012693775936,1320355
2022-08-12,584.9408569335938,595.3395742194992,562.9606164737162,566.7553893645895,6178620
2022-08-16,575.6263427734375,594.2553700539092,574.5421391370107,586.5671618683136,2162458
2022-08-17,571.5850830078125,580.5053068500005,568.9237851348947,580.5053068500005,1405087
2022-08-18,574.7391967773438,578.0411988994452,557.9829512717652,573.4578488589179,2189469
2022-08-19,561.1370849609375,578.5833056997274,558.9686176094488,575.5277790862689,1529162
2022-08-22,543.8386840820312,561.2356320681835,542.1137766109963,558.8700206153362,1143805
2022-08-23,551.4284057617188,552.5618805295769,538.5162024338607,540.1425681721059,922107
2022-08-24,553.3010864257812,557.8844366922913,549.0134827519545,552.3647560823066,886066
2022-08-25,546.9928588867188,556.4551851782545,545.5636376864338,556.2087698044123,1075944
2022-08-26,541.9659423828125,550.590480359369,540.6353234447163,549.9991075335491,1006835
2022-08-29,531.9614868164062,536.1998189414805,524.6675681565113,527.328866054581,1160446
2022-08-30,537.5797729492188,539.4524935875091,530.5815406356078,531.961490714348,1128565
2022-09-01,531.32080078125,539.1075504202894,529.300206809601,537.5797871812379,1251481
2022-09-02,527.2304077148438,543.0995352245521,526.3432882212537,538.0726851875662,1641113
2022-09-05,531.8136596679688,534.9677885555715,528.3145733132866,532.2572193827887,718490
2022-09-06,529.8423461914062,535.2634846347673,526.1461154345692,533.2428905196975,918567
2022-09-07,536.9391479492188,538.1219538821642,527.4768208056729,529.3002706722909,853942
2022-09-08,534.3270874023438,541.1281759731116,531.2715607459147,539.1568529276723,667973
2022-09-09,534.5242309570312,543.9866176573025,533.242883011371,536.1998675752047,1077978
2022-09-12,543.2473754882812,545.5636560162178,533.1443448213142,534.5242348651894,1082603
2022-09-13,545.21875,546.8450555794781,539.8468821307906,545.9579962161295,800942
2022-09-14,544.2823486328125,548.4221393930351,534.2285882608462,534.2285882608462,1051590
2022-09-15,539.3046875,548.7670133747471,534.5241933620283,546.0564443818768,881536
2022-09-16,525.4561157226562,540.9310131319792,523.8298103618057,538.8611480690773,1602348
2022-09-19,512.0511474609375,526.983943197765,510.5726552161032,525.4068487072731,1216676
2022-09-20,525.8011474609375,530.6308527907512,512.001886244319,512.0511572880918,1789366
2022-09-21,517.57080078125,531.6164763745556,516.0430375732765,528.4624078780943,1249210
2022-09-22,513.2340087890625,519.2465205042366,511.55837203171575,517.57088374689,1863596
2022-09-23,509.63629150390625,521.907789811939,507.6156973619425,513.3325223099398,1446716
2022-09-26,494.9499206542969,508.1085078134785,490.7115881982318,507.4185327252809,1109035
2022-09-27,495.6891784667969,499.73039676432353,487.2124832749123,497.2662429341247,1038212
2022-09-28,493.37286376953125,497.85764175139946,490.81016787132376,492.83076196337254,999988
2022-09-29,502.3916931152344,503.57446890144877,495.9848931798979,497.2169700905395,1950903
2022-09-30,503.27880859375,510.3755539193467,498.05478417351463,504.905144184199,2067693
2022-10-03,527.5260009765625,529.0044930980439,502.49017698881147,503.22942304955217,2467108
2022-10-04,536.4462280273438,537.875449118856,525.3575370483678,528.3145213094281,1932237
2022-10-06,534.7213745117188,544.8244050900507,532.5036360920849,542.0645648665073,1519683
2022-10-07,532.15869140625,536.1998796706475,529.3987909564107,533.3414371304596,620743
2022-10-10,527.7725219726562,530.5323624531835,521.1685771428162,527.3289622154263,500692
2022-10-11,503.0323791503906,528.0189055131274,499.43472050108215,525.4068783359551,1787991
2022-10-12,509.73492431640625,510.7205859237782,498.3997857516237,506.58079514081396,902926
2022-10-13,508.3056335449219,512.1990083944054,505.250046883301,510.6219139419553,728823
2022-10-14,506.6792907714844,518.7043733106393,505.25006953986264,516.1909484743417,1067832
2022-10-17,512.3961181640625,518.3594185003569,502.9337916165623,505.74290289035,1115302
2022-10-18,510.2769775390625,515.2545561499255,507.96063688647956,514.9588697278949,908829
2022-10-19,514.4168090820312,517.1273784608387,511.06553560422935,511.55836640037614,824859
2022-10-20,518.0144653320312,523.3863333275652,509.19278158010087,512.8397416974367,1124627
2022-10-21,516.9302368164062,522.3021045545289,513.7761076725536,519.3451197621689,668384
2022-10-24,516.9794311523438,521.4149076827262,514.5645485649133,521.4149076827262,111618
2022-10-25,512.4454956054688,518.3594652712675,510.9176719804624,517.4723457573936,747337
2022-10-27,521.95703125,523.3369814033126,510.0798222989998,512.7411203603865,1081592
2022-10-28,514.76171875,526.2939703404019,513.2832264989229,524.4704604680713,796476
2022-10-31,530.4337768554688,532.2572266234172,516.4866421308715,517.4723036616556,1471383
2022-11-01,541.8673706054688,543.838693463515,527.526008845182,532.2571716724932,1560415
2022-11-02,549.3091430664062,561.2849543804448,541.1281646313035,543.0994876354249,2619515
2022-11-03,550.3441162109375,551.8719397798435,543.8880449281709,548.4221242681352,567255
2022-11-04,545.6621704101562,554.8288702878143,541.8181267401728,551.4283261551349,740443
2022-11-07,549.3091430664062,552.5618139912057,542.2123682195687,548.0770661888305,1221573
2022-11-09,533.6371459960938,556.6030463043552,532.0600515419629,548.5206101869408,1308285
2022-11-10,470.94903564453125,531.46867362092,457.5440637930843,528.314544902932,15495814
2022-11-11,482.2841796875,489.87378558060925,473.7089423339902,478.04584709576557,6082265
2022-11-14,480.4607238769531,484.94547179755136,450.44731831601825,463.2609181805877,9264478
2022-11-15,485.19189453125,487.70531943384435,473.1175406297613,482.777011718951,3099612
2022-11-16,471.04766845703125,487.6068012385493,468.87923100421654,483.95984131880897,2711442
2022-11-17,467.5485534667969,476.5180794191361,465.7250736175846,474.05392559047164,1419707
2022-11-18,462.2752685546875,469.96341663937386,459.12113955173726,469.9141455937042,1216305
2022-11-21,457.1991271972656,462.8666812487742,455.0799608287893,458.33263199156653,1119439
2022-11-22,454.1435241699219,460.79673911977966,452.4186165903291,457.24835179718866,1095229
2022-11-23,453.0593566894531,458.1355080060597,451.088033453489,455.8684983167031,913212
2022-11-24,449.7573547363281,457.1498163860377,448.57457892037667,454.9320778911248,1229387
2022-11-25,457.3962097167969,458.6775877222885,448.77167154138044,452.02437255839584,1331398
2022-11-28,460.6488952636719,462.86663357715696,456.8540925779305,457.83975405059056,876607
2022-11-29,459.9096984863281,466.0207822242579,459.3182955233016,460.79678789086586,1069123
2022-11-30,460.6488952636719,464.1972825812482,457.3469233142605,461.2895692049007,1247749
2022-12-01,462.17669677734375,464.9858382229905,459.3182842859853,462.8173707716132,784540
2022-12-02,463.26092529296875,464.14801466582696,455.91773476430234,462.2752637497922,1440782
2022-12-05,459.1704406738281,466.02077042205207,458.48046555443705,465.52793964534516,1202935
2022-12-06,459.12109375,460.84600129641154,455.8684229801956,459.4660812752824,892965
2022-12-07,454.0450134277344,463.0638111193425,452.71436424175823,461.3389033064118,1171300
2022-12-08,452.27081298828125,456.26273027574746,451.1865792558819,455.9177427136199,718431
2022-12-09,447.4903564453125,455.07996262847917,443.6462823068272,453.40432591375276,1012624
2022-12-12,444.87835693359375,450.2009234111235,443.9419664073599,447.49035408571444,873776
2022-12-13,447.5395812988281,448.9688024715172,443.9419229261982,446.1103902061401,1014941
2022-12-14,447.983154296875,456.26270492794555,447.24390816767226,448.47598504967686,1316392
2022-12-15,440.4921569824219,452.3693971475223,439.16150782467145,449.2645390861031,1610317
2022-12-16,435.5145568847656,441.4777971618196,433.0996740829817,440.44286457819965,1430109
2022-12-19,431.424072265625,436.5494942752306,428.81204509534155,436.5494942752306,1370125
2022-12-20,432.1632995605469,434.5781522034909,428.2206535345138,431.4240534306657,1170207
2022-12-21,447.0960693359375,450.447312471806,433.1489649110713,433.1489649110713,2449850
2022-12-22,440.0978698730469,452.6157832429823,437.1408853050309,451.43297738377487,1734348
2022-12-23,431.2268981933594,447.9338723382226,429.64983380682344,440.09785152762277,1866834
2022-12-26,430.9312438964844,435.76097950019084,428.17137349436393,433.14898239532954,1147182
2022-12-27,435.36669921875,438.570099113151,432.01542603445193,433.1489608303185,1239728
2022-12-28,433.8882141113281,438.17581766896416,430.8326573764591,435.71166386342503,1005266
2022-12-29,430.8819274902344,438.12654567887773,428.8613334060561,434.6767303585716,1190306
2022-12-30,432.0154113769531,435.02169691616365,429.99481739027146,433.69104791225084,866456
2023-01-02,428.5656433105469,433.5925233887533,423.0459625219324,433.5925233887533,1245057
2023-01-03,434.972412109375,440.88638116636173,427.2842643672931,428.56561229763935,1449571
2023-01-04,434.8738708496094,438.5701015172568,431.7690130247838,435.41597264886343,959243
2023-01-05,437.53515625,438.5701189260248,431.4240726849153,434.0360697777339,781594
2023-01-06,435.711669921875,449.1166728264011,434.08533440360594,437.88013733290234,1929565
2023-01-09,435.2188415527344,441.5763705264671,433.7403492407038,437.8801397463906,587711
2023-01-10,443.54766845703125,445.4204192634051,435.8595209024433,436.3523516451733,1304312
2023-01-11,441.1327819824219,447.4903105408284,439.40787439773806,446.50464906386617,1344932
2023-01-12,439.9500427246094,444.5826340023168,436.6973415330239,443.7448457414573,844101
2023-01-13,428.91058349609375,441.67491158963986,424.1301193412135,439.9500040137553,1954518
2023-01-16,440.0978698730469,441.37921782051944,428.0235162203149,430.1919836021943,1437903
2023-01-17,436.450927734375,440.9357058906361,432.459010439245,439.6050567655915,820754
2023-01-18,437.63372802734375,440.2950262432952,435.56383275715973,437.63372802734375,604579
2023-01-19,438.8165283203125,442.31561474478815,434.87388217216954,436.74663307653685,1644372
2023-01-20,438.3236999511719,442.2170449957734,436.64806329703754,439.60504792433125,827992
2023-01-23,439.45721435546875,441.2806942649942,436.5002296632664,439.55578652787625,545319
2023-01-24,431.9661560058594,441.23136816773706,429.3048579014893,440.0978634492098,988604
2023-01-25,411.7601013183594,431.9661625440359,410.6265965826756,431.9661625440359,2350736
2023-01-27,410.38018798828125,417.5262341496816,403.13556965692993,412.2529388973373,1407633
2023-01-30,405.4518737792969,412.4993476575654,403.4312496077637,410.38018139766683,1228760
2023-01-31,402.2977294921875,408.26099953044815,401.2134958415946,407.4724522936526,2751698
2023-02-01,406.78253173828125,419.89181825751217,402.79058443219736,404.1212335342253,2601213
2023-02-02,404.1705017089844,408.60597863090715,402.1499075876652,405.55045192647384,981009
2023-02-03,398.4044189453125,405.8954228193132,391.5047879497826,404.7619180289055,1462669
2023-02-06,409.0495300292969,412.6471885545179,398.0594101180042,398.2072533297252,1399510
2023-02-07,412.647216796875,415.1606718881664,404.56480984292955,409.2959734218242,1663758
2023-02-08,438.66864013671875,444.2376516959529,409.5423547379013,415.4070527162089,4063207
2023-02-09,434.6274719238281,445.51902000477537,429.5020198386745,438.6686602094263,2102287
2023-02-10,462.12744140625,464.9365829471783,440.59072969913905,440.59072969913905,9947832
2023-02-13,465.8729248046875,469.66772778177915,458.332619975923,463.2116566721841,2869597
2023-02-14,466.020751953125,468.8298932850256,457.5440869937087,465.97148090940834,2037987
2023-02-15,467.20355224609375,468.5342012906431,460.8953246452692,463.11306302618425,1096959
2023-02-16,473.01898193359375,475.58170803433916,463.75376918167166,467.20358468036636,1600925
2023-02-17,469.4482421875,475.3994138033275,463.99300153965817,473.61407442626887,1008399
2023-02-20,461.1165771484375,469.8945607487224,460.3230997604029,467.1669406071731,833905
2023-02-21,456.2564697265625,464.19136485224186,455.0166423631751,464.19136485224186,1202669
2023-02-22,466.4230651855469,470.14254736406,454.32233772376145,456.20689957625353,2578321
2023-02-23,463.794677734375,467.1670024840238,461.56298823206276,465.18327848196844,1230699
2023-02-24,465.43121337890625,469.15069563819424,458.04182984943105,465.2824401423795,1335000
2023-02-27,454.4711608886719,466.4230853650301,452.28905247518065,465.43122340784765,1045308
2023-02-28,458.9841003417969,463.10032122780837,453.18170209562476,455.06623367689497,1828482
2023-03-01,459.87677001953125,461.21578965624894,451.9418747136173,456.1572878448841,1115997
2023-03-02,459.13287353515625,464.68730630254254,456.55402650716724,459.23206578031414,860657
2023-03-03,456.2069091796875,461.21579984450267,454.81827825509896,459.6288146944187,619301
2023-03-06,463.0507507324219,470.09297652969155,457.39712559127844,457.7938643117111,1331058
2023-03-08,458.289794921875,467.71248330361044,454.8678894079371,459.331268115075,1420770
2023-03-09,453.7768249511719,462.7035821633261,452.5369975605949,460.2239273821721,922942
2023-03-10,449.80938720703125,451.79311107563996,442.02326496889714,451.2971801084878,924012
2023-03-13,444.9988708496094,451.94190470300106,441.1306151851362,448.3216145332919,1433487
2023-03-14,446.7842102050781,456.40525258643385,443.4118554901299,445.3955793134061,1766299
2023-03-15,454.61993408203125,466.6710508067234,449.3134665578017,449.36304754796583,1812902
2023-03-16,469.3986511230469,473.1181333031027,454.2727569241531,454.5703033908682,3721230
2023-03-17,473.9115905761719,490.07895725956985,467.01816872378134,473.01892094476,4731255
2023-03-20,470.4400939941406,477.53193089901566,463.5466718491014,472.52301006867657,3067413
2023-03-21,464.1418151855469,475.69700093821336,462.40605675967606,473.0189615448942,1057090
2023-03-22,474.8539123535156,476.34170529039346,462.20767239005386,465.18325826380953,1406386
2023-03-23,482.1936950683594,484.0286457834738,471.87833653993374,475.10188797189335,2085444
2023-03-24,496.3773193359375,498.90655517196257,481.05304027515274,482.0449022138644,4123319
2023-03-27,507.2381896972656,514.7763464896879,496.030161891018,496.4764816021624,5489577
2023-03-28,507.2878112792969,509.8666281585424,494.2944135563776,506.64307679026064,2316841
2023-03-29,505.5024108886719,509.1722817542887,500.54310139252243,505.84956860724697,1309603
2023-03-31,513.8836669921875,516.5617064425923,506.6430866547604,509.7674761033078,1473003
2023-04-03,516.1153564453125,524.2982177702875,512.2471310511221,514.7763669893333,2011656
2023-04-05,517.2559814453125,520.6283361245722,513.2389528533785,516.7600504947417,1500752
2023-04-06,530.7453002929688,532.4314776999748,521.0250653810699,521.7193808473016,1856093
2023-04-10,536.3493041992188,538.1346434508616,528.6623747354297,531.6379603343157,917956
2023-04-11,538.23388671875,543.8378701563826,532.0843308028586,533.0266117198692,1416926
2023-04-12,557.0296020507812,558.8150018477743,536.2501443022702,538.1346455324546,3076765
2023-04-13,561.3442993164062,570.320638121763,554.5004274435647,556.4345704109722,2184774
2023-04-17,554.0045166015625,564.5678712810983,551.5744425561086,560.6995852056042,1419600
2023-04-18,572.7506713867188,574.2880452377834,553.4093641636846,554.7979345130396,2721527
2023-04-19,582.5700073242188,590.2073553352947,570.6676656566012,574.139181976323,3208261
2023-04-20,576.0238037109375,589.7610669366204,573.5441489381827,586.4879347442734,2249830
2023-04-21,583.3140258789062,588.6205239737931,571.4613232492593,573.2962437587113,2408719
2023-04-24,584.8514404296875,586.339233398943,578.553080536769,585.2481488984184,920680
2023-04-25,595.6130981445312,599.1341959426085,576.8668831632373,584.901001243127,2052267
2023-04-26,608.4577026367188,610.7389729289264,593.7781584320279,595.1171477991974,3391702
2023-04-27,612.4252319335938,614.6569215353563,605.333394094833,608.4577837526825,1860574
2023-04-28,611.9788208007812,618.1779579644844,601.1675013719033,612.9706827469738,2240326
2023-05-02,612.2763671875,617.235676917738,605.8788455278032,612.9211016678105,1046718
2023-05-03,611.5325317382812,616.938191991233,607.2179560579046,610.9870197212211,722188
2023-05-04,607.5154418945312,613.4666135702328,604.6886595639526,611.5820516575478,1025268
2023-05-05,594.1749267578125,609.6480104831076,593.232645737807,608.0114139463374,1157895
2023-05-08,613.9129638671875,614.9544068032775,591.3481045852931,594.2741094350307,1063230
2023-05-09,609.1520385742188,616.838968658532,607.0195111741588,612.4747518791553,814965
2023-05-10,613.76416015625,618.4755044003575,606.1764525914409,609.9950968686538,743829
2023-05-11,601.4651489257812,616.5910446247153,594.3733113171294,613.7642015644657,1099255
2023-05-12,604.2423095703125,609.3503622688002,594.174886603709,603.7463785973458,905934
2023-05-15,608.6561279296875,610.0942793691879,597.6960046255574,600.2748820953032,809844
2023-05-16,636.2298583984375,642.9249265447662,607.0195119338025,608.656108362729,4776013
2023-05-17,614.5576171875,639.2054220529527,612.3755694092737,636.18025532546,1410055
2023-05-18,594.9187622070312,615.4998968636341,591.4968265058344,613.9625230090231,1171793
2023-05-19,585.2481079101562,601.6138294257811,576.5197352095123,593.1334222026467,1923624
2023-05-22,597.8447875976562,602.0602008656613,577.412455737529,581.2311000119893,1617463
2023-05-23,598.5886840820312,609.4991654820351,596.9025066670681,602.0602008911234,1234348
2023-05-24,598.787109375,602.0106609173533,591.5465287875583,596.1090698321235,612181
2023-05-25,600.0764770507812,603.3496093633685,589.1659956498579,599.6797080571863,1162631
2023-05-26,609.8463134765625,612.9707029253,586.4383949912356,586.4383949912356,1570786
2023-05-29,606.3251953125,615.9958492832948,579.8921107820636,615.9958492832948,4209725
2023-05-30,645.4541625976562,649.6695758762426,607.7634085773551,609.0528170019388,9346787
2023-05-31,653.2402954101562,657.554931475668,641.8835238292081,644.2143753367545,3860137
2023-06-01,653.3394775390625,655.6207479127636,640.8916221939456,650.1655071963942,1657715
2023-06-02,657.1085815429688,658.2988280625107,647.0411579273444,653.1907144962673,1226863
2023-06-05,653.5377807617188,659.98488262475,651.6532190786869,657.653971012743,1148661
2023-06-06,658.5963134765625,660.3320718328637,647.7354133680171,656.6125896407898,550985
2023-06-07,666.5311889648438,669.2588091577803,657.1085010256087,663.5556032998221,1398313
2023-06-08,663.0596923828125,669.4076328753043,660.2329101310395,668.5149329334564,790344
2023-06-09,663.952392578125,664.9938354850469,656.364624684863,663.0101116476919,999923
2023-06-12,658.2987670898438,669.0108636966447,656.5134277451182,665.0434160246112,465732
2023-06-13,676.0531005859375,677.9376625611807,655.7199300189965,658.695515955622,1194564
2023-06-14,664.299560546875,677.8385007778803,662.5638020833333,676.4498697916666,918389
2023-06-15,679.8222045898438,684.3847453434203,664.9938563330466,664.9938563330466,2612876
2023-06-16,677.0449829101562,684.2359824730923,670.5978798537309,684.2359824730923,1523731
2023-06-19,672.531982421875,686.3684687183229,670.697062031577,674.4661253301439,2184061
2023-06-20,675.4083251953125,677.7391762802602,668.5148733696434,671.3912968918034,594270
2023-06-21,676.4498291015625,679.375833871788,669.1100266818559,675.7555136502205,1159396
2023-06-22,666.18408203125,679.9213453923616,663.6052047190932,676.4994096645355,1259872
2023-06-23,693.4603271484375,695.2952475950412,660.332112819399,662.5638022731634,4074717
2023-06-26,715.4795532226562,719.3974198127468,690.9309713392553,693.4106260749523,5022446
2023-06-27,712.3552856445312,719.3479004909412,709.1813152030651,716.1243490582001,1429322
2023-06-28,732.7379760742188,735.8127237381366,708.68532508295,712.156841720865,3205423
2023-06-30,721.4307250976562,732.737974915796,719.6949667814429,730.0103547046036,1890291
2023-07-03,706.6024780273438,724.951924118755,704.0731816218223,722.1746622255117,1100761
2023-07-04,706.8504638671875,712.9503787177065,703.081339914534,711.5618082695534,1015019
2023-07-05,725.6461791992188,726.7868446583474,708.9333295387975,712.6032308655059,1458729
2023-07-06,755.1044921875,758.7743935187445,719.0999154262612,726.0429490924458,3719464
2023-07-07,739.5322265625,757.0386137422428,731.0022382286706,744.8387241807156,3142157
2023-07-10,729.5144653320312,745.4834185358844,719.3478803291036,744.6899410823701,2256565
2023-07-11,730.4071655273438,737.3005576616553,729.0185345794318,731.9941204348581,1051143
2023-07-12,729.0681762695312,738.8380536313299,724.7040196412946,729.0185952755027,1495051
2023-07-13,718.5047607421875,736.8542052835265,714.6860562307884,736.3582743499768,1090657
2023-07-14,732.9363403320312,736.9037878087177,717.512900374102,722.868918144562,1288118
2023-07-17,730.8534545898438,739.8794346696175,728.919372215595,733.0355629903631,957397
2023-07-18,746.97119140625,751.0378616212965,724.505555130952,734.0274053943508,1220281
2023-07-19,744.9874877929688,767.5027662068621,739.9785970439922,750.9386595038595,3269001
2023-07-20,766.3125610351562,768.0979610753552,741.9623609141377,747.7647899678791,2310017
2023-07-21,773.2059326171875,785.1082754261138,764.7255254735167,768.6929730764922,2314570
2023-07-24,778.9091796875,785.5546668811796,764.7255658653908,770.2799685875548,1792192
2023-07-25,781.3392333984375,784.562784662855,769.3377282909082,778.9091595683409,1176168
2023-07-26,783.025390625,790.0180049262626,778.1652430899245,781.0912478084517,1123149
2023-07-27,828.750244140625,839.6111446522633,784.6123871565427,795.0765186709218,6337801
2023-07-28,830.1884155273438,831.180277433589,817.4925952350927,818.2860726523998,1999388
2023-07-31,815.5585327148438,834.0567833031428,809.6073606913849,829.2462162611088,1849215
2023-08-01,811.8390502929688,825.2291873472816,809.9049072774332,820.5674238206823,1021249
2023-08-02,809.5576782226562,813.3267412573796,799.0935475007533,807.8219199333874,1821101
2023-08-03,833.5111694335938,848.9346712602496,811.1942754523932,812.2357789356087,3828257
2023-08-04,834.701416015625,848.4387404136847,825.2291464542784,836.6851399253708,1920051
2023-08-07,861.1841430664062,867.1848957909095,832.2217618512715,840.1566574971467,2747477
2023-08-08,860.7377319335938,867.8791496152598,845.115907240519,862.9198401888868,1137073
2023-08-09,872.0946044921875,877.7978106062961,857.9605719485268,863.0190435908787,3119899
2023-08-10,866.6393432617188,878.8888136263483,858.5060634976677,869.9124754547604,1110206
2023-08-11,856.1256103515625,874.4750552261722,851.3150438856923,873.8303207854701,1781776
2023-08-14,864.5565185546875,880.4758912162807,843.7274169874008,859.4979861367044,3631606
2023-08-16,866.6393432617188,877.1530552850517,848.0915134498873,864.9035849204221,2868829
2023-08-17,859.4483642578125,875.6652826340262,857.0678714051352,873.8303622748215,1392089
2023-08-18,850.8191528320312,870.8547759583527,844.3720502765309,858.9524327789674,1630059
2023-08-21,846.4550170898438,859.7955119613594,841.6940312723987,851.0175578700376,1494034
2023-08-22,835.79248046875,841.0989175848317,822.0551563997498,836.2387699069931,2898526
2023-08-23,832.0233154296875,845.611835319623,829.2956952544191,836.5859164095672,1314776
2023-08-24,826.86572265625,839.9582517093512,824.7331952900906,833.3624061939604,895317
2023-08-25,821.7576293945312,834.1559038271585,818.236531563355,829.1965940541077,1481896
2023-08-28,822.2039184570312,826.9648433786888,813.5747079836516,823.1461993517784,1736298
2023-08-29,822.0551147460938,835.6436346215154,819.4267170848912,823.2453611108103,1490604
2023-08-30,828.1551513671875,834.4038695754864,821.9064331588886,824.0884810289506,1523473
2023-08-31,823.2454223632812,833.709553877197,816.7983196580267,831.1803180005177,1901171
2023-09-01,818.8316040039062,832.1225780780406,812.682047931718,823.2454016990183,1064301
2023-09-04,812.9299926757812,824.3364045770115,809.1609295465422,822.2535187930349,1692624
2023-09-05,844.6696166992188,851.7118729030935,813.425965115365,813.4756066438766,1884702
2023-09-06,856.2247924804688,862.7214758732105,843.7273566492167,849.0337936441139,2158917
2023-09-07,854.6874389648438,861.5312499729973,849.232198338507,856.4231973459508,1927370
2023-09-08,851.513427734375,856.7702836138639,843.082601717203,854.9849443296812,1037792
2023-09-11,860.7377319335938,866.2425532891787,848.1410738829176,851.5134285082291,1626866
2023-09-12,864.1101684570312,878.7897136426953,850.0257162435552,862.9199219742043,2376829
2023-09-13,895.1553955078125,900.3130896727216,863.9117445842711,863.9117445842711,5086869
2023-09-14,888.4603881835938,897.1391807000397,877.8970336481958,896.6928306915034,1481077
2023-09-15,891.5350341796875,897.535847035309,885.6830853611506,891.4854531929561,2310793
2023-09-18,887.3197021484375,899.8171994062096,877.5498858712137,890.6424761009723,1573211
2023-09-20,882.7571411132812,892.1798296981982,879.0376587771298,887.3196818969138,1612327
2023-09-21,869.3173828125,889.7992949235176,865.9450281043421,880.7733757611636,702319
2023-09-22,859.3491821289062,868.9206132271975,838.2721165637372,868.8710322394393,1427856
2023-09-25,866.5402221679688,868.7719115692088,845.2647711017909,859.5475469466572,1913142
2023-09-26,850.4719848632812,872.5409117905796,848.9841920367218,867.135252413058,976441
2023-09-27,873.08642578125,875.1197305413276,845.9590273949613,850.1247988884099,1669835
2023-09-28,866.4905395507812,877.7977895295919,860.9361370753512,874.822203802373,1404057
2023-09-29,906.908935546875,922.4315990363608,893.6676029373775,902.5943603474068,7776048
2023-10-03,901.2553100585938,909.9836823843175,873.9294671800527,909.5373324362837,2579401
2023-10-04,875.1197509765625,900.1642642009504,863.9613044904492,899.6187522582075,2293823
2023-10-05,870.1109008789062,882.7075598274763,865.2507530792499,876.8059690817362,1111578
2023-10-06,893.518798828125,896.1472571680148,869.9620779009083,869.9620779009083,1973985
2023-10-09,903.7350463867188,908.2480061836325,880.6246143565603,885.7327276507772,2758288
2023-10-10,893.6180419921875,910.52927624615,891.3863525896234,903.6854045295736,1358743
2023-10-11,892.5765991210938,901.8009032114516,887.8156132977934,896.3952434393143,1514502
2023-10-12,908.4464111328125,916.926818948852,901.9000857458102,910.5292970741376,2904639
2023-10-13,912.512939453125,914.4966632345448,899.1228039285411,904.1812753557834,1240460
2023-10-16,902.0984497070312,911.2731728074051,899.7179567953382,910.4796953496573,1232225
2023-10-17,900.8090209960938,914.4471225950979,897.8334351926746,905.5699461738747,956735
2023-10-18,892.5765991210938,904.379720083698,882.8067225237477,899.2220258007557,2354306
2023-10-19,876.4588623046875,892.8245849646473,873.6816003316305,889.3034265070468,1082100
2023-10-20,859.15087890625,875.8141484450798,855.480977388314,875.8141484450798,1222902
2023-10-23,867.6807861328125,877.7482087274104,852.05896106161,857.6630050644359,2406093
2023-10-25,854.0922241210938,872.8384375056262,847.8930874910823,871.7474136741216,1959691
2023-10-26,847.0996704101562,853.0012610097153,838.1233320386157,851.0175371469021,1937880
2023-10-27,847.4963989257812,857.9109487082026,844.6199752466867,849.9264726493685,1025711
2023-10-30,854.3402709960938,862.5727736559764,843.4794310161426,855.8777054575932,2023423
2023-10-31,842.5867309570312,863.1678665277885,839.9582725603258,857.9605912628982,1002465
2023-11-01,852.207763671875,855.4808958613945,827.8575659321473,843.0826220083309,2290941
2023-11-02,848.9842529296875,864.5068562104082,847.9923909741738,853.1500852505352,1397643
2023-11-03,847.34765625,857.5638222812357,843.181823930321,854.0427244478396,1177359
2023-11-06,866.68896484375,871.8466591214416,849.3809616078813,851.1663615590261,1807592
2023-11-07,895.2049560546875,897.6350298453837,864.1596903345752,867.1848570567514,2091026
2023-11-08,928.9282836914062,939.9875684888792,896.1472588270601,899.420391106896,4414035
2023-11-09,943.0127563476562,950.3525590505171,921.7373052458488,931.3583783438855,2550759
2023-11-10,971.7271728515625,975.9921671654289,933.8876149193522,956.1549279953998,5495149
2023-11-13,971.6278686523438,1006.7398032469757,964.0897426168083,969.0986329784762,3934167
2023-11-15,959.0313110351562,975.4466136413641,954.0223599273484,972.3718053779285,1931977
2023-11-16,968.602783203125,972.024719066713,951.1956179438549,960.2215375483803,2432781
2023-11-17,999.152099609375,1000.9870805188101,966.2223316794033,969.9418139490641,2294853
2023-11-20,992.9344482421875,1019.6454655208805,986.4680880864472,1005.7677103774445,3106595
2023-11-21,1021.93359375,1025.1667737740327,993.5810920007909,998.803921270382,1580297
2023-11-22,1050.2860107421875,1052.524365962808,1015.8153160569258,1029.6434014853555,3502535
2023-11-23,1023.42578125,1049.5399263365737,1019.6951890947753,1049.5399263365737,1884144
2023-11-24,1027.454833984375,1036.9056671189462,1023.6246623526885,1028.4496585248562,1332120
2023-11-28,1010.8910522460938,1029.3947657136616,1004.1759861252266,1027.4549062986093,2365708
2023-11-29,1016.16357421875,1026.5595031707526,1004.7728206918051,1012.7314172913442,2341505
2023-11-30,1036.1595458984375,1042.4766574256216,1016.2132653405652,1016.2132653405652,3149289
2023-12-01,1028.39990234375,1054.1658830722845,1025.6641347679868,1043.5709770820738,1227116
2023-12-04,1037.25390625,1040.5865444133267,1017.9542844846429,1036.6072459643274,1976331
2023-12-05,1020.6403198242188,1042.37733597651,1007.508682778632,1042.37733597651,1328945
2023-12-06,1011.388427734375,1025.962632035357,1004.1759495708101,1025.962632035357,1959229
2023-12-07,1018.6506958007812,1024.0725021981941,1004.4247156830086,1011.338698311665,2472883
2023-12-08,1012.1345825195312,1028.3999406056073,999.3510498492408,1028.3999406056073,979442
2023-12-11,999.2515869140625,1010.7417989611536,991.1437420933471,1009.7469743558769,2556055
2023-12-12,1006.0661010742188,1017.6558318970721,996.3665612701287,999.7987182677386,2407714
2023-12-13,1030.489013671875,1035.6123845305085,1005.0712578764842,1009.448510302459,2340828
2023-12-14,1039.93994140625,1044.3669840377286,1023.6745823877998,1032.8767105579525,1361652
2023-12-15,1021.0880126953125,1044.9140137324814,1017.8050428789086,1044.6653075778615,1906773
2023-12-18,1016.8599853515625,1036.6072292995493,1013.4775574365796,1021.0879898856537,1467996
2023-12-19,1027.504638671875,1029.6435360053952,1003.7780945212016,1017.0589796109507,1158237
2023-12-20,1027.454833984375,1076.3503629981908,1021.6848030741671,1029.6433993980165,3474204
2023-12-21,1086.4976806640625,1092.118463783916,993.3820642875947,1027.6537829389488,5048465
2023-12-22,1060.8809814453125,1094.2076056620976,1057.2996371604725,1094.2076056620976,2781842
2023-12-26,1058.1451416015625,1075.405323006888,1040.7357122281855,1058.2445997674163,1416282
2023-12-27,1064.0643310546875,1075.604271727685,1056.2051926989109,1059.5379521444343,1109660
2023-12-28,1084.060302734375,1088.4873450049818,1043.620780466343,1069.2375135545574,2344687
2023-12-29,1078.389892578125,1091.3226126920692,1067.297573731147,1089.2335052690657,1036184
2024-01-01,1074.559814453125,1088.2883210505172,1071.4758824852104,1079.434479273919,985073
2024-01-02,1086.2987060546875,1105.0512474793318,1076.4500393694223,1076.4500393694223,3350206
2024-01-03,1085.652099609375,1094.5557309173562,1072.0727199687717,1088.3380773674962,1736602
2024-01-04,1112.6614990234375,1116.1931748454708,1084.458246567057,1087.3432621266484,1766911
2024-01-05,1118.133056640625,1123.5051337493383,1095.3018807267808,1112.7113111652175,1501322
2024-01-08,1109.0802001953125,1129.1259405195597,1099.3309918099048,1127.136291285164,1775295
2024-01-09,1113.8055419921875,1124.1517416008242,1110.8708581448418,1122.2118823035678,1337843
2024-01-10,1117.18798828125,1128.0812687099988,1086.3484267169413,1113.8055604671326,2082640
2024-01-11,1102.2657470703125,1128.1311887885688,1097.5901196428208,1128.1311887885688,1879540
2024-01-12,1089.18359375,1107.2396829483207,1076.9969934659775,1107.2396829483207,1740303
2024-01-15,1143.7001953125,1157.5779507520344,1091.6708169892438,1094.307126627467,3335872
2024-01-16,1113.0594482421875,1143.700093639272,1109.4283142661964,1143.700093639272,1916355
2024-01-17,1083.0157470703125,1112.5619869867376,1077.4447539992896,1109.179559302657,2555372
2024-01-18,1118.978759765625,1125.047165543936,1055.9068557753376,1081.871753573389,3751754
2024-01-19,1142.7550048828125,1149.4700711410549,1109.428379749313,1124.1518328613254,1860722
2024-01-23,1127.733154296875,1160.2639919268686,1120.2223013499195,1153.897090131271,2687597
2024-01-24,1154.095947265625,1159.418234371598,1106.8915704896028,1127.7330964371074,3035259
2024-01-25,1144.8939208984375,1167.824677590939,1134.1498875722234,1157.876431119321,1951555
2024-01-29,1154.842041015625,1164.24320576583,1136.1394125584225,1145.0430436009276,2487620
2024-01-30,1150.067138671875,1171.0081256647393,1138.1292423169098,1151.012173557885,1317033
2024-01-31,1144.4462890625,1155.6877346207468,1115.3476683699907,1142.2079336246147,6067488
2024-02-01,1065.2581787109375,1149.072147205444,1030.041365287258,1149.0223574024333,10693504
2024-02-02,1061.2291259765625,1069.436428802254,1044.565814178946,1065.5565886333086,4136167
2024-02-05,1012.9801635742188,1068.7401317846357,1004.1262002186857,1046.55549430894,9198598
2024-02-06,1009.1500854492188,1043.471533704416,1000.0474161894786,1021.1874386655059,3897286
2024-02-07,989.1043701171875,1017.456871548759,971.9436455664996,1012.3832903171353,6590077
2024-02-08,997.4111328125,1024.4704351521177,992.4370097469694,997.3116746388997,3235131
2024-02-09,997.9583740234375,1015.7159697753841,971.9436850837907,1007.3594184101869,3018985
2024-02-12,1013.3781127929688,1030.5388373074886,994.874338624008,1030.5388373074886,7764030
2024-02-13,1021.0880126953125,1034.6176032189264,1012.7314616123723,1026.559548096951,3447523
2024-02-14,990.9447631835938,1014.6216373205207,953.5393823825366,1014.6216373205207,6714469
2024-02-15,1011.9356079101562,1018.7004031308419,991.2929972021826,993.7800587332638,3729561
2024-02-16,1028.84765625,1048.2467379016107,1015.3180646165891,1019.1481154241947,4276343
2024-02-19,1035.512939453125,1051.3306747131953,1028.8475418406365,1035.6621874292532,2374532
2024-02-20,1048.46435546875,1051.1542096112307,1021.2166608093343,1037.0073621124416,1754778
2024-02-21,1036.90771484375,1057.0321232093795,1032.5738854735764,1048.1653826787367,1584527
2024-02-22,1043.08447265625,1050.008432687866,1031.4282764783902,1050.008432687866,893988
2024-02-23,1039.896484375,1050.3073552096234,1035.21398829125,1045.0769889636188,1093551
2024-02-26,1038.003662109375,1045.0770861293377,1015.1892762305007,1039.8965810590632,3005755
2024-02-27,1041.689697265625,1049.0620474680275,1029.7345742175562,1033.1218834039357,912097
2024-02-28,1024.70361328125,1046.6213405886108,1018.377323687937,1045.6748203047796,1300541
2024-02-29,1024.255126953125,1028.6885579830496,1010.9550770909483,1024.7035170287616,1882782
2024-03-01,1022.5615844726562,1028.588886249996,1007.3686150725337,1016.7832261536452,2737303
2024-03-04,1086.8203125,1109.8338995594884,1067.990969773583,1075.9610516375649,3893794
2024-03-05,1079.796630859375,1094.591071019205,1065.3011174154196,1082.0382163870402,2278824
2024-03-06,1056.235107421875,1077.75442690784,1034.2177794063134,1077.2064351045772,1717312
2024-03-07,1054.89013671875,1069.6348369989814,1050.5065673154002,1056.0358603239367,1168234
2024-03-11,1060.71826171875,1072.87270999129,1048.2152682879787,1067.9910103414095,2372008
2024-03-12,1040.7930908203125,1080.9424297122916,1033.2713984942852,1069.8839646619595,1492814
2024-03-13,1001.8392944335938,1063.3583655684436,981.3661582254005,1047.0695346190614,2054014
2024-03-14,1007.5180053710938,1018.327465854273,986.6962020782855,1001.241577791097,1744256
2024-03-15,997.605224609375,1012.0011980700709,980.6189986978611,1006.2229005057748,2084432
2024-03-18,1013.79443359375,1021.1667839666111,985.5504790624097,986.1980725652468,2266012
2024-03-19,986.6962280273438,1013.1967277539987,982.5119225950026,1011.2042071487795,1633129
2024-03-20,1013.44580078125,1018.1780372557754,990.3325494179769,1000.2453516681003,2058203
2024-03-21,1024.4046630859375,1026.945175520295,1008.4644981363873,1024.4545247469277,1235122
2024-03-22,1016.0360107421875,1032.424565131088,1000.2453098055672,1000.2453098055672,1430882
2024-03-26,1049.1119384765625,1055.2887035786812,991.5778463912383,998.2528024411976,1859790
2024-03-27,1066.34716796875,1070.8802008950454,1037.7046848759478,1046.0732955632143,1497184
2024-03-28,1084.6783447265625,1095.139077327829,1060.0707652529127,1066.3471318453926,2060466
2024-04-01,1109.1864013671875,1127.3184121336108,1100.4193835319772,1108.8377345784465,2560078
2024-04-02,1097.330810546875,1110.8301856639164,1089.9585819420295,1110.3819171941464,1019400
2024-04-03,1133.3955078125,1146.3966312223154,1098.875065520312,1098.875065520312,2589939
2024-04-04,1119.3980712890625,1134.7903662021704,1111.0793219393797,1132.8475856097814,2299460
2024-04-05,1119.4976806640625,1137.7292932914013,1116.1104928437346,1118.8003470807737,1696633
2024-04-08,1116.060546875,1125.6744826258732,1099.9211794443095,1125.6744826258732,1961231
2024-04-09,1127.716796875,1132.9970251055383,1111.8763554109971,1119.7965761429984,770370
2024-04-10,1104.5040283203125,1130.6558617257476,1100.867653828795,1127.7666824743856,1589943
2024-04-12,1084.3795166015625,1123.7317999652998,1081.9387274181968,1105.9485772490061,1216798
2024-04-15,1081.2413330078125,1091.6522043121536,1068.040884267556,1070.9798034547707,2423299
2024-04-16,1106.94482421875,1113.0219878863609,1065.3012155480876,1070.9798507624203,1700783
2024-04-18,1110.33203125,1124.7778046489457,1091.7020135120513,1109.6844377748737,2027734
2024-04-19,1082.9847412109375,1104.8526048066312,1074.9647976432418,1104.8526048066312,1304443
2024-04-22,1072.22509765625,1093.5450914004678,1070.2325771495719,1086.172741202998,1267744
2024-04-23,1089.1614990234375,1092.3494831214582,1073.022131904786,1080.9423521064987,1150312
2024-04-24,1079.9959716796875,1092.8974932599804,1076.7581258701205,1091.104176166085,923839
2024-04-25,1099.273681640625,1102.8103328734246,1075.0645067735816,1077.0072874016198,1642872
2024-04-26,1127.0693359375,1133.246101206244,1099.8713808630273,1104.852682406791,1511617
2024-04-29,1147.49267578125,1152.1251889400921,1123.0344364809414,1132.7479745210294,2471250
2024-04-30,1149.186279296875,1171.4029330818178,1142.7105872158784,1148.488945718291,2442943
2024-05-02,1152.0255126953125,1158.6008060050335,1141.3157150363475,1143.7067639527368,713707
2024-05-03,1147.3431396484375,1165.225962465685,1140.7179846723404,1154.7652298551525,802670
2024-05-06,1158.8499755859375,1167.6171151988249,1137.3307766251717,1137.3307766251717,1284525
2024-05-07,1120.145263671875,1165.6245714890601,1092.9971700196725,1165.6245714890601,1676642
2024-05-08,1131.851318359375,1141.515116373005,1106.1478752276694,1119.5973894660365,1129812
2024-05-09,1111.129150390625,1150.6806352690703,1107.9909061534938,1131.7516897538214,1442692
2024-05-10,1123.3333740234375,1138.625945633939,1100.1204598896381,1110.8302583445293,1091418
2024-05-13,1173.196044921875,1181.0665252118843,1112.8226981540909,1123.283430768789,3504915
2024-05-14,1164.229736328125,1185.7489340060995,1147.6918400392096,1183.4077466760025,1704299
2024-05-15,1154.0679931640625,1168.563508029548,1147.6919027151055,1165.574727032894,1001585
2024-05-16,1155.612060546875,1160.6930852545145,1141.0666848142807,1156.5087191196233,699002
2024-05-17,1160.693115234375,1181.2160531636462,1153.2211629581495,1160.6432535736776,1301547
2024-05-21,1213.694091796875,1222.4113692877206,1180.7676407430736,1197.8535289478918,2431614
2024-05-22,1218.17724609375,1227.2431902350688,1201.1412197862073,1215.537132053428,1896537
2024-05-23,1225.250732421875,1231.3278960619887,1208.4139086609832,1224.3043337617048,706992
2024-05-24,1230.4312744140625,1241.0413488200668,1216.4337692104693,1223.9057211097966,1220847
2024-05-27,1191.8759765625,1234.0675756254461,1186.5460083205967,1204.3292302182576,4238829
2024-05-28,1216.433837890625,1221.5147411462765,1199.7464777066218,1210.4562760336687,2079792
2024-05-29,1214.3416748046875,1225.4001395461235,1198.6007137975168,1214.989268306883,1130292
2024-05-30,1196.010498046875,1221.215932448821,1192.4239852659557,1213.3454517040934,913732
2024-05-31,1181.2657470703125,1207.3678389706631,1158.30202093996,1200.9917489545728,2973908
2024-06-03,1222.8099365234375,1225.400189023001,1201.041672935506,1224.4039287067221,1782095
2024-06-04,1192.8721923828125,1228.33903314939,1105.3008916175586,1222.8596017451384,1434945
2024-06-05,1261.6640625,1269.783608230803,1192.7726387458142,1205.4749575129968,1565785
2024-06-06,1246.6204833984375,1266.196899767508,1229.2356692917915,1262.6602488938845,1165617
2024-06-07,1260.418701171875,1287.2678667231557,1246.8197242039812,1249.3602365304612,1879997
2024-06-10,1244.5283203125,1272.871998865843,1224.1049841264294,1267.24310383814,2468196
2024-06-11,1252.2991943359375,1262.3116589743606,1235.3627692733194,1245.424973958349,659538
2024-06-12,1244.2791748046875,1255.835890849097,1236.3589545631985,1252.2991183609513,728599
2024-06-13,1249.9580078125,1256.5831631201627,1240.8422017586336,1245.3253731018,556663
2024-06-14,1254.291748046875,1259.9206432008243,1221.6642224324708,1221.6642224324708,1525146
2024-06-18,1238.0526123046875,1263.3079079180036,1207.4674700826054,1250.4062642091517,4445748
2024-06-19,1217.131103515625,1243.382658496316,1213.3951275635875,1237.3552353148418,1022658
2024-06-20,1238.55078125,1241.4399605009285,1203.2832632110103,1215.4874521317151,791551
2024-06-21,1236.4586181640625,1257.5794092217182,1230.3814547346924,1240.3440576070382,672582
2024-06-24,1214.0926513671875,1241.439948237087,1210.5061385731724,1230.3316214554197,1623690
2024-06-25,1213.3951416015625,1223.3577442555884,1200.4936198101198,1222.4113456489767,528259
2024-06-26,1193.469970703125,1215.8360872745445,1188.9370593331334,1210.4063957032727,1956972
2024-06-27,1183.8062744140625,1207.4674559981854,1175.686728831908,1193.5696737764008,4916440
2024-06-28,1203.0838623046875,1210.1572858082397,1187.542226614705,1190.7302107923113,1204101
2024-07-01,1207.268310546875,1221.415158517129,1199.5472930277008,1209.5098962782483,1447616
2024-07-02,1208.5135498046875,1216.3839085205366,1198.501085606099,1214.2420462653984,529413
2024-07-03,1234.167236328125,1239.3477409405562,1203.9805023526224,1211.50231582459,1232716
2024-07-04,1249.9580078125,1253.1958537825647,1221.9132560874862,1234.1673064043302,848096
2024-07-05,1298.6751708984375,1306.8943184252578,1250.3066843829604,1250.3066843829604,2708670
2024-07-08,1300.5181884765625,1322.734719660747,1280.941649732458,1300.2192617482726,1486444
2024-07-09,1327.417236328125,1332.996269636128,1285.4248407309524,1299.9204766135488,1708700
2024-07-10,1332.099609375,1339.1730331109138,1301.1159386801853,1330.0074870888573,1296174
2024-07-11,1312.971435546875,1333.14570603575,1310.1818581423984,1329.0112015881089,487859
2024-07-12,1321.887939453125,1325.0261836846128,1306.097238203404,1312.9714585167092,479843
2024-07-15,1369.7083740234375,1404.6273442691568,1337.1804526893648,1354.913933702461,6364673
2024-07-16,1365.9227294921875,1382.8591545491827,1362.1867533766738,1374.8392105090245,1174233
2024-07-18,1331.4022216796875,1372.647420329428,1315.1631309682307,1365.9226636456813,1844711
2024-07-19,1325.8232421875,1348.6375055307446,1318.6999567933344,1336.333715275625,696142
2024-07-22,1339.5218505859375,1358.6001382617271,1309.5343179162098,1327.018735030034,1403561
2024-07-23,1352.67236328125,1358.6997864786772,1313.071018084837,1339.5217765407917,650569
2024-07-24,1348.637451171875,1361.58883441604,1343.1580197993437,1352.6723538280771,504760
2024-07-25,1357.70361328125,1361.290126111914,1335.237894410796,1344.4034407129159,530041
2024-07-26,1381.0159912109375,1383.8055687206922,1355.8604184174187,1360.6923782054375,862019
2024-07-29,1399.7457275390625,1411.7008511906417,1382.4107739215115,1384.8018229745885,2165307
2024-07-30,1394.2164306640625,1417.7282710768384,1388.3883322214795,1393.7681621737893,709701
2024-07-31,1428.7867431640625,1435.312175204606,1394.2164375535908,1394.2662992144483,1265697
2024-08-01,1427.4915771484375,1435.6111230903432,1418.7742993364734,1428.7369025501469,542547
2024-08-02,1437.9024658203125,1445.3744176867374,1413.743154785539,1416.7816755762717,1187900
2024-08-05,1415.9349365234375,1436.6073375316073,1403.1330161254766,1423.0083602564841,1856025
2024-08-06,1396.3583984375,1434.0668260992395,1389.7831048448659,1416.582530974313,846788
2024-08-07,1459.6707763671875,1466.5947366809594,1408.9611036950691,1411.3022910348031,2819701
2024-08-08,1473.7679443359375,1482.3854988381183,1442.5849475831267,1464.5026746872902,1977114
2024-08-09,1444.2784423828125,1482.7341854996746,1425.698285926403,1474.8637051659302,1983341
2024-08-12,1456.3333740234375,1484.427866201322,1435.212582421953,1454.5400568147181,2459665
2024-08-13,1500.1688232421875,1527.466258441478,1456.3333696080706,1470.480217362649,3867134
2024-08-14,1514.0167236328125,1519.2969518486943,1468.5375383980258,1501.26466480853,1961578
2024-08-16,1497.130126953125,1521.2894386008463,1416.1341180206039,1519.2969180525806,4458082
2024-08-19,1513.5185546875,1530.9033693804795,1484.726730153684,1496.4825283803273,1472094
2024-08-20,1531.551025390625,1537.4787255980475,1509.3343718004485,1514.3156733575456,1113655
2024-08-21,1505.847412109375,1534.190968408949,1484.5274178103386,1531.550975959939,1789751
2024-08-22,1528.11376953125,1533.8921276622827,1498.3754252087435,1513.319329050586,1063659
2024-08-23,1532.447509765625,1541.2146488506328,1519.844914549906,1523.3318255201561,852282
2024-08-26,1542.0614013671875,1549.3341498269895,1525.3740422042797,1532.2482622419093,738245
2024-08-27,1546.1461181640625,1550.3304843767162,1532.1487339696316,1537.8273690128974,434249
2024-08-28,1558.350341796875,1572.4474496286252,1539.1723306627384,1546.1461528933337,999085
2024-08-29,1557.3043212890625,1569.0103798818745,1549.2843771820815,1549.7327672879626,573393
2024-08-30,1563.5308837890625,1574.6889501085109,1545.1996705952813,1554.1660129778459,1757837
2024-09-02,1548.138671875,1578.5246115615253,1543.3068336574454,1574.8883586933648,728911
2024-09-03,1543.605712890625,1563.9294470667385,1540.616932029838,1547.1922256008086,1033542
2024-09-04,1544.3529052734375,1550.6791337610734,1522.28571563567,1522.28571563567,1069656
2024-09-05,1527.8150634765625,1553.1698399932118,1523.7801605321472,1536.3828779119417,1023539
2024-09-06,1531.650634765625,1540.965644401261,1510.5797047508725,1528.0641219493243,1043914
2024-09-09,1512.8212890625,1534.2408858454066,1507.0927922484668,1531.6007716866122,841713
2024-09-10,1512.7216796875,1528.9606497793084,1509.5335737258229,1522.2857543449159,877176
2024-09-11,1501.7628173828125,1540.4176444879856,1496.7815158269545,1527.8647888899852,979903
2024-09-12,1555.610595703125,1572.098752302133,1515.810045391442,1515.810045391442,4067763
2024-09-13,1561.388916015625,1586.0463578222204,1549.184727646704,1559.1473303968435,1185312
2024-09-16,1558.151123046875,1578.0264675629794,1545.4986657699583,1568.960523075174,1277762
2024-09-17,1546.644287109375,1562.435110492544,1543.2570993081056,1558.1511424655616,584857
2024-09-18,1533.39404296875,1554.0664438958229,1512.3729752644633,1546.644231799507,581463
2024-09-19,1522.3853759765625,1554.0665029085324,1505.3493487679334,1544.303103092972,692586
2024-09-20,1490.7540283203125,1535.0876102647887,1477.0554496296038,1532.0490894144036,2007987
2024-09-23,1475.41162109375,1504.851161174361,1464.5026196135786,1492.3979076062183,2358329
2024-09-24,1495.5361328125,1502.6594180856664,1466.1961948107287,1481.4390256298454,1153620
2024-09-25,1521.0404052734375,1525.7227800140524,1492.8960519418674,1501.3642644487115,1026040
2024-09-26,1509.63330078125,1524.5772054747338,1488.3133057624518,1524.3778804438693,853880
2024-09-27,1505.697998046875,1515.1624710097967,1484.0791979244614,1499.3717693891574,704353
2024-09-30,1455.2373046875,1513.2197244511399,1438.5998070876162,1506.3953660325217,1857748
2024-10-01,1432.9212646484375,1456.2336588087348,1401.7382680359453,1449.5587633207538,2603178
2024-10-03,1453.145263671875,1457.77789843559,1419.670941582584,1432.9212523495444,1525846
2024-10-04,1460.5673828125,1484.1288403477274,1436.8064786459222,1452.547439183832,923928
2024-10-07,1461.1153564453125,1483.2821484963758,1436.9063037128853,1461.5138848948347,1218725
2024-10-08,1485.673095703125,1489.9072017596134,1434.1166278388255,1447.5661411947297,661516
2024-10-09,1503.6556396484375,1514.3654373051534,1477.752873222892,1486.4701503853353,791236
2024-10-10,1460.4677734375,1510.2310495935114,1450.9535603108347,1506.2957483451157,1145802
2024-10-11,1490.2559814453125,1493.3942257889116,1468.7866444297747,1471.4764986592545,620340
2024-10-14,1483.6806640625,1497.0803165629504,1463.7554578974841,1490.5050228512564,741192
2024-10-15,1474.51513671875,1493.5436845267939,1461.0656223854583,1491.401700513915,574286
2024-10-16,1476.507568359375,1481.7876747740322,1458.7740870692699,1474.5150478375115,606484
2024-10-17,1463.15771484375,1481.4889286981124,1456.9310879648092,1476.50762719496,736438
2024-10-18,1467.1925048828125,1476.0095058872591,1444.577444568538,1454.540047634528,437609
2024-10-21,1454.7890625,1493.8922781843862,1443.1826060059504,1467.5909826751852,874694
2024-10-22,1442.1864013671875,1476.7567071148594,1435.810311056297,1454.7891186196105,661461
2024-10-23,1428.63720703125,1460.6669985827791,1424.1041742211605,1440.691931805476,623144
2024-10-24,1436.8065185546875,1446.4204545217983,1423.2076631052757,1426.6447124051442,451113
2024-10-25,1422.8092041015625,1451.4018267158167,1409.9075599550847,1435.7107266342314,470066
2024-10-28,1429.1851806640625,1436.9559375934823,1400.5426986693371,1417.0307327275864,1258823
2024-10-29,1407.0682373046875,1436.6073800876422,1392.8217877103837,1436.6073800876422,569909
2024-10-30,1399.8951416015625,1414.6397206175718,1379.8703345132253,1400.7419385076296,535058
2024-10-31,1391.2774658203125,1413.5937201712686,1383.7556521429667,1400.6423366727622,766784
2024-11-01,1395.4617919921875,1404.7270616828534,1388.7868964438992,1402.1865492023715,39844
2024-11-04,1401.9373779296875,1405.3246871091528,1377.2301966490584,1391.2275802209867,872401
2024-11-05,1391.7257080078125,1411.99970139241,1355.5615338902871,1401.7381721688241,999959
2024-11-06,1389.6336669921875,1407.267547420969,1387.09327617379,1394.8640336118265,1415063
2024-11-07,1345.549072265625,1393.6186294330982,1341.0659011308346,1390.28118191107,870337
2024-11-08,1322.58544921875,1352.8219258996394,1314.5655049198688,1349.9327466210095,2540891
2024-11-11,1284.2293701171875,1355.6113223071143,1252.7474477933642,1326.0224404629666,3249749
2024-11-12,1262.6602783203125,1297.5791274781277,1253.29540755004,1284.229337280162,1007201
2024-11-13,1244.77734375,1269.0363785774227,1235.9107246519745,1269.0363785774227,803439
2024-11-14,1244.3291015625,1267.4921532929468,1237.2058161699458,1245.7238902905353,832369
2024-11-18,1230.780029296875,1250.0576422545478,1227.7912483231642,1240.543307509378,1362480
2024-11-19,1245.4249267578125,1262.6104162435656,1227.4425020323054,1234.5159255558551,879809
2024-11-21,1215.4375,1249.3103483606558,1211.4524590163935,1249.3103483606558,397961
2024-11-22,1219.1236572265625,1226.7949343586229,1211.0539732731413,1215.4375428323467,494219
2024-11-25,1237.106201171875,1250.0077231365212,1227.293061748678,1240.3440470779017,1756461
2024-11-26,1222.859619140625,1241.4398974893838,1213.5944716026445,1237.1061896398605,1342648
2024-11-27,1218.8248291015625,1231.9256758722886,1213.5446010663675,1224.4038622471373,1024328
2024-11-28,1233.768798828125,1239.3478322712144,1216.184779939779,1222.411406910595,954650
2024-11-29,1257.878173828125,1264.40372714487,1236.3589766396708,1236.3589766396708,1170576
2024-12-02,1250.0576171875,1265.0513834171406,1237.3552983039451,1258.2767647003886,985151
2024-12-03,1259.5718994140625,1271.726225979628,1237.3552468990977,1260.2692329527845,2128922
2024-12-04,1254.690185546875,1265.8482517224681,1231.3776713300033,1264.9515931730116,1411867
2024-12-05,1238.9991455078125,1261.8135306838185,1229.3353476366262,1261.2655388736985,987143
2024-12-06,1241.53955078125,1250.1572267931797,1232.8721347220603,1245.424990316469,572093
2024-12-09,1234.8646240234375,1254.2916995929872,1232.3739733093926,1242.7848446485784,539252
2024-12-10,1232.4736328125,1242.635561170633,1225.9979406523034,1236.4586741418518,620064
2024-12-11,1221.265625,1236.1099273134682,1219.4724294861824,1231.3776910412628,811906
2024-12-12,1210.0577392578125,1229.3852134516944,1206.2221614154287,1226.4960342512913,719135
2024-12-13,1203.8809814453125,1214.2918530264783,1168.712943900066,1211.5521371773498,954145
2024-12-16,1240.045166015625,1242.6355401268843,1215.4375848691257,1220.4188864464581,1105189
2024-12-17,1209.2109375,1244.4287147349114,1206.1225548969117,1240.0451450980408,513147
2024-12-18,1242.884521484375,1251.701400359582,1198.6505421345257,1201.6890629237373,2270635
2024-12-19,1250.0076904296875,1269.2355619525104,1226.3963710859812,1236.9069653975916,1171731
2024-12-20,1237.056396484375,1270.530840683987,1231.0788345364172,1250.1075040284638,1843118
2024-12-23,1248.2642822265625,1260.2692673715526,1233.3702395304208,1258.924340302257,788664
2024-12-24,1257.728759765625,1264.3539150448073,1241.6392533053604,1254.092506982844,565043
2024-12-26,1251.552001953125,1266.1472396717973,1241.4897972452582,1263.2580604788557,233825
2024-12-27,1265.20068359375,1270.2318466121271,1246.4710634512019,1250.306641175074,647408
2024-12-30,1293.44482421875,1302.3613054518219,1261.2157055229475,1268.239389435968,2681922
2024-12-31,1329.5093994140625,1335.8356281345973,1291.5020438154322,1297.1309389562452,2558819
2025-01-01,1348.189208984375,1350.4806562485282,1322.0373769238984,1329.8579957125567,949066
2025-01-02,1343.7559814453125,1351.1282105945957,1328.4135480440239,1347.9402261848413,1145912
2025-01-03,1314.515625,1344.9514262923615,1308.7373881368064,1343.7559625589581,931933
2025-01-06,1307.8905029296875,1320.0448293163633,1295.2379248049413,1319.0485690678229,732526
2025-01-07,1292.647705078125,1323.0336434248557,1289.0113307564934,1309.0859995935693,1332147
2025-01-08,1276.8570556640625,1302.1122302992865,1257.380117881316,1297.1807903908834,635389
2025-01-09,1243.7313232421875,1290.0075633140716,1240.3440140617488,1272.3239438364844,872743
2025-01-10,1195.0640869140625,1250.0077449566932,1178.6257920272876,1243.7313780591169,2358646
2025-01-13,1157.0567626953125,1187.1936374462766,1148.1401598420312,1187.1936374462766,2921597
2025-01-14,1170.107666015625,1178.2769514367956,1150.2323226330382,1158.6008114590957,525458
2025-01-15,1143.258544921875,1175.338077628014,1140.219902390559,1172.100231684135,974366
2025-01-16,1151.975830078125,1158.1525952740644,1143.80642267436,1150.2323745583576,383031
2025-01-17,1173.9432373046875,1177.380408123873,1139.8711855151425,1151.6768451150585,656989
2025-01-20,1197.5546875,1202.6355904749046,1169.211010292786,1175.6369619022307,617523
2025-01-21,1182.5609130859375,1215.2880378742752,1180.5185309342455,1197.6044184915665,456276
2025-01-22,1187.343017578125,1190.2320750193423,1166.371690617425,1182.5609197205924,603526
2025-01-23,1240.1448974609375,1252.4486881147748,1192.8722722141404,1210.456291220058,1314811
2025-01-24,1207.6666259765625,1239.3477505608569,1202.486121323918,1235.362709562269,553259
2025-01-27,1171.9010009765625,1200.095093570611,1154.9147147749384,1195.5123206641588,776135
2025-01-28,1134.3419189453125,1171.0540855670704,1130.7554062965596,1170.7054187953781,720351
2025-01-29,1151.8262939453125,1157.5049286340047,1128.8127068610047,1132.7478861400705,540377
2025-01-30,1178.725341796875,1188.8871477245164,1155.2633642103792,1160.6431938954013,1023976
2025-01-31,1167.5174560546875,1185.0017511441702,1157.7540565848865,1175.686741772338,931694
2025-02-01,1138.3270263671875,1175.0391951285535,1132.2000010276715,1175.0391951285535,404202
2025-02-03,1121.19140625,1134.0431889047875,1095.985971108333,1130.7554811510706,619531
2025-02-04,1166.919677734375,1170.555930350425,1126.869942775681,1126.869942775681,751116
2025-02-05,1187.293212890625,1207.3678822645682,1159.3979244820346,1165.7241530662216,1184630
2025-02-06,1187.343017578125,1205.1759788068814,1181.66426117058,1186.5459607306027,1115974
2025-02-07,1187.2432861328125,1215.3378980293032,1170.9544554386841,1180.568391132268,1233173
2025-02-10,1172.747802734375,1191.3778211629713,1151.9259387405423,1187.5422434410607,567422
2025-02-11,1143.4078369140625,1174.5908312928009,1132.996965977725,1174.5908312928009,424894
2025-02-12,1140.269775390625,1150.879850298117,1116.4092682293876,1145.7989470891844,614174
2025-02-13,1175.5372314453125,1203.4823800582446,1141.7142446579041,1141.7142446579041,1684066
2025-02-14,1127.1190185546875,1194.5160493304988,1118.8002697232278,1186.4961056081556,1239852
2025-02-17,1165.2259521484375,1168.6132612865206,1105.3008744016502,1127.1189979760509,699945
2025-02-18,1158.9993896484375,1166.2721384460979,1134.3419473518052,1156.7578039851073,547034
2025-02-19,1130.95458984375,1134.2921589802263,1048.7631190233087,1110.8301813914165,3754940
2025-02-20,1117.056884765625,1129.51013877639,1102.8601751933527,1120.7928609688545,726288
2025-02-21,1110.979736328125,1122.6359335961217,1092.4493184293924,1113.8190539586565,1093980
2025-02-24,1097.6796875,1122.785399336535,1092.4493207329042,1110.7306735865623,513334
2025-02-25,1077.0072021484375,1105.6496846082764,1071.9760391925802,1095.786683716737,856818
2025-02-27,1076.658447265625,1085.92371661252,1061.8640062749034,1077.6049675098548,884839
2025-02-28,1054.34228515625,1072.324709938152,1049.36098384041,1071.8764414652471,795117
2025-03-03,1058.526611328125,1065.9985638786764,1032.9227692337597,1057.5303509880514,1226600
2025-03-04,1047.8167724609375,1060.618693016829,1027.194232858358,1041.1418770841274,730626
2025-03-05,1088.9124755859375,1100.81773717212,1046.1231456162564,1048.0658044980844,916437
2025-03-06,1110.33203125,1115.1141290206874,1094.740534258723,1103.8563397263347,516119
2025-03-07,1093.2960205078125,1114.2174857163836,1087.9161908457056,1103.6571514100553,886545
2025-03-10,1089.1116943359375,1110.7306154771964,1083.233855948614,1091.0046131991894,551628
2025-03-11,1086.5712890625,1094.8900380039186,1079.298540437517,1083.9311750211677,714336
2025-03-12,1103.7568359375,1108.7381375514306,1076.2102136897022,1085.9237518368668,895448
2025-03-13,1090.656005859375,1112.922400107937,1085.923769250257,1104.8527156867292,516686
2025-03-17,1107.54248046875,1119.4976035679415,1088.5637955170641,1090.904982801229,799921
2025-03-18,1107.54248046875,1107.54248046875,1107.54248046875,1107.54248046875,0
2025-03-19,1159.44775390625,1162.0877463376178,1128.7628888644147,1138.7254915904907,665692
2025-03-20,1169.759033203125,1175.537269864367,1153.4203402727435,1165.6245287144116,377212
2025-03-21,1195.8609619140625,1200.194669661224,1173.59456973964,1173.59456973964,1526252
2025-03-24,1205.076416015625,1226.0974836994283,1199.8460495211007,1204.478684167583,498642
2025-03-25,1190.481201171875,1219.372749977017,1166.77027891387,1219.372749977017,894235
2025-03-26,1153.1214599609375,1204.3791264475626,1150.6806708198735,1186.5460423778954,811910
2025-03-27,1159.89599609375,1166.2222243586605,1127.6171396701202,1145.6992875308674,1209073
2025-03-28,1156.1600341796875,1171.6020682424062,1144.1550493757306,1160.7428070626372,691447
2025-04-01,1129.9085693359375,1181.763841575908,1122.237292561635,1152.1749612553367,1120912
2025-04-02,1153.5198974609375,1157.6045401324457,1113.221219297155,1128.7628547574634,1036861
2025-04-03,1171.9508056640625,1262.5607549338752,1168.663219569181,1224.4039359491708,7501804
2025-04-04,1101.21630859375,1175.0391731922475,1046.1729265033377,1172.598384079915,7151515
2025-04-07,1089.9586181640625,1105.6497177206797,1006.2228922021169,1006.2228922021169,2733813
2025-04-08,1092.8975830078125,1124.6783118865903,1087.0694843947535,1096.185290745338,679847
2025-04-09,1054.0433349609375,1072.4741494191392,1038.3023745078729,1052.1504161803084,2530340
2025-04-11,1078.40185546875,1105.6496705089007,1069.086846484227,1095.3881413216682,1559821
2025-04-15,1130.45654296875,1133.7442506892073,1094.890097985447,1105.848961568559,1142896
2025-04-16,1129.161376953125,1148.488849873934,1115.1141319340034,1133.7441497206244,1166098
2025-04-17,1167.218505859375,1169.6095548257315,1127.1688917246622,1129.2610139650483,769623
2025-04-21,1196.707763671875,1199.0988125946699,1162.6357117668997,1175.5870950170881,653501
2025-04-22,1183.25830078125,1210.854783852355,1178.575926051925,1196.7078147302789,494883
2025-04-23,1242.1373291015625,1248.3140940098021,1178.3766730627538,1199.4973417300891,1339975
2025-04-24,1253.09619140625,1273.8183316431084,1235.1635069018032,1242.1373286535327,1338298
2025-04-25,1215.537109375,1264.1546583274219,1205.474905150635,1253.195795553325,780001
2025-04-28,1242.5357666015625,1255.4871501793464,1210.3566326804275,1211.4524946604024,1117663
2025-04-29,1205.076416015625,1239.4473958367844,1198.8996508961848,1233.7687608596798,1423459
2025-04-30,1224.5035400390625,1230.3815002740648,1207.4675128195681,1208.7626998864328,1099983
2025-05-02,1202.6854248046875,1243.8310251843845,1199.9955705523357,1229.3852503624594,522378
2025-05-05,1237.355224609375,1246.3215668166893,1210.3565962856662,1215.4374992137177,975562
2025-05-06,1205.5745849609375,1220.4188880030836,1181.6643373592444,1220.4188880030836,1470105
2025-05-07,1192.6231689453125,1212.4487730408866,1182.0628341931076,1182.9594927769506,878978
2025-05-08,1153.2708740234375,1202.585757807246,1147.1937106475875,1195.9108625870801,996518
2025-05-09,1160.0455322265625,1162.6357847163652,1121.7891119028511,1143.7068387783952,645513
2025-05-12,1201.3902587890625,1205.2756980835602,1115.7118773609989,1150.9795145041478,2357817
2025-05-13,1219.223388671875,1246.7201482882604,1215.5371526392864,1220.4188523715334,1737594
2025-05-14,1215.4375,1228.9866150215023,1203.7813037684707,1225.4001024590164,763945
2025-05-15,1212.34912109375,1225.101179310176,1205.1759743340729,1225.101179310176,831085
2025-05-16,1196.707763671875,1220.8173346905055,1192.5235192673342,1217.6292289221792,1046820
2025-05-19,1201.3902587890625,1221.315463772333,1196.9070876678265,1200.4936002420554,750206
2025-05-20,1187.343017578125,1215.0389796294173,1185.5497004781002,1204.976775401901,1035751
2025-05-21,1199.5970458984375,1219.3230491909012,1182.7602219022776,1182.7602219022776,1378799
2025-05-22,1183.7564697265625,1206.2720503665487,1171.60214240496,1203.482472810537,654454
2025-05-23,1192.6231689453125,1196.3094049869326,1174.7900854299205,1189.534786368791,395839
2025-05-26,1176.4837646484375,1203.681596761782,1171.1039349249163,1195.5123112802207,590169
2025-05-27,1186.7452392578125,1203.183534464667,1160.6432676354818,1168.5137484512225,2537489
2025-05-28,1143.507568359375,1186.2470359713877,1137.7292102397823,1185.0515723119274,1847701
2025-05-29,1168.513671875,1171.8012577326406,1142.7105070700138,1155.6618903236408,1501372
2025-05-30,1143.507568359375,1169.6095383725958,1140.0206574698486,1167.6170178642951,2022281
2025-06-02,1132.5487060546875,1150.6805940425652,1126.869949635288,1146.695553024236,1025524
2025-06-03,1139.5225830078125,1148.5885274406876,1124.678280173075,1132.5487608880921,1839557
2025-06-04,1134.4415283203125,1148.4888955114327,1130.8550156473086,1140.7180167084216,1100512
2025-06-05,1155.163818359375,1157.1563389602536,1137.5300596871218,1137.5300596871218,709774
2025-06-06,1156.7578125,1170.2073265789832,1145.6993474689307,1156.5586090850932,392642
2025-06-09,1156.7578125,1169.509993013003,1153.7690315935592,1157.5548693872402,412132
2025-06-10,1166.521240234375,1168.115232433484,1148.1900259100983,1157.6544990087066,564177
2025-06-11,1156.658203125,1189.833719612092,1152.075430088265,1189.833719612092,1341981
2025-06-12,1150.8798828125,1175.786391024455,1146.6956380784154,1160.4440792569385,973800
2025-06-13,1145.8985595703125,1150.6806577023908,1131.353183371468,1136.7330133666042,1133056
2025-06-16,1141.1165771484375,1152.6731723583964,1133.345698127465,1147.7914725433654,878308
2025-06-17,1105.550048828125,1145.500185687249,1090.3073386195647,1141.1166158757205,2690978
2025-06-18,1101.16650390625,1119.6969202492364,1096.8825361820896,1105.5499517189348,860388
2025-06-19,1078.4517822265625,1107.243729418929,1074.4667409989354,1101.8638994388712,976481
2025-06-20,1093.0966796875,1098.8750376880425,1076.9573125482991,1083.8315324830692,2471302
2025-06-23,1095.58740234375,1101.2661590172613,1083.1341486042156,1090.0083689911999,344580
2025-06-24,1100.070556640625,1114.3171273433752,1096.9821740838468,1097.8788326619576,400107
2025-06-25,1116.0107421875,1117.9036610849646,1102.6609514253737,1112.822757865101,816881
2025-06-26,1118.99951171875,1130.755431813968,1109.9335673811524,1127.7666509369267,1110836
2025-06-27,1116.8077392578125,1134.541220337578,1114.8152187595826,1124.4788945304772,1627657
2025-06-30,1130.5562744140625,1155.5623844469492,1125.7741761706454,1145.6993828285329,1653812
2025-07-01,1128.2647705078125,1134.2423322058671,1107.841434706126,1132.8475434868935,961883
2025-07-02,1153.66943359375,1163.2335082023358,1126.8700070571097,1128.7629259600335,1558073
2025-07-03,1151.7764892578125,1159.6469698190358,1139.9209675631905,1159.6469698190358,1234364
2025-07-04,1186.844970703125,1192.5236058951975,1154.2671851928405,1155.7615756764185,1933477
2025-07-07,1180.6680908203125,1188.5385717371425,1171.6021461549703,1183.5572700953273,697326
2025-07-08,1143.4078369140625,1167.5174078613802,1126.4714127139118,1164.727830524071,2226072
2025-07-09,1138.3270263671875,1160.1451518715614,1131.0543989416026,1147.6918977724679,1453848
2025-07-10,1125.674560546875,1146.6956289883656,1122.8849830037257,1138.7255464237203,869017
2025-07-11,1120.5936279296875,1134.7404754664512,1111.0294318111823,1130.7554342883425,1058978
2025-07-14,1134.3419189453125,1143.4078630783217,1118.4017546274756,1120.4938768714312,819943
2025-07-15,1147.69189453125,1152.6731961568196,1129.7592086791992,1135.8363723396324,847119
2025-07-16,1148.5885009765625,1152.5735420960136,1139.522556752572,1147.4926389914742,580099
2025-07-17,1149.883544921875,1162.4365215050225,1146.994487455209,1148.6880812538616,549875
2025-07-18,1135.2386474609375,1151.4777395058588,1132.4490698879097,1150.6806825953338,421109
2025-07-21,1134.2423095703125,1144.304513905137,1127.8662195635382,1134.740439701876,330975
2025-07-22,1097.2811279296875,1138.0281988636013,1095.8863391752484,1134.7404912005527,1119847
2025-07-23,1113.2213134765625,1114.9149073865797,1099.9710024847477,1099.9710024847477,547355
2025-07-24,1109.93359375,1125.7741570974065,1107.6422679914494,1115.9111556460923,1069867
2025-07-25,1118.60107421875,1126.4714330214283,1102.8601133857899,1115.9110985348939,695747
2025-07-28,1122.785400390625,1130.7554830908248,1114.5163909436437,1119.79661937805,740682
2025-07-29,1153.76904296875,1156.3592954571084,1117.7044683209886,1117.9036717378594,800744
2025-07-30,1153.66943359375,1158.351808383366,1138.2273988608458,1156.7578162175696,672250
2025-07-31,1135.5374755859375,1168.314340346433,1130.7553777657256,1145.6992814366383,5490626
2025-08-01,1075.761962890625,1139.7218280203697,1071.278791364321,1137.7293073420124,2025491
2025-08-04,1086.322265625,1097.2811290277189,1071.9760928477701,1081.0420373399852,716719
2025-08-05,1075.2637939453125,1105.2512047504338,1056.932580042716,1069.0869070968668,2733423
2025-08-06,1068.2899169921875,1080.9423735485723,1056.2350706505135,1066.8951283164615,1830084
2025-08-07,1065.5999755859375,1080.2450747309756,1043.6822493350105,1056.1355028866735,947918
2025-08-08,1042.0999755859375,1070.800048828125,1039.199951171875,1070.0999755859375,881747
2025-08-11,1052.9000244140625,1056.4000244140625,1031.800048828125,1042.0,796011
2025-08-12,1058.199951171875,1068.5,1045.0999755859375,1052.5,668937
2025-08-13,1078.199951171875,1083.5999755859375,1057.199951171875,1059.199951171875,444446
2025-08-14,1083.5999755859375,1113.0,1070.0,1081.0,1154139
2025-08-18,1089.300048828125,1093.699951171875,1070.800048828125,1093.699951171875,1030797
2025-08-19,1089.699951171875,1098.800048828125,1086.0,1092.0,258816
2025-08-20,1046.4000244140625,1078.0,1039.0,1070.0,4610136
2025-08-21,1041.0,1054.5999755859375,1032.5,1045.0,1522514
2025-08-22,1050.4000244140625,1056.5999755859375,1036.5,1048.0,1872943
2025-08-25,1067.4000244140625,1075.9000244140625,1052.4000244140625,1055.5,763968
2025-08-26,1045.5999755859375,1067.0,1042.699951171875,1065.0,2586406
2025-08-28,1026.300048828125,1047.300048828125,1021.7000122070312,1046.699951171875,2342067
2025-08-29,1027.9000244140625,1040.0999755859375,1020.0,1035.0999755859375,882168
2025-09-01,1025.0,1035.800048828125,1016.0999755859375,1022.7999877929688,1626317
2025-09-02,1022.2000122070312,1032.9000244140625,1016.2000122070312,1027.5999755859375,947610
2025-09-03,1034.9000244140625,1041.5,1021.0,1025.0,982554
2025-09-04,1036.0,1055.0,1033.0999755859375,1055.0,422479
2025-09-05,1044.0999755859375,1054.800048828125,1033.199951171875,1038.300048828125,738814
2025-09-08,1040.199951171875,1052.5999755859375,1035.4000244140625,1040.4000244140625,415761
2025-09-09,1043.9000244140625,1050.0,1036.0,1041.0,1036358
2025-09-10,1050.300048828125,1074.0,1048.0,1053.0,1684330
2025-09-11,1109.199951171875,1117.9000244140625,1061.300048828125,1065.0,5850105
2025-09-12,1094.4000244140625,1118.4000244140625,1091.0,1103.0999755859375,794187
2025-09-15,1100.0999755859375,1105.9000244140625,1075.0999755859375,1090.0,1368536
2025-09-16,1091.5999755859375,1109.0,1088.699951171875,1100.0,1225324
2025-09-17,1095.699951171875,1103.800048828125,1087.5,1096.0,796923
2025-09-18,1128.9000244140625,1132.0,1095.800048828125,1100.5,1829041
2025-09-19,1119.199951171875,1138.0,1116.9000244140625,1130.0,958952
2025-09-22,1117.4000244140625,1127.0,1110.0,1120.0999755859375,1491052
2025-09-23,1109.9000244140625,1124.0,1099.199951171875,1112.0,1396979
2025-09-24,1090.9000244140625,1112.5999755859375,1088.800048828125,1109.9000244140625,1246781
2025-09-25,1097.0,1108.699951171875,1092.0999755859375,1092.0999755859375,1710962
2025-09-26,1090.0,1100.300048828125,1072.0,1080.5,2425821
2025-09-29,1089.5,1106.0999755859375,1078.699951171875,1106.0,1318867
2025-09-30,1083.9000244140625,1097.9000244140625,1075.5999755859375,1088.0,588018
2025-10-01,1086.0,1104.199951171875,1083.9000244140625,1086.9000244140625,1043316
2025-10-03,1093.300048828125,1102.5999755859375,1086.800048828125,1095.0,517528
2025-10-06,1096.5,1100.0,1078.199951171875,1092.300048828125,645481
2025-10-07,1090.0999755859375,1100.800048828125,1074.9000244140625,1099.0,1177833
2025-10-08,1070.800048828125,1102.800048828125,1066.800048828125,1091.5,549749
2025-10-09,1119.9000244140625,1126.300048828125,1095.0,1097.0,4941010
2025-10-10,1130.300048828125,1143.800048828125,1116.4000244140625,1125.4000244140625,1455177
2025-10-13,1136.800048828125,1139.9000244140625,1121.0,1127.699951171875,1453641
2025-10-14,1124.800048828125,1137.699951171875,1110.199951171875,1136.0999755859375,1005434
2025-10-15,1109.0,1129.4000244140625,1106.300048828125,1126.0,543500
2025-10-16,1106.300048828125,1116.699951171875,1098.199951171875,1113.0999755859375,1710790
2025-10-17,1101.0,1113.5,1092.800048828125,1106.0,938051
2025-10-20,1099.4000244140625,1114.699951171875,1098.0,1106.0,967532
2025-10-21,1100.5,1106.699951171875,1098.0,1101.0999755859375,64349
2025-10-23,1099.0999755859375,1120.5,1096.199951171875,1120.0,885643
2025-10-24,1085.0,1108.0,1080.0999755859375,1100.0,761529
2025-10-27,1094.699951171875,1102.0,1085.0999755859375,1094.4000244140625,1423033
2025-10-28,1099.4000244140625,1103.5,1081.4000244140625,1094.0,1130747
2025-10-29,1111.699951171875,1122.5999755859375,1098.699951171875,1104.0,1369659
2025-10-30,1102.5,1114.0,1091.199951171875,1113.0999755859375,890530
2025-10-31,1138.9000244140625,1155.800048828125,1100.0,1105.0,3557298
2025-11-03,1158.5999755859375,1163.800048828125,1135.199951171875,1142.9000244140625,2985845
2025-11-04,1149.0999755859375,1162.9000244140625,1138.0,1158.5999755859375,1054886
2025-11-06,1140.5999755859375,1157.800048828125,1121.300048828125,1156.0,1443663
2025-11-07,1123.800048828125,1143.800048828125,1120.0,1141.5,363582
2025-11-10,1154.800048828125,1160.800048828125,1123.800048828125,1126.0999755859375,1384229
2025-11-11,1168.199951171875,1173.699951171875,1153.5,1158.0,1481205
2025-11-12,1183.5999755859375,1195.5,1160.9000244140625,1170.0,2367201
2025-11-13,1210.199951171875,1222.9000244140625,1185.5999755859375,1191.0,2637535
2025-11-14,1222.5,1231.9000244140625,1202.9000244140625,1210.199951171875,2055973
2025-11-17,1236.9000244140625,1241.0999755859375,1218.300048828125,1222.5,988088
2025-11-18,1239.300048828125,1249.9000244140625,1234.0999755859375,1236.9000244140625,1827771
2025-11-19,1235.800048828125,1244.300048828125,1228.699951171875,1233.9000244140625,744634
2025-11-20,1207.699951171875,1239.699951171875,1203.800048828125,1236.0999755859375,768820
2025-11-21,1205.9000244140625,1218.800048828125,1198.0,1207.5999755859375,497336
2025-11-24,1194.0,1212.0,1189.5999755859375,1205.9000244140625,1266777
2025-11-25,1208.0,1216.0,1190.5999755859375,1192.0,792811
2025-11-26,1227.4000244140625,1237.300048828125,1195.699951171875,1210.0,1126656
2025-11-27,1235.800048828125,1239.0,1222.5999755859375,1227.4000244140625,667410
2025-11-28,1226.699951171875,1242.300048828125,1216.0,1238.0,556120
2025-12-01,1216.199951171875,1229.0,1204.0,1229.0,692441
2025-12-02,1215.199951171875,1218.9000244140625,1207.4000244140625,1216.0,507178
2025-12-03,1208.9000244140625,1214.0,1196.4000244140625,1208.5999755859375,718893
2025-12-04,1223.0999755859375,1226.800048828125,1209.0999755859375,1215.4000244140625,740597
2025-12-05,1217.5999755859375,1226.4000244140625,1209.0,1225.0,394525
2025-12-08,1177.4000244140625,1219.5,1173.300048828125,1217.5999755859375,950895
2025-12-09,1163.5999755859375,1178.300048828125,1160.5,1175.0,585926
2025-12-10,1172.5999755859375,1184.9000244140625,1161.0,1161.0,657177
2025-12-11,1172.199951171875,1185.699951171875,1163.4000244140625,1171.5999755859375,704577
2025-12-12,1195.0999755859375,1199.5,1170.4000244140625,1175.0999755859375,670100
2025-12-15,1186.300048828125,1200.199951171875,1182.0,1200.0,458919
2025-12-16,1178.0999755859375,1185.9000244140625,1172.0999755859375,1182.199951171875,263419
2025-12-17,1193.0,1196.800048828125,1172.5,1172.5,736879
2025-12-18,1209.300048828125,1213.699951171875,1176.5999755859375,1190.0,947784
2025-12-19,1225.0999755859375,1240.699951171875,1211.0999755859375,1214.0,1396499
2025-12-22,1224.5,1234.9000244140625,1222.0999755859375,1225.0999755859375,476205
2025-12-23,1218.0,1236.0999755859375,1206.199951171875,1230.0,665122
2025-12-24,1211.4000244140625,1226.699951171875,1208.699951171875,1220.9000244140625,253901
2025-12-26,1206.199951171875,1220.9000244140625,1203.800048828125,1213.699951171875,310348
2025-12-29,1200.0999755859375,1214.0999755859375,1192.300048828125,1206.199951171875,1340558
2025-12-30,1186.300048828125,1208.9000244140625,1179.0,1202.0,1058434
2025-12-31,1183.0,1193.800048828125,1178.0,1185.0,928856
2026-01-01,1193.0,1197.0,1170.199951171875,1190.0,412064
2026-01-02,1215.4000244140625,1217.5,1192.0,1200.699951171875,516055
2026-01-05,1207.4000244140625,1222.0,1199.0,1220.0,644075
2026-01-06,1231.300048828125,1238.800048828125,1207.5999755859375,1210.0,1845753
2026-01-07,1235.4000244140625,1270.800048828125,1225.199951171875,1236.4000244140625,2361570
2026-01-08,1206.0999755859375,1236.0,1203.0,1236.0,879596
2026-01-09,1198.699951171875,1211.4000244140625,1188.0,1206.0,889120
2026-01-12,1172.9000244140625,1197.800048828125,1166.5,1193.0999755859375,689082
2026-01-13,1167.699951171875,1185.0,1154.4000244140625,1185.0,854954
2026-01-14,1180.0999755859375,1189.0999755859375,1158.0,1165.0,726275
2026-01-16,1172.699951171875,1195.5,1166.300048828125,1174.199951171875,909022
2026-01-19,1167.5999755859375,1177.0,1160.0999755859375,1167.0,546679
2026-01-20,1141.699951171875,1167.699951171875,1137.0999755859375,1167.5999755859375,567180
2026-01-21,1121.699951171875,1160.5999755859375,1116.5,1133.9000244140625,810580
2026-01-22,1145.300048828125,1149.0,1130.0999755859375,1130.0999755859375,622804
2026-01-23,1132.5,1150.5,1120.800048828125,1145.300048828125,511867
2026-01-27,1129.699951171875,1139.800048828125,1116.199951171875,1139.800048828125,656428
2026-01-28,1139.9000244140625,1143.0,1122.199951171875,1133.0,614873
2026-01-29,1150.5999755859375,1154.0999755859375,1127.199951171875,1140.4000244140625,576780
2026-01-30,1207.699951171875,1219.0,1174.0,1190.0,8127226
2026-02-02,1171.0,1185.0,1152.300048828125,1172.0999755859375,768352
2026-02-03,1226.0999755859375,1247.300048828125,1211.199951171875,1230.0,2827489
2026-02-04,1212.699951171875,1237.4000244140625,1166.0,1226.0999755859375,1360345
2026-02-05,1181.5999755859375,1212.699951171875,1176.9000244140625,1212.699951171875,1216222
2026-02-06,1191.0,1195.9000244140625,1166.0,1181.0,805359
2026-02-09,1203.699951171875,1210.0,1171.5,1191.0,1101009
2026-02-10,1124.0999755859375,1218.699951171875,1106.0,1208.0,8584671
2026-02-11,1146.5999755859375,1161.0,1124.199951171875,1136.0,4070062
2026-02-12,1157.9000244140625,1163.0,1132.0999755859375,1146.5999755859375,1090045
2026-02-13,1145.5999755859375,1157.4000244140625,1126.800048828125,1149.0999755859375,1682470
2026-02-16,1184.5999755859375,1187.199951171875,1141.9000244140625,1142.0,1559869
2026-02-17,1186.699951171875,1212.800048828125,1167.699951171875,1184.5999755859375,3068092
2026-02-18,1159.5999755859375,1193.5,1129.199951171875,1188.5999755859375,3294006
2026-02-19,1171.4000244140625,1200.9000244140625,1156.4000244140625,1156.4000244140625,3474036
2026-02-20,1158.800048828125,1178.199951171875,1149.0999755859375,1173.800048828125,1071813
2026-02-23,1150.5999755859375,1174.199951171875,1143.300048828125,1166.0999755859375,989992
2026-02-24,1164.4000244140625,1167.199951171875,1144.0,1156.300048828125,988014
2026-02-25,1211.5,1217.0,1162.4000244140625,1166.0,3039244
2026-02-26,1220.699951171875,1250.9000244140625,1213.5,1217.0999755859375,2372711
2026-02-27,1220.4000244140625,1240.0,1214.300048828125,1225.300048828125,1781292
2026-03-02,1210.4000244140625,1223.9000244140625,1186.199951171875,1186.199951171875,888443
2026-03-04,1195.4000244140625,1202.9000244140625,1179.800048828125,1201.0,909693
2026-03-05,1225.5,1230.699951171875,1198.0,1198.0,900601
2026-03-06,1231.9000244140625,1244.699951171875,1215.0999755859375,1224.9000244140625,804367
2026-03-09,1247.300048828125,1251.800048828125,1182.0999755859375,1202.300048828125,2180013
2026-03-10,1285.9000244140625,1291.800048828125,1249.0,1260.0,2197827
2026-03-11,1304.800048828125,1318.5,1290.0,1291.0,2541782
2026-03-12,1311.9000244140625,1319.800048828125,1289.4000244140625,1308.0,2110239
2026-03-13,1296.5,1317.800048828125,1288.0999755859375,1304.300048828125,1634716
2026-03-16,1279.5999755859375,1314.0,1265.800048828125,1302.0,1436685
2026-03-17,1286.0,1295.0,1275.0999755859375,1284.9000244140625,635152
2026-03-18,1269.0,1290.5,1265.300048828125,1278.0,1700454
2026-03-19,1247.5,1269.0,1240.0,1255.0,816613
2026-03-20,1291.4000244140625,1297.800048828125,1258.300048828125,1262.0,1395687
2026-03-23,1278.699951171875,1299.0,1268.300048828125,1291.5999755859375,1758274
2026-03-24,1281.5999755859375,1310.0,1255.4000244140625,1303.0,1768995
