Price,Close,High,Low,Open,Volume
Ticker,BIOCON.NS,BIOCON.NS,BIOCON.NS,BIOCON.NS,BIOCON.NS
Date,,,,,
2021-03-24,398.0467834472656,399.3336671867767,393.6911420866626,393.98810596194767,2567380
2021-03-25,394.4830322265625,401.70943453468595,393.34463052185185,397.7497554157242,3411079
2021-03-26,391.2658386230469,394.97803823047616,386.8111990941317,392.50323849218995,4226903
2021-03-30,404.332763671875,405.3721674017434,395.0274931703907,396.8588508844043,4193149
2021-03-31,404.7782287597656,409.2328681743117,401.7094711210869,408.83690626834345,5228409
2021-04-01,406.41156005859375,409.03487168527835,404.6792004160423,405.07519250230354,1860699
2021-04-05,402.3529052734375,406.4115521894372,397.5022742002501,406.4115521894372,1318706
2021-04-06,410.0743103027344,411.36119406279147,401.01654944244456,402.50142926249066,2107437
2021-04-07,410.0248107910156,414.281454029197,408.2924510668792,411.75717051515204,2467709
2021-04-08,409.0843811035156,412.35110454921625,407.0055433608168,409.82682099662543,2086999
2021-04-09,416.06329345703125,420.12197081169944,408.04496698287784,408.88637467241944,3202010
2021-04-12,400.2245788574219,416.2612923345548,396.9578554724292,414.47944870818714,3599430
2021-04-13,402.8478698730469,408.19343068708486,397.3043130173964,402.60038992600846,2068043
2021-04-15,400.5215759277344,407.7479787230547,395.9679385919359,407.7479787230547,2744731
2021-04-16,408.6883850097656,414.3309095993468,395.32446805187544,398.9376691873883,5669099
2021-04-19,402.2539367675781,408.68841578742877,395.7204597208154,408.68841578742877,4445076
2021-04-20,397.1063537597656,405.81766682841845,393.7901161202773,405.81766682841845,4436026
2021-04-22,395.3244934082031,400.6700544922356,394.631537437514,397.9477749373161,3847504
2021-04-23,393.5921325683594,399.28417162149475,392.0082547898436,395.3244922801832,3386298
2021-04-26,391.5132751464844,397.15583000754566,391.0183152537581,397.15583000754566,2469336
2021-04-27,394.0870666503906,395.0274723063273,388.2465460468412,391.01830932006516,4372334
2021-04-28,386.9101867675781,395.7699514674809,383.59394916506295,393.98810778760014,11363709
2021-04-29,389.9294128417969,398.19524941864364,382.05956836272804,384.0888919190397,13684521
2021-04-30,375.82305908203125,387.85057902781006,374.38769344814744,387.85057902781006,9710688
2021-05-03,374.6846618652344,378.0008993926907,371.31894042944015,377.1099775729152,3474482
2021-05-04,369.4381103515625,378.2978751288434,368.74515435335854,377.1594733117573,3492859
2021-05-05,377.4564208984375,378.7433348095596,366.4188207831929,371.219938023623,6252361
2021-05-06,375.8725891113281,380.5251944039172,373.59575526988664,379.0898287092709,3004849
2021-05-07,377.3079528808594,380.0797466463036,375.57559310619064,377.7039147873637,2241936
2021-05-10,380.62420654296875,383.54448237025963,378.59488280533157,379.1888105851563,3712233
2021-05-11,383.742431640625,387.7021111214207,378.4958684125534,379.683754130818,4098740
2021-05-12,381.5646057128906,386.5636887069367,380.2776918242567,383.74241118526635,2213659
2021-05-14,384.88079833984375,388.93947547941093,382.35651498508895,383.09895482001144,3423148
2021-05-17,381.91107177734375,389.6819487584523,380.723186065491,389.6819487584523,2226281
2021-05-18,381.1191101074219,384.2373513299464,380.3271863781932,383.14843354479154,1749322
2021-05-19,382.75250244140625,383.5939403525579,378.9413049920412,379.1393010452379,2120283
2021-05-20,379.6837463378906,384.484863651805,378.3473787085163,382.7525039145131,1321922
2021-05-21,378.6443176269531,382.50499874508023,377.8028797680135,380.6241571962444,1448078
2021-05-24,379.5848083496094,380.673696102081,377.35748851234854,378.79285428149694,1993913
2021-05-25,377.70391845703125,381.7131121004768,377.20895851660276,380.62419418954255,1427832
2021-05-26,379.18878173828125,382.5545333543486,376.71398214408816,378.842333963059,2349815
2021-05-27,378.0503845214844,380.97066016179645,376.1695428492295,379.6342623228408,3269387
2021-05-28,378.2978820800781,382.3070757834291,376.26855837798183,379.1393200333709,2268969
2021-05-31,384.2868957519531,385.67277749238116,378.347376684442,380.1292203207128,3454331
2021-06-01,381.9606018066406,387.5041593227337,381.11916384447295,386.7617193931665,1748372
2021-06-02,384.1878967285156,385.27681459672476,380.62417925526574,382.10905901829017,2300520
2021-06-03,381.2181396484375,383.94041923144897,378.9908199896099,383.593941242529,2896950
2021-06-04,381.0201416015625,383.89090310482015,379.9807378501962,381.317135680493,1481960
2021-06-07,385.1282958984375,388.04857146667143,379.38677299643325,380.62417277789586,3314421
2021-06-08,398.3932800292969,399.1852038736432,386.0687650606841,386.66272304892294,6809356
2021-06-09,400.4225769042969,411.46017712307923,396.6113794628457,402.9468604225541,9635843
2021-06-10,410.5692443847656,411.3116842480292,401.7589640493621,401.90744598002374,4364390
2021-06-11,410.81671142578125,416.013790305264,408.83687185264495,413.6379888594914,3376513
2021-06-14,407.8964538574219,410.8167294398319,400.9670150475934,410.8167294398319,1526684
2021-06-15,406.3620910644531,411.4601721576189,405.4711692575819,407.8469708125571,1344636
2021-06-16,399.1851806640625,407.0550555782479,398.4427407744207,405.86713967083847,1728594
2021-06-17,394.6315612792969,402.649918494755,392.0577635026124,397.9477989794505,1390138
2021-06-18,394.92852783203125,397.8487732013749,385.12829735774835,395.47297165395554,4009623
2021-06-21,401.65997314453125,402.1054491543671,389.2364912963784,391.5132948334248,1549277
2021-06-22,397.3043212890625,405.4711597113581,396.2648873638882,403.7882839524788,2011236
2021-06-23,393.5426330566406,400.86806427790924,392.6022273041503,398.8387104141957,1824603
2021-06-24,391.21630859375,396.85883320589915,390.02839277542694,394.1860679296035,1888424
2021-06-25,392.9486999511719,395.91845952694104,390.4243861857941,392.00826400152897,642550
2021-06-28,400.07611083984375,405.57018426383655,393.5426336326411,394.33458765742887,3019858
2021-06-29,403.4418029785156,406.8570383773439,397.9477601647013,402.7983611495935,2239813
2021-06-30,400.37310791015625,406.85707104600624,399.4821558493889,404.6297513140026,1217199
2021-07-01,402.0559387207031,405.76813813683043,399.4326571752977,400.42257701959835,1608707
2021-07-02,403.9367370605469,406.758014356212,401.61044984390037,402.1054097129661,1266537
2021-07-05,399.33367919921875,405.4711946260266,398.4427573366067,403.9863147850206,1225126
2021-07-06,384.9303283691406,398.5912098125203,384.0888904794497,397.94776797097626,4329007
2021-07-07,388.1475830078125,390.1274227270975,381.1191459623595,382.9999876536889,2686889
2021-07-08,385.42529296875,389.5334542331568,383.09897531952146,389.03849431672336,972707
2021-07-09,384.63330078125,387.0091323121683,382.9504553584612,386.0686964803504,1497908
2021-07-12,383.4454345703125,386.7616718903978,382.1090368192388,386.7616718903978,1345110
2021-07-13,383.8908996582031,385.07881554334745,382.10905604044245,385.07881554334745,1211746
2021-07-14,395.3244934082031,396.1164171947428,382.25753946060735,383.14846127295345,3947672
2021-07-15,399.1851806640625,399.92762055370423,391.21633793255666,396.31441913277223,2772769
2021-07-16,405.1741943359375,409.13387385140214,398.9377111830636,400.8680670308355,4905898
2021-07-19,407.2530517578125,410.22281153758746,401.0165683042686,404.7782519413334,2649721
2021-07-20,400.1750793457031,409.82679740042323,398.44271969485595,408.3419176996971,1845582
2021-07-22,398.9377136230469,403.78831501716684,392.30523831009515,403.1448731339599,2808364
2021-07-23,394.1365661621094,397.5022874728596,383.3959301856351,388.04856537487717,5803946
2021-07-26,385.57379150390625,394.13659238491556,384.8808355070794,394.13659238491556,2134036
2021-07-27,375.72406005859375,390.968849635584,374.189696403356,390.968849635584,4496288
2021-07-28,377.8524169921875,379.93122449911704,372.90281776624823,378.8918207456523,1969181
2021-07-29,378.69384765625,400.8185635798106,376.219047893211,392.99820237059885,7709849
2021-07-30,382.4555358886719,385.32629738014873,377.2584567332556,379.5847743971951,2792729
2021-08-02,386.0687561035156,387.8505998169335,382.5545525870692,383.3959603234314,2419224
2021-08-03,385.37579345703125,388.4940652167107,384.0889097095131,384.88083352183855,1072037
2021-08-04,381.71307373046875,387.4545963783158,379.7332341677692,384.5838350543923,1116220
2021-08-05,380.2777099609375,383.0989876171638,377.8524244185342,382.4555457471367,1233269
2021-08-06,379.7332458496094,382.9999691445771,378.99080599075717,380.3272037786822,945840
2021-08-09,378.3968505859375,381.5646060888209,376.21901490146075,380.0302122443174,730646
2021-08-10,375.1795959472656,380.5746708225734,372.20983661259066,379.1392750601655,780964
2021-08-11,368.89361572265625,376.12004855111695,362.3601388537587,376.12004855111695,2382866
2021-08-12,370.62603759765625,371.9129517084925,367.4087976355065,369.2401556559531,876559
2021-08-13,367.65625,373.19980756012615,365.6269262603805,371.219967732221,1487839
2021-08-16,363.2511291503906,369.48761260399635,362.5086892054395,368.0027327140942,1228973
2021-08-17,362.9046325683594,367.2602739805851,358.9944369743406,362.3601585106079,1875933
2021-08-18,366.2703552246094,369.93307086083837,363.35007949761945,365.18143731573394,1733630
2021-08-20,353.74786376953125,367.06226760084144,350.3326282095168,363.9935402396183,1544686
2021-08-23,329.84130859375,358.69746639707597,324.2482372310663,355.67819270581157,7250084
2021-08-24,345.9770202636719,348.4023362093036,328.65342125190006,332.6131010260193,6358215
2021-08-25,343.6506652832031,346.4719428599107,340.38394190593493,346.4719428599107,1712055
2021-08-26,337.5626525878906,345.97697090753013,336.5727327855801,344.14561323126463,1697599
2021-08-27,343.2052307128906,344.54159836825653,336.1272794806139,337.56267537484155,1401316
2021-08-30,353.00543212890625,354.3913139066616,344.04663916814076,345.4820350654326,2905130
2021-08-31,355.2327575683594,356.47015742737557,348.45180029895914,353.4013997350239,2105520
2021-09-01,351.12457275390625,356.3711357236331,349.2932150422243,356.3711357236331,2210493
2021-09-02,355.0347595214844,356.02467940316143,351.22356193503623,353.20340169839034,1467915
2021-09-03,359.8358154296875,362.01365088078063,353.89629715574495,358.0539720314856,2170998
2021-09-06,357.85601806640625,362.55813725261766,356.4206222308436,360.132821588379,1068045
2021-09-07,353.1539001464844,359.1924171650517,351.02557854919047,357.856019349556,899814
2021-09-08,351.8670349121094,358.44999609984654,350.23364293526345,358.35099806943805,1639254
2021-09-09,349.1942138671875,354.0943290231542,346.5709324059949,350.4316136328402,1096752
2021-09-13,350.0356750488281,351.42155683661485,346.52144135448765,350.43163695820186,1302790
2021-09-14,352.114501953125,352.8074277206244,349.4417062800318,351.42154597566935,1174007
2021-09-15,353.8963317871094,356.3711313100962,351.4215322641226,353.1044080237357,1208117
2021-09-16,372.9523010253906,375.1796206731866,352.262982338966,353.89634403869184,5530580
2021-09-17,373.595703125,390.1768587385323,366.41878502362033,386.0686978673194,18497586
2021-09-20,356.7671203613281,372.2098766027974,355.38123856490495,372.2098766027974,3169722
2021-09-21,363.54803466796875,365.42887618450527,352.411437281952,360.33079542311947,2727117
2021-09-22,363.8450012207031,364.7854370909436,359.5883582721446,361.51871391739445,2107108
2021-09-23,364.4884948730469,368.05218210660485,362.85510297938436,365.28041865606957,1257724
2021-09-24,356.5196228027344,366.1218572934746,354.3913011978669,364.7854594732233,1493295
2021-09-27,354.539794921875,358.20251051993375,349.09523564419453,351.4215533775585,4098510
2021-09-28,358.301513671875,362.8056370547381,353.450882078075,356.27215978611287,2068898
2021-09-29,358.9449768066406,362.90465657238417,355.4802570116151,358.2025368505637,1385922
2021-09-30,359.0439147949219,365.3298812037837,357.50952101633857,359.8358385316426,2147714
2021-10-01,361.6177062988281,363.8945400620328,354.6387834947766,358.3509829033053,1551246
2021-10-04,361.22174072265625,366.8642958500984,360.57829887372657,363.3005784122379,1734169
2021-10-05,358.3509826660156,363.74605788682067,357.85602274520625,361.91470013783464,1114071
2021-10-06,352.8074035644531,360.52879597474174,352.26295976941253,358.35096037467093,1197301
2021-10-07,356.1236877441406,358.20252559784234,353.59940405676167,355.8762077665561,1040559
2021-10-08,355.13372802734375,359.8358470743957,354.53977010572515,358.10348742548183,1179337
2021-10-11,356.4700927734375,358.35093417601735,352.9063757838403,355.38117505301165,1707523
2021-10-12,354.6882629394531,360.3308180533924,353.9458230670904,356.4701367590972,1703354
2021-10-13,348.69927978515625,356.32167499006385,347.7588438096306,356.32167499006385,4417346
2021-10-14,344.1455993652344,351.0255537980731,343.5021575616485,350.18411595802064,2334243
2021-10-18,339.04754638671875,345.48202536924043,337.9091446087254,344.1456275385716,2870530
2021-10-19,340.9283752441406,345.2345324434913,335.7808103774078,338.5525737510366,2739563
2021-10-20,338.30511474609375,343.1557160552534,337.31519487851193,340.9779104725475,1610459
2021-10-21,341.4728698730469,346.27395705535525,334.592914720115,342.5122736484018,4144347
2021-10-22,320.5360107421875,339.5424824872638,319.24912711994915,338.5525627132484,7224929
2021-10-25,318.06121826171875,323.6047751594082,311.6267395899259,321.7734174954454,3480754
2021-10-26,330.1877746582031,331.32620672529583,316.873369963964,319.74413166759473,3113691
2021-10-27,334.29595947265625,338.00815906610467,329.6433238982179,331.3261997978975,2813487
2021-10-28,334.4444274902344,337.5131850683794,331.6231498746824,334.59290942579895,3263752
2021-10-29,347.5608825683594,348.9467643849178,332.1181261025246,334.4444439070823,5793111
2021-11-01,344.7890930175781,350.38216468432114,342.61128733871976,347.95684881768256,1940664
2021-11-02,342.0667724609375,347.41236351225405,339.64148709353725,344.7890518922746,1961079
2021-11-03,344.9375915527344,347.41239123323913,340.38395409861425,342.0667997553832,2061255
2021-11-04,345.1355285644531,348.45176590124277,343.7001629956622,346.4719263222584,265779
2021-11-08,345.2345275878906,347.4123632150792,340.0869325836019,345.9769674321657,1043298
2021-11-09,343.50213623046875,348.84769657362114,342.3142205053452,345.87793747076404,1079524
2021-11-10,344.3930969238281,347.6103363162941,342.7102513675883,343.50217513405937,1175287
2021-11-11,343.106201171875,345.1355246332374,339.047524039196,344.29408677976244,873619
2021-11-12,342.95770263671875,345.77894970003183,340.5323872135712,343.9971062695233,704956
2021-11-15,358.1034851074219,358.7469269308624,343.60116618238106,343.9971280575787,7501814
2021-11-16,365.62689208984375,366.7652938425055,356.6680995798633,358.15297931201917,6775061
2021-11-17,372.6058044433594,373.793720280217,363.894522339586,367.6562054730439,6964611
2021-11-18,363.2511291503906,373.5957742574007,360.3308532829328,373.5957742574007,3134730
2021-11-22,354.2428283691406,363.20159102893524,352.5599525211335,362.75614521737333,2115434
2021-11-23,362.1126708984375,368.2501860838171,347.85783102750685,352.8569444215541,3195124
2021-11-24,356.1731262207031,364.83492433122564,355.08423862620094,362.8550847631062,1154465
2021-11-25,358.845947265625,361.32074690193963,352.70843208358207,356.51962956549795,1290274
2021-11-26,359.1429138183594,369.8340664530029,355.2822323988867,358.350990012811,3526533
2021-11-29,360.7267761230469,368.2006888849862,344.0961352422304,358.84593450830477,2513989
2021-11-30,356.7671203613281,367.2107932696417,353.94584264827824,360.82579793010547,4131254
2021-12-01,366.9632568359375,370.13098185322525,354.490262167363,358.5489391116547,3496010
2021-12-02,363.7955322265625,374.7836482215191,359.3408930564413,371.12093281988183,5011584
2021-12-03,363.152099609375,367.2107769983099,361.6672198482981,367.2107769983099,2610184
2021-12-06,356.1236877441406,365.77540686993734,354.88628785621796,363.300607094092,1309429
2021-12-07,356.56915283203125,361.1227601117085,353.9458409822711,357.95503462193113,1585988
2021-12-08,378.9413146972656,383.98991208352135,356.96511167761884,357.3610735841972,7931372
2021-12-09,369.19061279296875,382.1090544943525,368.250176870205,379.13929500346376,4191269
2021-12-10,368.4482116699219,374.1897352054935,366.66633766201556,369.1906516207264,1732117
2021-12-13,374.6846618652344,376.6645015580493,366.96329914723844,370.2300225564007,2794613
2021-12-14,374.3381652832031,379.5352442186977,370.4280002100896,372.70480365975294,2419263
2021-12-15,371.6158752441406,377.3079139159447,369.7350337250135,375.4765563012865,1909185
2021-12-16,359.4894104003906,373.7442511070436,358.00453053074017,372.40788339232483,2537038
2021-12-17,349.6891784667969,363.54805602811365,345.8779810954436,361.7166983083771,2108444
2021-12-20,347.26385498046875,350.4810943418127,339.59197650341775,347.4618510251488,1946996
2021-12-21,347.21435546875,354.04479576384944,345.63047781236156,348.4517551674982,1339312
2021-12-22,356.4700927734375,362.2116149939343,346.3234157698348,349.44165680700036,3069556
2021-12-23,370.5765075683594,372.4573492701909,356.4206353704551,357.1630752693325,6612121
2021-12-24,350.8770751953125,362.31063647551736,348.9467195563384,359.34087716014426,7151655
2021-12-27,352.8569641113281,354.2428459437601,347.9568484713472,351.42156815740617,2537639
2021-12-28,352.3619689941406,356.7670940294267,351.47101699580946,355.38121233529125,2072197
2021-12-29,358.0044860839844,358.6974420211065,350.23360968892035,351.42152552114266,1961291
2021-12-30,357.75701904296875,363.84501993034263,355.38121750276866,356.86609724163816,3285675
2021-12-31,360.9742736816406,363.3005914125132,357.95503016941586,360.28134790028844,1788993
2022-01-03,359.0934143066406,363.7955334464243,358.4994563733084,360.974255920563,868445
2022-01-04,360.7267761230469,365.87437126756197,354.93573913795626,361.32073405663795,3115452
2022-01-05,359.6873779296875,364.1915010929572,358.1035001523989,362.3106594492827,1049204
2022-01-06,356.71759033203125,360.7267532622712,355.82666859308387,357.3610321318292,967933
2022-01-07,354.88623046875,358.99439139034456,353.1043870022606,356.37111009414224,1182457
2022-01-10,354.539794921875,355.6287128194025,349.9861574840054,353.2033970571802,1843562
2022-01-11,355.0347595214844,359.0439531682508,353.4508816688096,354.5397995806458,1019918
2022-01-12,361.1722717285156,362.31067354054505,352.9559186561301,355.52971636808167,1738270
2022-01-13,366.517822265625,370.4280177336702,354.9852621242414,361.3207430842758,2924164
2022-01-14,354.09429931640625,370.57645677013807,352.7083875271822,366.517779837309,4700387
2022-01-17,353.5003662109375,357.3610473844573,349.9366488930905,357.3610473844573,1571893
2022-01-18,345.18505859375,355.8761807291697,343.50218279004696,354.39130097647495,1631061
2022-01-19,363.6470642089844,365.7753858519231,349.73867214195633,349.73867214195633,8460578
2022-01-20,360.5288391113281,364.19152460973885,357.8560433014421,362.3106828446136,1513144
2022-01-21,373.29876708984375,378.64432803183155,352.4114530178615,360.3308115126449,9950400
2022-01-24,369.0421142578125,376.0210674447031,364.19151295250026,373.2987878110123,4407054
2022-01-25,370.5269775390625,373.49673700705375,362.11265904642056,366.27033438559056,3877973
2022-01-27,355.7771911621094,370.378509077414,353.40138954330536,368.69566344365796,2404382
2022-01-28,360.4298095703125,365.6763724896265,354.68825653507196,357.75701399408524,2352469
2022-01-31,363.3995666503906,373.59572856332096,359.8853332148022,362.0631688709402,2706629
2022-02-01,372.3583679199219,373.10080785205383,362.45916882482913,365.3794446418647,1563744
2022-02-02,383.3464660644531,385.96974765337416,374.3381892898949,375.17962721349966,4529790
2022-02-03,388.7415466308594,390.3749083810817,380.82218763830775,384.08891113875245,4692928
2022-02-04,387.7021179199219,391.71131159050447,385.72227814480675,389.8304396361791,2637508
2022-02-07,395.2749938964844,400.4225893290734,386.3162311141431,386.5637110828261,6057343
2022-02-08,400.5215759277344,406.56009303325266,395.6709747219744,399.828619951216,7761396
2022-02-09,403.14483642578125,405.0751921095919,397.4527976057733,400.5215550115946,2428075
2022-02-10,399.6306457519531,403.8872889188311,397.2053300948063,402.00644729183745,1556043
2022-02-11,398.8387145996094,400.52159048376785,390.72138968944296,395.96795298247787,2008633
2022-02-14,389.58294677734375,398.69022152559825,388.0485830863675,391.018342650804,1638123
2022-02-15,399.82861328125,400.7690492036999,388.6425312866172,389.5829369991114,1702145
2022-02-16,397.7992858886719,402.7488849909076,396.2154081339654,399.92760746064215,1075794
2022-02-17,391.7112731933594,401.6599550041191,389.33544152814403,398.9376755801849,1131202
2022-02-18,388.7415466308594,393.19618606416964,383.7424331408369,390.9688663475145,1428851
2022-02-21,383.59393310546875,388.24656837808504,381.11913353704637,386.46469456284757,1125934
2022-02-22,380.4261779785156,381.6140938566041,373.4472552721242,377.1099707212672,1727260
2022-02-23,391.4638366699219,393.14668237451,379.58479786594853,380.22823975917214,2297257
2022-02-24,370.3785095214844,390.86986270439513,369.14110969666984,385.07882548227195,2949622
2022-02-25,390.5728454589844,391.81024521041945,374.5856467124342,375.8725605798996,1945989
2022-02-28,345.3335266113281,390.9193210981302,343.5021689481439,390.9193210981302,15809887
2022-03-02,341.37384033203125,349.8871564360616,339.59196661167846,346.4719211295176,13122596
2022-03-03,336.6221923828125,347.95678538473146,334.19690716826466,346.9173817513471,5683175
2022-03-04,324.8917236328125,337.5132023721409,323.7038076674808,336.5727663820901,4510173
2022-03-07,326.6735534667969,328.6533931847775,315.883433045794,322.7138740308357,3343221
2022-03-08,331.0787048339844,335.0878681293934,321.72395019808823,326.673549431905,6020844
2022-03-09,334.3948974609375,335.7808093534807,329.2968165160832,334.444411577074,3009188
2022-03-10,329.84130859375,340.5324309704681,328.15843275206447,340.5324309704681,5133631
2022-03-11,328.6039123535156,331.8706358347971,324.6937167898984,329.6433161312078,4955659
2022-03-14,325.38665771484375,330.93018455245533,321.3774643080521,328.60389713772264,2757846
2022-03-15,324.14923095703125,333.5534684873228,322.4168714119775,327.9109138851667,4762960
2022-03-16,325.8816223144531,327.51498400296094,324.1987465081384,327.2675040437944,1461561
2022-03-17,328.10894775390625,329.34634757163866,326.67355188135406,328.6533915897259,3561872
2022-03-21,326.4755554199219,332.21710869302325,325.4856355669689,328.65339118040106,1872846
2022-03-22,331.3262023925781,332.26660817097496,325.38668299654717,327.66348668104257,1558965
2022-03-23,333.80096435546875,338.45356922972144,332.3160846745458,332.61304852674857,2868421
2022-03-24,338.84954833984375,339.78998426958316,331.8211416605717,333.6029852843395,1779377
2022-03-25,345.3830261230469,347.362865802984,338.55258526925485,340.0869489372237,4089702
2022-03-28,342.2153015136719,348.3527864090001,336.1272703165123,346.4224608427901,3149400
2022-03-29,339.98797607421875,345.72949897682366,338.5525802435897,343.60117739447645,1145170
2022-03-30,338.10711669921875,344.0961499888244,336.57275299747766,342.36379023074915,2474161
2022-03-31,332.21710205078125,340.4334245820342,331.0787002846374,339.54250277418055,2009138
2022-04-01,338.45361328125,339.54253123097953,332.0191338264355,335.5828515664783,2395845
2022-04-04,342.95770263671875,344.4920661346593,338.3050678204592,340.7303832436067,1627838
2022-04-05,343.7991638183594,346.4719595906128,341.81932404927016,344.4426359112793,983530
2022-04-06,346.7689208984375,349.04575474196696,342.51227751046946,342.51227751046946,1959648
2022-04-07,349.7881774902344,352.3124609692718,344.83857834705844,348.4517796795857,3929845
2022-04-08,351.4215393066406,354.19330274395014,349.4416996485751,350.9760632995936,1524533
2022-04-11,347.808349609375,358.10351013377266,346.27395569706414,351.4215510642413,3390421
2022-04-12,345.6304931640625,351.0255681742166,338.8495364717451,347.11537286851353,2291502
2022-04-13,347.1649475097656,351.2235952415571,344.9871114795691,346.4225075281023,855439
2022-04-18,339.740478515625,347.065878801123,334.9888454745247,344.29408530799265,2986116
2022-04-19,334.54339599609375,344.9375535077883,329.64328108517054,340.5323984783744,2438919
2022-04-20,348.9962463378906,350.2336462046538,333.8999679633804,338.55260354639285,3702037
2022-04-21,370.1805419921875,371.2199457563226,345.0860676170688,349.04574703846953,8965603
2022-04-22,371.7643737792969,380.9706461684267,364.4389732032923,370.1310121294375,7481010
2022-04-25,377.0109558105469,379.4857552707579,367.35923791572367,368.0521636386101,4861868
2022-04-26,376.2190246582031,384.08889950261283,372.95230125672526,381.020141943977,4954362
2022-04-27,378.0998840332031,380.0302095393834,368.25016982618206,376.0705302939406,2724204
2022-04-28,372.9523010253906,381.1191397339758,371.4674212601933,381.1191397339758,1707353
2022-04-29,364.7359619140625,377.8523992468039,363.30056612196927,373.1997641089439,3420515
2022-05-02,369.0421142578125,373.7442336250966,359.63787552324425,361.2712674714242,3155507
2022-05-04,363.35003662109375,373.10075232047444,360.8257533115377,369.240071289996,2138364
2022-05-05,358.4499816894531,366.27034241800857,357.1630677657945,366.27034241800857,840435
2022-05-06,344.4920959472656,358.0540095096315,343.6011741549103,354.4902921302549,1273996
2022-05-09,335.1373596191406,346.3729561760647,333.60299590592996,336.7707515712153,1321944
2022-05-10,327.4654846191406,339.9384811643345,324.79271906585734,335.1373636984913,1277055
2022-05-11,330.88067626953125,332.81103186503265,323.75324198916815,329.4452805487786,1135305
2022-05-12,324.64422607421875,330.6332290676594,321.3279885430758,330.03927111716337,716609
2022-05-13,322.8623352050781,332.16757523919466,320.239053789443,326.6735324590918,691415
2022-05-16,316.67535400390625,323.5553090460601,313.8540763891397,322.8623530670099,1437402
2022-05-17,327.1190185546875,328.6533822008599,317.02182424646196,319.39762578664573,1061358
2022-05-18,334.4444274902344,343.6011861061771,328.6533903235658,329.1483502487519,5155939
2022-05-19,319.2491455078125,334.3949068386194,318.3087095843498,330.63322356468024,1342321
2022-05-20,336.57275390625,337.41419183300695,322.4663958381204,323.7532795778969,3683548
2022-05-23,334.6423645019531,340.334403151174,332.95951902728615,338.6020435622807,1242086
2022-05-24,326.07958984375,337.5626660505093,324.6937081072347,335.58282636692854,1142414
2022-05-25,320.9320373535156,329.3958402481092,319.5461253528004,326.6735605766372,1231892
2022-05-26,322.1199035644531,324.19874122959584,317.7642623960313,321.7239416782249,1800315
2022-05-27,329.6433410644531,330.3362971086324,323.8028194419397,324.1987813772024,895936
2022-05-30,330.6827087402344,336.6717418669159,328.6533851628198,331.7716266005361,1520296
2022-05-31,330.73223876953125,336.0778000927858,328.801882914765,329.791802797218,3592613
2022-06-01,324.396728515625,332.3160868661076,322.8623347092462,330.63321113264817,1443964
2022-06-02,319.6451110839844,326.17858808612255,316.3288735697974,324.7431922305926,4452479
2022-06-03,317.0713195800781,323.70379473664656,316.1803977466475,321.7239550134866,1528233
2022-06-06,315.48748779296875,317.76429150481437,310.042928281204,317.0713354829701,1951463
2022-06-07,313.5570983886719,316.6258558276791,311.0822988749491,314.69550012299334,1628890
2022-06-08,317.3188171386719,317.96228925234044,308.75601590324675,315.1904953602652,1973109
2022-06-09,333.75146484375,335.13734656459445,318.30870944444735,320.1400671730428,8216222
2022-06-10,335.5827941894531,340.53239292381085,325.6835967207377,326.72300037097153,4659316
2022-06-13,327.7129211425781,335.384799204822,324.2977161311641,331.87059617642063,1783868
2022-06-14,323.15936279296875,330.08880207911636,321.8229648886487,325.6836464489394,1117224
2022-06-15,322.2188720703125,328.4553542844665,320.0410365806335,328.4553542844665,1762878
2022-06-16,318.5067138671875,326.0795947283321,315.14099239667394,324.5452310345552,1456444
2022-06-17,310.933837890625,317.7642789666074,308.8550001170763,317.2693190305223,1353964
2022-06-20,312.91363525390625,314.6954786984966,306.33067503756325,310.8347977619156,1642311
2022-06-21,321.7239685058594,323.2088483605018,310.33988962026746,313.8046092810998,1465141
2022-06-22,310.8348388671875,320.8330355861171,308.36003919467805,313.9035965030906,2795435
2022-06-23,323.3572998046875,325.38665354059685,309.39942444557363,312.3196999682445,3009496
2022-06-24,323.6543273925781,336.5727701633958,322.61489335874563,323.7038113042071,4598920
2022-06-27,316.724853515625,328.900855026296,316.1803794972082,326.67353546629846,2463482
2022-06-28,312.76519775390625,316.03192126957754,311.3298018458329,315.388479390425,2250561
2022-06-29,307.0731506347656,311.97323578353826,304.94479878180954,311.72575582016725,2928101
2022-06-30,305.7841491699219,310.34513808165354,304.396030003411,308.26294420252293,2216979
2022-07-01,308.90740966796875,309.3536048553855,302.412979105425,306.1311714714753,1136834
2022-07-04,308.6595458984375,311.73325779601026,306.4782244211521,309.3536206122769,876910
2022-07-05,310.8904724121094,314.01377847597115,308.9570303702321,309.35363153840717,1233143
2022-07-06,318.2773132324219,318.77307228730103,311.3366864641136,314.11292506794433,1838655
2022-07-07,318.67388916015625,321.35099994775527,315.7984929215644,319.2688060305926,841241
2022-07-08,320.06201171875,321.7971682915162,316.98832999683333,320.3594852864618,628813
2022-07-11,326.1102600097656,327.1017779971828,316.54211748293534,319.7645509420412,1048019
2022-07-12,321.69805908203125,329.0848507587856,321.15270597275287,325.4162519504841,1244564
2022-07-13,326.30859375,328.6882309996088,321.00396617231775,323.2348817673377,1056581
2022-07-14,329.0848388671875,332.75346780165285,325.0196087594981,328.1924786627508,1831364
2022-07-15,329.5805969238281,331.6132271010273,327.25052343227287,330.1755138112701,740797
2022-07-18,329.63018798828125,332.3568626271237,326.4573181232273,330.0267891567306,693547
2022-07-19,326.2590026855469,338.75213618400875,324.8708834654355,329.48143635235857,3775546
2022-07-20,323.284423828125,328.9360883923128,321.7475830694966,328.19244991064215,1825208
2022-07-21,328.39080810546875,330.9687309685476,322.19381995627685,324.22641996571934,1968504
2022-07-22,324.771728515625,329.0352743297309,323.3340454835702,327.4488393816619,2378460
2022-07-25,320.012451171875,324.7717257163305,317.9798512694727,324.2264028914117,781225
2022-07-26,315.5506286621094,321.6980528557982,313.36927678467646,321.54930093695424,1097083
2022-07-27,320.5577392578125,321.549257202017,313.9145871868784,315.5505857430705,1004738
2022-07-28,304.14813232421875,313.3196733967502,302.4625396992899,313.3196733967502,8467901
2022-07-29,304.5943603515625,306.9739976455046,302.6113242301558,306.2799228995203,4759094
2022-08-01,306.577392578125,307.91591773608565,304.3960407687982,307.32103111420514,1775428
2022-08-02,308.4612731933594,309.45279124910223,304.89180214093903,306.62695873848907,1840725
2022-08-03,305.7841491699219,309.30405627145245,303.40451199037057,309.00658271230327,1605452
2022-08-04,311.336669921875,311.98115060722847,305.7345989511414,306.7756808075793,2363017
2022-08-05,310.6426086425781,313.6667570029732,309.10576769099106,312.3282015161578,1413210
2022-08-08,311.0392150878906,312.8239354210326,308.362104329449,310.0972608650648,1005221
2022-08-10,310.7913513183594,314.1129126477281,309.89896084787745,312.3281922242246,941323
2022-08-11,313.07183837890625,313.7163190886685,311.33668171330663,313.22056004135436,1098580
2022-08-12,308.5108337402344,312.92310114526657,307.9159168613145,311.3366662210567,1477133
2022-08-16,314.65826416015625,315.74894008402845,308.60999790843766,310.2955907233974,1424508
2022-08-17,314.8069763183594,316.79001238965617,313.4684209184883,316.2942533718319,1205595
2022-08-18,312.32818603515625,315.6497775574348,310.34514993334574,315.2035823310356,1262974
2022-08-19,305.5362548828125,313.2701131655501,304.9909321055179,312.3281589952482,2301259
2022-08-22,302.90875244140625,305.63542697238455,300.42995741324415,305.5362691195124,1994185
2022-08-23,304.3464660644531,306.32950208961006,301.3223179708517,302.71043713671594,1233007
2022-08-24,304.1977233886719,307.221871574063,302.90876203668836,304.04900173401677,1296571
2022-08-25,303.9002685546875,306.2799057151156,303.4045095521513,304.3960275572237,1189693
2022-08-26,304.14813232421875,306.18073202599186,302.9582986761835,304.39601181266556,1074937
2022-08-29,300.9257507324219,301.91726885674615,296.0177239135239,301.42150979458404,1948405
2022-08-30,307.2714538574219,307.8663707705605,302.7104645350007,303.9002983612779,1608532
2022-09-01,299.0418395996094,302.3138369480674,295.02617348061614,298.4469227384183,3239075
2022-09-02,293.0927429199219,301.86768375273465,291.6054658383851,299.934211443245,2893357
2022-09-05,290.3164978027344,293.2910522075113,288.1847398643907,293.09276673576545,3619567
2022-09-06,289.91986083984375,293.4893317370399,287.7385393673055,293.4893317370399,2326067
2022-09-07,299.63677978515625,300.6282978780804,289.2258398094532,290.2173579023773,2690548
2022-09-08,297.6537170410156,302.21467565452815,296.31516168325516,302.1155480610651,1457902
2022-09-09,299.5871887207031,302.1651418398277,297.7033103770575,298.9922718072542,1116425
2022-09-12,300.9753112792969,303.00794156741244,299.9837931656985,300.42998842031034,1445662
2022-09-13,300.8265686035156,302.4130035262187,299.7854867604417,301.61980119423185,1230351
2022-09-14,302.660888671875,304.74308265551593,297.50498264178594,298.4469369049447,2500445
2022-09-15,296.91009521484375,304.5447661227463,294.5304276635044,302.9583311747633,2340192
2022-09-16,288.7796325683594,298.2982119167791,287.54023500368834,297.8520166900057,2749903
2022-09-19,287.54022216796875,290.4652123935135,283.67330799055895,290.2668966885271,1319012
2022-09-20,296.0177001953125,298.5460893649931,287.83767632505584,289.47370530609066,2482788
2022-09-21,286.895751953125,295.91857220118175,286.5487145861364,294.9270541576311,1423489
2022-09-22,287.0444641113281,288.0359821220754,283.07839206833916,287.5402231167018,1145495
2022-09-23,281.392822265625,290.1677634271904,280.55005609483044,287.0444874906958,1747197
2022-09-26,273.70855712890625,281.3928223401038,273.0145126199076,281.3928223401038,1352658
2022-09-27,277.7737731933594,278.7652912345698,271.1801842710558,275.0966926373287,1411277
2022-09-28,281.6407165527344,284.61527098318214,275.1462848164164,277.4267644429334,1977859
2022-09-29,284.41693115234375,286.25124541896133,281.8389784202374,283.07837586271864,1541227
2022-09-30,288.4822082519531,289.870327564042,283.42545980337866,284.4169779204038,1858560
2022-10-03,289.275390625,293.7867856417953,283.57416184661525,288.48218828976,1655669
2022-10-04,296.0177001953125,296.61261707398614,290.5147871497225,290.5147871497225,2244077
2022-10-06,288.7300720214844,296.2160212929266,288.03599727395874,295.9681417772003,2959566
2022-10-07,280.4508972167969,287.5402454935998,279.40978506925404,287.5402454935998,4811153
2022-10-10,275.047119140625,277.7737939577808,273.75815769418944,277.129313234563,1970884
2022-10-11,266.470458984375,274.5017607301612,265.77638429004094,273.65896438953484,2615823
2022-10-12,265.1815185546875,267.21411848419217,260.02561251383815,267.21411848419217,4144672
2022-10-13,260.17431640625,266.52002553640676,259.03407676124755,266.22258224074625,4126270
2022-10-14,259.0836486816406,263.7933593158901,258.4887620716659,262.8514353442775,2411572
2022-10-17,261.46331787109375,263.34719608540195,256.05953247813136,259.6785672532788,2632881
2022-10-18,264.5369873046875,265.33021985095314,262.2069442380219,262.80183082431154,1152193
2022-10-19,267.4124450683594,271.37851748904706,262.75229787055883,265.52853646154773,2359801
2022-10-20,268.25518798828125,270.48610353145807,265.0823484821114,265.92514485016835,2421174
2022-10-21,266.5200500488281,269.34588265241246,264.23957054908254,269.19716099090397,1080940
2022-10-24,267.8090515136719,270.2382527637705,266.024300734103,268.20565271177657,309236
2022-10-25,269.6929016113281,271.47762194497045,264.88403315952746,268.1064667265746,1941410
2022-10-27,273.9068603515625,274.8488145992497,269.0979917741874,271.6759447468891,1528784
2022-10-28,270.287841796875,275.29499612960007,269.3954815530577,275.29499612960007,634150
2022-10-31,267.5611572265625,274.20431013995983,266.9166765328439,271.6759511650907,1369705
2022-11-01,268.00732421875,272.6674712860399,267.31327971980556,268.65183517604675,2436287
2022-11-02,266.17303466796875,270.1886706977833,265.6276815810473,269.39546835519,3665906
2022-11-03,277.3771667480469,278.86444378154846,264.9336276712417,265.5285142776594,5298720
2022-11-04,271.6759338378906,279.40976218671886,270.8331374804435,278.41824418001124,2172686
2022-11-07,276.03863525390625,276.38567264350087,270.73400732362103,273.0640809294919,2212874
2022-11-09,276.83184814453125,280.59960458314544,274.7496542142532,276.68309623193846,2106632
2022-11-10,273.5598449707031,280.5996297185691,269.6929303302148,275.59247528468103,1807736
2022-11-11,278.6661376953125,281.98772923656566,275.6915835256046,276.13777875455264,1949030
2022-11-14,283.57415771484375,285.35887807249446,276.33608817036907,278.6165675450038,2662219
2022-11-15,281.4424133300781,284.5161254327766,275.6420265047606,283.5741711523796,4141668
2022-11-16,281.98773193359375,285.0614439901026,278.1208175277349,281.98773193359375,2687912
2022-11-17,283.4254455566406,284.02036244869777,279.85597446302785,281.59113108060194,1319951
2022-11-18,284.9127197265625,287.292357011582,280.5996101269291,284.86312566847533,1722626
2022-11-21,283.0288391113281,292.49782437313615,280.64917158741054,292.49782437313615,1901674
2022-11-22,279.8064270019531,282.58266564869314,277.6250750232775,282.136470388913,1458767
2022-11-23,277.7737731933594,280.79792137428876,277.22845037418534,280.599605662555,1410001
2022-11-24,272.1221618652344,281.6903057322375,271.72553040773073,279.2610742193213,2395644
2022-11-25,279.7568054199219,280.3517222881943,272.766615429225,273.65897560226927,1972475
2022-11-28,278.81488037109375,282.1860355999662,277.9224899427706,279.75680433838215,2087670
2022-11-29,279.7072448730469,281.0953640759973,279.4593653632797,280.10384603692853,764612
2022-11-30,280.4508972167969,284.5656912298729,278.12082365846464,282.48349719351796,6560699
2022-12-01,283.1279602050781,284.0699144332173,280.59960134241015,282.38432168561945,1127965
2022-12-02,281.1449279785156,283.12796405738715,279.6080871208819,283.07840025890704,987241
2022-12-05,277.0797424316406,282.8800990527815,276.5343893267493,281.78945336046047,1492167
2022-12-06,271.3785400390625,278.02169374048395,269.9408265636049,277.0301755529225,2383617
2022-12-07,273.4111022949219,274.3034624882002,270.43654814484114,271.77510356412336,1244697
2022-12-08,273.2127990722656,275.64203050938386,270.6844400325964,273.6589943186689,1261574
2022-12-09,269.9407958984375,274.99754413230306,268.30479712655665,273.8573043978849,865434
2022-12-12,268.4039611816406,271.87427452398833,267.61072854815114,270.585282841592,975963
2022-12-13,263.84295654296875,269.69290692826996,263.34719752288004,269.69290692826996,2463416
2022-12-14,269.1475830078125,271.6759418964226,264.7353156435943,265.1319168062958,4452626
2022-12-15,268.00732421875,271.4776374896632,266.71836282161723,270.13911229215245,1793894
2022-12-16,263.84295654296875,268.10647201224015,262.7522806470277,268.10647201224015,1190382
2022-12-19,260.8188171386719,265.18152086918974,259.2819762281919,265.18152086918974,1324054
2022-12-20,259.8272705078125,261.6615847939823,256.9023106676152,261.36414150810697,1660191
2022-12-21,268.89971923828125,270.2878385183518,260.47181543796523,260.7692587627193,4912220
2022-12-22,267.36285400390625,273.06408317253226,262.8018646172591,271.67596386148267,2390292
2022-12-23,264.784912109375,274.6505298894008,263.84298801409153,269.3954957531328,6383847
2022-12-26,262.9505615234375,268.0072786514563,261.16581113232036,266.6191596308487,2370002
2022-12-27,263.1488952636719,264.190007414318,261.61205432632437,264.190007414318,1313840
2022-12-28,261.56243896484375,264.78487249771746,260.7692366602431,263.099310035759,1368720
2022-12-29,258.587890625,264.5865928734405,257.99300401282255,261.76076043068167,2886509
2022-12-30,259.6289978027344,261.06668076660725,258.9349230900175,259.28196044637593,1010982
2023-01-02,261.16583251953125,261.9590650667839,256.2082425694311,259.62899173849127,1918322
2023-01-03,261.16583251953125,263.69422154931897,260.47178808175386,261.7111855692789,1276723
2023-01-04,258.6374816894531,262.2565164123964,258.0921286229614,261.76075740216504,1149776
2023-01-05,257.99298095703125,259.92642279128205,257.24934249953645,259.77770115152833,1262638
2023-01-06,254.17567443847656,259.2324228688939,252.39093880836657,258.5879118881565,2352217
2023-01-09,254.621826171875,256.8031780113709,252.936263622019,255.31590091864095,1334267
2023-01-10,255.71249389648438,257.6955299565715,254.47309635892995,254.82013372119098,1043545
2023-01-11,249.41636657714844,256.50572965751667,248.87102862798707,255.81165492438512,2705579
2023-01-12,248.17697143554688,250.65576656548768,246.243514260066,249.7633912410901,1776838
2023-01-13,249.91213989257812,250.85407906080687,244.16133189218849,248.17698321923262,2003170
2023-01-16,248.32569885253906,251.84559104458643,246.88800066969299,250.85407296960773,1312173
2023-01-17,247.2350311279297,249.366788877723,245.4502956170472,248.32569190226113,918909
2023-01-18,247.53248596191406,248.42486132358016,245.89648715957435,247.82994441580274,734471
2023-01-19,247.08628845214844,248.82144499342667,245.64859034381934,247.58204746394222,844207
2023-01-20,242.87234497070312,248.27611535402116,242.37658594233696,247.0367177831058,1225843
2023-01-23,246.24351501464844,247.4829125834168,243.1202240637332,243.1202240637332,1263514
2023-01-24,244.06216430664062,248.27611605973078,243.41768361967868,247.63163537276884,859906
2023-01-25,233.2050323486328,244.11173043162412,232.31267219358824,243.86385092973796,3603904
2023-01-27,233.50250244140625,237.9643336982484,230.67666992699358,234.9897795270203,6734102
2023-01-30,231.46987915039062,233.9982531317121,227.7021076418885,233.50249412083983,1975246
2023-01-31,233.0563201904297,233.99825931008462,230.47836721408117,233.00674126216055,1215429
2023-02-01,237.6668701171875,241.8808217686602,234.3452937754101,234.9897744468307,3814127
2023-02-02,237.22068786621094,239.64990400553017,234.79147172689167,236.47704934625415,1593164
2023-02-03,231.27159118652344,237.9643381983521,228.29703695904402,237.91475926868773,1479173
2023-02-06,239.0054168701172,242.77318829511105,229.7842964463955,231.0236939461064,3621954
2023-02-07,235.73341369628906,240.19524487035133,234.64273780199468,240.19524487035133,907564
2023-02-08,242.02955627441406,243.3680965323161,233.6016530507652,236.47704927532317,2197586
2023-02-09,241.0876007080078,242.8723361713372,238.90626408810047,239.60032367679403,1746290
2023-02-10,240.2943878173828,242.42614541653944,237.51813445545156,240.34395161275006,2898885
2023-02-13,235.683837890625,242.7732010387233,235.03935720869097,240.88930766265534,1676915
2023-02-14,232.95716857910156,236.62578242889742,231.6681920563719,236.17960232124315,3846790
2023-02-15,236.0804443359375,237.4189845724041,228.64405925768702,231.71775601241205,5789278
2023-02-16,240.7901611328125,243.41767787688642,235.1880751508988,236.87365278649517,4463420
2023-02-17,230.52793884277344,240.64141958548677,230.0321798345094,240.64141958548677,4081551
2023-02-20,225.76864624023438,231.71775425778662,224.57882766259675,230.52793568014897,5289644
2023-02-21,225.22332763671875,227.20636381271228,223.7856294349965,226.06612406326215,2613050
2023-02-22,220.36488342285156,226.06611212782974,219.57166596845997,225.37205252874878,2512629
2023-02-23,218.13397216796875,222.05046546056613,217.1424541126598,221.50512750427325,4162618
2023-02-24,224.3805389404297,226.16527446584396,215.50645537136106,218.9271896362756,4747013
2023-02-27,227.6525421142578,228.44574442213406,220.61275816162433,224.38052964149347,3574047
2023-02-28,227.20635986328125,230.08177134610904,221.40598822694477,223.09156592136654,51617861
2023-03-01,225.22332763671875,230.72625605097386,224.925884313812,228.84237773552616,3583078
2023-03-02,221.6042938232422,225.2233288115624,219.47253597467528,223.19072882405854,5807866
2023-03-03,223.63690185546875,224.2813825438657,220.9102271856333,221.65386573195207,3976008
2023-03-06,224.4796905517578,227.6525605577732,223.3890297253848,224.0830893656886,4048944
2023-03-08,221.7034454345703,226.01653994065117,220.11701047847495,226.01653994065117,4032570
2023-03-09,221.95130920410156,224.380525265668,221.40597128104852,221.60427185415037,3943009
2023-03-10,221.85215759277344,222.79409668852352,218.53056616477835,221.70343594110506,3829349
2023-03-13,216.29965209960938,221.80258018961257,214.81237505524984,221.3564001021776,2406396
2023-03-14,215.95263671875,218.48101080025586,214.3166228404274,216.2996589624924,1694587
2023-03-15,219.3733673095703,222.39750037067122,216.74585054382302,216.8945721987277,2460149
2023-03-16,219.96827697753906,223.7360333190241,219.12548061573287,220.11699862756876,2654387
2023-03-17,200.5841064453125,221.50512842132764,198.30361188278746,221.10852724930803,43622635
2023-03-20,200.03875732421875,208.16920193184578,197.1137822380398,204.25270884158147,12777914
2023-03-21,199.394287109375,201.87308224932565,189.92528664889062,201.87308224932565,12170982
2023-03-22,201.97222900390625,202.46798804178005,198.3036151495133,199.4438548848769,4977834
2023-03-23,205.24424743652344,206.03746494524302,199.34471774622594,201.97223466890864,6145350
2023-03-24,197.01463317871094,205.24423600578191,194.9820181537469,205.24423600578191,6907260
2023-03-27,204.89720153808594,206.13659911605492,197.16337275505145,197.3616733416535,11575501
2023-03-28,200.78240966796875,205.04594040530975,197.5599759325569,204.89720361682552,4260256
2023-03-29,199.89004516601562,202.26968243705863,197.9565728627578,200.28664633473454,11020214
2023-03-31,204.59976196289062,206.4340613341962,200.58411071099317,200.8815691610162,3884594
2023-04-03,207.57431030273438,210.10266923263168,205.2442368280612,207.326430789657,3426689
2023-04-05,210.6975860595703,213.5234185596446,204.89719940336093,206.0374542408316,7498043
2023-04-06,213.9696044921875,216.59712135001385,209.805231585908,210.84631346545396,5396768
2023-04-10,213.67213439941406,215.65517044952463,211.39163991591403,215.15941143699698,2349024
2023-04-11,214.1678924560547,216.39880800247192,211.49079682622687,213.57297559193103,3201574
2023-04-12,221.7530059814453,225.0745975029484,214.41577845820524,215.50645436569232,12681754
2023-04-13,222.19920349121094,222.89326310794226,218.48101076297357,222.5462257348941,3557030
2023-04-17,222.0504608154297,222.74452041375375,220.3648831825385,222.2487613964702,3100051
2023-04-18,230.13133239746094,232.31266895780348,220.56317468030724,222.0504516709086,12504374
2023-04-19,227.45423889160156,231.22201057826237,224.87630099078686,230.6271088147044,4306899
2023-04-20,227.5533905029297,228.84236698263183,221.70344011037363,227.1567893381127,6045806
2023-04-21,226.90892028808594,228.9910991934089,225.27290636672646,227.55340099296475,2460397
2023-04-24,223.7360382080078,227.94998985039183,223.28985811880477,226.90890801870623,2793727
2023-04-25,228.94149780273438,231.9160517722599,224.18222355498466,228.74319723063877,8767164
2023-04-26,228.8423614501953,232.1639377309887,227.65254285514447,229.78430054088705,3597575
2023-04-27,230.97413635253906,231.42031646777045,227.7517025556735,229.0406791002928,2489889
2023-04-28,230.57752990722656,232.0152280810008,227.4542389131325,231.81692749312936,3853989
2023-05-02,236.8736572265625,237.86517528130636,230.5775266565579,231.96564588145336,5099831
2023-05-03,236.2291717529297,238.11304996699948,235.2376537182899,237.31984764277928,3025688
2023-05-04,239.4516143798828,240.1952529338576,236.0804589869431,237.1711197884871,3603842
2023-05-05,240.7901611328125,243.41767787688642,237.71644916897563,239.8977858226512,5343250
2023-05-08,242.22787475585938,242.9219343996997,239.74907950688285,240.93889820051848,1822973
2023-05-09,244.16131591796875,245.35113453311743,242.27743770476374,242.82276052007367,3022793
2023-05-10,244.4587860107422,247.08630287487483,241.78169021666332,245.59902575267932,2318845
2023-05-11,244.01260375976562,245.79732418725456,238.50967543003438,245.35114408038234,2268718
2023-05-12,243.02108764648438,245.15284546837634,241.78169004553203,244.70666535790653,1502958
2023-05-15,245.84689331054688,247.4333282154416,240.98846099952416,243.0210759934941,2300820
2023-05-16,244.16131591796875,247.38374952906884,243.51683524749456,245.94605140537402,1319381
2023-05-17,243.36810302734375,245.74775543161866,240.98846575243365,240.98846575243365,1990771
2023-05-18,242.97149658203125,246.39223076394757,242.32700078410446,244.40919470146108,1911242
2023-05-19,239.69947814941406,244.5579103311002,238.50965956709953,242.9219116715882,2389591
2023-05-22,238.41050720214844,241.43464021843707,237.3694102451488,239.45160415914805,1895656
2023-05-23,240.09608459472656,242.32700015927153,238.01390581210327,238.46008589913936,2133409
2023-05-24,240.93890380859375,258.38962881931644,240.4431447472592,257.7947118939686,17725181
2023-05-25,237.8155975341797,247.08628172469037,236.82407953758835,241.38505324429013,6697848
2023-05-26,237.4189910888672,239.7490645290851,234.69231648533602,238.4600880542702,3430449
2023-05-29,239.9969482421875,242.3270065938532,236.47705612101225,238.26179164591173,2492152
2023-05-30,239.60032653808594,240.88930300640362,237.02238873081507,240.19524340942164,1529554
2023-05-31,243.12022399902344,244.31004263885143,238.50967109617815,238.50967109617815,2814189
2023-06-01,243.21937561035156,245.8468923362204,242.92191717569213,244.9049532342692,2522264
2023-06-02,238.2122039794922,239.94736051212118,232.01521636296013,239.94736051212118,7195827
2023-06-05,239.3524627685547,242.32701706209613,238.46010253223847,240.6414393216291,2965611
2023-06-06,241.28591918945312,241.93039985864223,237.81560607672668,239.94736379422713,2307032
2023-06-07,241.63294982910156,245.05368413334617,240.889311279076,242.37658837912713,2294336
2023-06-08,239.5011749267578,242.47572891434902,238.85667915182802,240.93887299488745,1798133
2023-06-09,239.0550079345703,242.42616325321677,238.0634898844549,241.9304042281591,2166494
2023-06-12,237.0719757080078,240.09609370678095,236.62578047467338,239.45161301542126,3072631
2023-06-13,237.1215362548828,238.41051274928438,235.63425917581134,236.87365674170422,3405151
2023-06-14,237.31983947753906,238.46007912639786,236.27874255111442,237.8651622743369,1976055
2023-06-15,241.4346466064453,242.6740441762936,236.9728153549915,236.9728153549915,3481429
2023-06-16,242.82276916503906,245.8469023028402,241.4346499195066,241.93040895424892,3714937
2023-06-19,242.77320861816406,245.30156762573725,241.38507422466586,243.41768932021895,2326163
2023-06-20,242.92193603515625,244.16133366798866,242.32701911965043,243.76473247722853,1272664
2023-06-21,243.02108764648438,244.5579285681731,242.17829122609066,242.92192978666208,1728130
2023-06-22,236.92323303222656,243.81428039599075,236.477052939346,243.41767923106684,2270480
2023-06-23,234.89060974121094,237.27026203496743,232.80843100470864,237.27026203496743,1917570
2023-06-26,237.9147491455078,238.85668825159078,234.09741379362114,235.9317130782323,2646456
2023-06-27,241.5833740234375,243.31853066259848,238.11306074511555,238.11306074511555,2772073
2023-06-28,242.92193603515625,243.71515354604213,241.48423780694375,242.92193603515625,2727619
2023-06-30,263.248046875,265.52852632635734,243.9134445621469,244.5083614542884,18396181
2023-07-03,261.2650146484375,267.957761702999,260.3726544262421,265.77640981876084,5176929
2023-07-04,260.32305908203125,268.20563989976796,257.5963843695567,264.7353266293458,6335870
2023-07-05,255.46461486816406,262.30608323655173,254.2748113851174,260.8684002455292,3783626
2023-07-06,257.2989501953125,262.25654075784263,255.46463563543006,257.2989501953125,3801171
2023-07-07,253.2599334716797,259.24364476733166,252.31251796940995,257.7477207477502,2992725
2023-07-10,254.00790405273438,255.6534296601964,250.86646959253886,254.3070919102117,3929446
2023-07-11,253.50926208496094,255.70328100562836,251.86375169879202,255.3043740081712,2604446
2023-07-12,258.44580078125,261.6371175353855,253.60898890716686,254.30708374063673,4526585
2023-07-13,256.45123291015625,260.9390049322713,255.30436392476832,259.6924015927949,2780982
2023-07-14,261.487548828125,262.68426986552134,255.4539699389637,257.3488010741652,2624910
2023-07-17,263.8810119628906,267.27176710036764,261.88644653676846,262.28535353506226,6311920
2023-07-18,265.3769226074219,268.9671462797478,264.2799055916207,264.52922625727314,3653085
2023-07-19,266.0749816894531,267.4712016571449,264.5292058554862,265.82566104302947,3708586
2023-07-20,265.5265197753906,268.019726533845,264.1801820388947,266.5238024787724,3529099
2023-07-21,263.2327575683594,266.523778013563,262.0360062602944,265.2771747487662,2515077
2023-07-24,248.82203674316406,259.69241222136566,247.8247540307666,259.2935052233373,8242031
2023-07-25,245.0323486328125,251.06591182133863,242.73859545155554,251.06591182133863,4702511
2023-07-26,248.77215576171875,249.52011775451845,244.33425098123894,246.3288162953715,2240553
2023-07-27,255.4040985107422,257.2989295015363,249.91904381206604,251.31523346661686,4530779
2023-07-28,256.0523376464844,260.490257911979,253.8084515327372,256.25180636378985,3317740
2023-07-31,256.4013977050781,258.4956975391816,255.30438060772354,257.2989460812214,3156485
2023-08-01,255.10491943359375,259.79214511191736,253.95803519041974,258.196486694165,3486144
2023-08-02,252.2626495361328,256.0024747837948,249.9688963407282,256.0024747837948,1574491
2023-08-03,253.85830688476562,256.1520600709729,251.41496738487515,252.26264852462342,2844993
2023-08-04,252.86102294921875,257.49839647544053,252.3623816163342,255.2046280833806,1988139
2023-08-07,260.689697265625,263.5818110705169,252.61171635334426,255.20464229837535,6179897
2023-08-08,272.40777587890625,273.25547229961325,262.9834721935989,263.48211356640843,13421010
2023-08-09,269.316162109375,275.7486472479709,264.0305763432199,273.9535506874863,10018397
2023-08-10,260.689697265625,268.26905203457335,259.84200086557394,268.26905203457335,6839209
2023-08-11,255.5038299560547,264.52922586544486,249.02147744136647,256.2517919519042,20590950
2023-08-14,253.90818786621094,262.9834667504372,252.6117172802748,257.4485293660198,6885295
2023-08-16,256.45123291015625,257.2989292679306,250.96617821646007,253.30979858160606,3619987
2023-08-17,255.15478515625,257.2989368766247,254.40682313044587,256.45124049378273,1982358
2023-08-18,257.4984130859375,260.191058196418,254.5564168582781,254.5564168582781,4142938
2023-08-21,258.7449951171875,259.29348839955685,256.5509611184077,257.2490711456516,1392931
2023-08-22,259.2934875488281,261.4875215404094,258.04688424330493,258.994314929363,1855647
2023-08-23,259.642578125,261.23823666156005,259.09405433464696,259.34337502990144,1152160
2023-08-24,259.7921447753906,263.2826342445417,259.193769065177,259.69241041791287,2373743
2023-08-25,254.70599365234375,259.79214147251736,253.40953832557412,259.09403141370143,1994407
2023-08-28,259.1937561035156,259.7921317838059,253.16020821099605,255.2544926573607,1511554
2023-08-29,258.44580078125,260.44036614392166,256.85014240418224,259.44308346258583,1535249
2023-08-30,259.2934875488281,261.28805283766525,258.59537752387473,259.2934875488281,1662468
2023-08-31,258.645263671875,261.03873596629757,256.25179137745243,259.5926639370363,1952045
2023-09-01,260.09130859375,262.6343976672612,258.0967432504401,259.14390831646887,2015580
2023-09-04,260.63983154296875,264.2300552370992,259.99160389526577,261.73684856543247,2135956
2023-09-05,266.37420654296875,268.5682101504042,260.78941751873475,261.2880588524226,5013357
2023-09-06,268.66796875,272.75683414217,264.9281584098423,267.22192701259837,3864756
2023-09-07,266.8728332519531,271.011550007829,265.4766436810691,271.011550007829,2855904
2023-09-08,265.6761169433594,268.5183788509971,265.17747557130554,267.32162738420624,1573069
2023-09-11,275.64892578125,277.2944361110435,266.12488839164797,267.62081240685154,4969656
2023-09-12,266.57366943359375,276.5464970283358,264.8284246045139,276.5464970283358,5319049
2023-09-13,270.114013671875,271.2110306812474,265.1276003880473,266.5736419795665,2367997
2023-09-14,274.202880859375,274.651639797742,270.76224349196997,271.90911246955443,2486100
2023-09-15,275.99798583984375,279.13942024214725,272.50749640736154,274.2527411236027,6956452
2023-09-18,272.4576416015625,277.64349330059565,271.26089020620367,277.0451176029162,2554179
2023-09-20,272.4576416015625,274.90096591799613,267.7704008101679,273.2056036149987,3260778
2023-09-21,266.27447509765625,275.25001920207166,265.4766611289024,274.25273652380326,4855030
2023-09-22,263.6316833496094,268.5183624095945,260.5899529055339,266.27447637274554,3614837
2023-09-25,263.38238525390625,265.42680275551686,262.0858993940332,263.6317059460371,1072534
2023-09-26,260.93902587890625,265.2772119354583,260.19106381517844,264.13034285800654,1175241
2023-09-27,263.9308776855469,265.07774677843213,260.93902939037423,262.0858984832595,1584824
2023-09-28,266.17474365234375,269.0170054034066,263.5319506129757,264.42949894629754,4594900
2023-09-29,271.4603576660156,273.2554543161294,264.3796445511855,267.9698682860651,2867446
2023-10-03,271.958984375,274.15298789214336,268.3687608332694,268.3687608332694,1984718
2023-10-04,264.1303405761719,271.01158541608936,261.98618876560647,271.01158541608936,2557186
2023-10-05,262.8836975097656,266.9226798361429,262.5346425154079,266.0749835454596,897722
2023-10-06,263.83111572265625,265.1276014423981,261.8864327950207,263.2826224331145,1215958
2023-10-09,259.7422790527344,263.13303398476427,258.94443466983535,260.49024104221087,1225855
2023-10-10,257.1991882324219,260.9888805467741,254.95530227965514,260.2907705209418,2682999
2023-10-11,256.7005615234375,259.0940339223845,256.4013888865639,258.0967512199355,1496819
2023-10-12,259.39324951171875,260.54011858795013,256.7005739113022,257.2989496485785,1572827
2023-10-13,253.85830688476562,258.79485306154965,253.30979837238388,258.7450011018725,2764245
2023-10-16,253.50926208496094,254.35695847621557,251.81388451977824,253.80844994171707,1514070
2023-10-17,254.2073516845703,256.8002927664239,253.01061549960951,254.30708604053632,2999430
2023-10-18,238.00149536132812,251.3152246593802,236.05679726159562,250.8165833406116,13082442
2023-10-19,234.76034545898438,238.84921068499,232.76578002528925,238.35056932656622,5417771
2023-10-20,230.3224334716797,235.9570897824632,229.8736593060875,234.860072740059,4771316
2023-10-23,225.6352081298828,232.76577326120056,224.48833912576634,230.82107506332537,3841041
2023-10-25,223.79022216796875,228.77663545350572,223.29158083941505,226.38316316337824,3158091
2023-10-26,221.49649047851562,225.4357540417445,217.4076253821052,224.0894163297414,3304417
2023-10-27,222.0948486328125,225.38588450309274,221.84552796411438,223.49105350791748,2766883
2023-10-30,221.29702758789062,223.44119454794344,219.25261020324177,222.39404465743638,2213338
2023-10-31,219.05313110351562,222.84280827092203,216.90897946242654,221.5962049406782,1965042
2023-11-01,218.105712890625,220.99784171104716,217.7068059168619,220.3994660330769,1171523
2023-11-02,221.14743041992188,222.99240943256518,219.65150642610053,219.8509599151449,2216990
2023-11-03,223.88995361328125,227.3804428678313,222.39402964704553,223.09212445449043,3721458
2023-11-06,224.239013671875,226.28343096454373,222.99241033862538,224.98697567182478,3115669
2023-11-07,224.73765563964844,225.2861489339661,222.9924109681718,224.53818693190468,2717764
2023-11-08,226.23358154296875,228.7267882374369,224.837376663671,225.58533867201143,3110053
2023-11-09,226.4330291748047,228.8763686286828,225.28614499463598,228.32786012663044,1989025
2023-11-10,226.78207397460938,228.02867731707607,221.94526213623422,227.23086335175816,2629871
2023-11-13,226.7322235107422,231.2199955732324,223.74037546908204,229.474750882264,8590243
2023-11-15,228.4774627685547,231.12025572224556,227.82921991121447,230.87093505803603,3215676
2023-11-16,231.2698516845703,233.56360493447997,227.62977592214347,228.976113651987,4508925
2023-11-17,232.1175537109375,232.8655157529706,230.870950307549,231.26985730970264,1783108
2023-11-20,234.36143493652344,238.05137788993108,231.66877468497333,232.36686953280835,4820490
2023-11-21,233.06495666503906,236.15653902538133,232.26712748649985,236.15653902538133,1697203
2023-11-22,235.35870361328125,236.854627576925,233.0649504922291,233.81291247405096,2803434
2023-11-23,234.0123748779297,235.85735392367107,232.5663180347593,235.85735392367107,1158811
2023-11-24,234.71047973632812,238.30068817609558,234.2616903661972,234.81019887177055,2203816
2023-11-28,232.4665985107422,235.6080328619714,230.62161946806725,234.7603364980773,2846098
2023-11-29,236.106689453125,236.75491714927563,232.56633267129172,232.56633267129172,2307166
2023-11-30,237.6524658203125,238.5001469683907,235.50829892671828,236.1066746219832,3794118
2023-12-01,239.99606323242188,244.43398319132748,239.39770277382237,240.34511824626577,3020077
2023-12-04,239.99606323242188,242.73859051531494,238.25081859785357,242.63887138087782,1817846
2023-12-05,242.43942260742188,242.73859523387443,239.6470280943665,241.4421399397111,2272088
2023-12-06,239.7467498779297,243.78574777022052,239.34784289337114,242.83833226889948,2329446
2023-12-07,241.5917205810547,243.08764454750084,239.89634312921416,240.29525010000293,1857120
2023-12-08,238.35057067871094,243.1375307902006,236.2562708745196,241.94079456665986,2350010
2023-12-11,239.39772033691406,239.8963616976586,237.00423267494432,239.1483996565418,1612669
2023-12-12,238.00149536132812,242.33968092154518,237.6025883932434,239.7966071523602,1455169
2023-12-13,248.62257385253906,249.32066868138173,238.35055925940094,239.14838844264654,4745442
2023-12-14,247.3759765625,250.96618514896986,246.22909232810545,250.96618514896986,7398830
2023-12-15,251.0160369873047,254.25720556140084,248.57269756722036,254.25720556140084,6815893
2023-12-18,253.40953063964844,256.1021755677294,248.37325015033036,251.21549660818852,4310027
2023-12-19,251.66429138183594,256.2019154199498,248.92176400097208,255.20463273599927,4813865
2023-12-20,241.9407958984375,254.8556041825031,240.74404445098247,253.06049222864735,3532183
2023-12-21,245.0323486328125,246.32881914546434,238.6497456406701,241.69146082338088,2124226
2023-12-22,245.6307373046875,248.52285110958607,244.13481322270687,245.7803236259549,2273146
2023-12-26,249.96890258789062,251.31524031938935,247.07678884574884,247.32610952066887,3586164
2023-12-27,252.0631866455078,255.00516738287064,250.1683557210573,251.4648109760364,2913019
2023-12-28,246.67787170410156,252.61170047960618,244.3342513693429,252.36237981494358,7352066
2023-12-29,248.97161865234375,250.06863570347696,246.72773258920188,246.72773258920188,2137811
2024-01-01,254.8555908203125,258.9444406603144,248.97161390324737,249.121215434999,7038993
2024-01-02,265.4766845703125,266.97260871980416,255.1548018518892,256.9000466929628,17494142
2024-01-03,281.582763671875,283.7269152927812,264.8782792038466,267.22189952957484,28706243
2024-01-04,282.8293762207031,287.0678276419603,280.43590385798245,285.22284858342374,9653743
2024-01-05,290.5084228515625,293.6997394953212,277.9426858490591,284.5746093636361,12166860
2024-01-08,279.78765869140625,292.4033096170855,279.23916536187835,292.4033096170855,7064064
2024-01-09,280.4358825683594,286.02064084584987,279.73777256634804,282.3307134435544,3105303
2024-01-10,280.6852111816406,284.1757004213892,278.0423878381103,280.43589052165856,2847064
2024-01-11,281.3334655761719,285.7215035223948,280.4857691646546,282.18116198768917,3239162
2024-01-12,273.4549255371094,282.8792286887275,268.36877773554517,282.67979041169013,5430166
2024-01-15,280.336181640625,282.23101274171285,273.0559994469194,274.95086098266086,4445241
2024-01-16,286.8184814453125,287.9154983907063,275.54916982030255,281.48301345585355,13568999
2024-01-17,278.9399719238281,288.46400914436225,277.44404793517975,285.47216116706545,6926246
2024-01-18,279.538330078125,286.46945705274,272.60723353816286,279.3887437592839,5337699
2024-01-19,275.3497619628906,282.67979595886976,274.50206557355307,281.23372385737315,4152394
2024-01-23,261.7867126464844,275.69881869241595,260.7395779697597,273.85383958302435,5447314
2024-01-24,263.7812805175781,265.6761116063881,260.14120466163865,261.7867150694301,4637208
2024-01-25,257.9970397949219,265.6760981196822,256.3016470761991,265.576363765407,3864418
2024-01-29,259.39324951171875,260.83929123926123,255.70329116072625,260.5899705516172,3314421
2024-01-30,259.2934875488281,263.6316731389791,258.34605686277007,261.28805283766525,2637680
2024-01-31,267.670654296875,269.615367617339,259.29348621382024,260.44035516206657,4943291
2024-02-01,269.21649169921875,272.90641962936456,265.426798972057,267.5709508068876,4986173
2024-02-02,273.9535827636719,280.0369831724023,269.86471741420655,271.26090717301923,5660639
2024-02-05,283.8764953613281,288.71332221770865,274.60177904943816,275.2001547160941,10372100
2024-02-06,297.7387390136719,306.26552439103835,285.2228532561864,285.621760250733,23649986
2024-02-07,289.4612731933594,303.173908874354,283.57731196989886,303.173908874354,11567515
2024-02-08,283.9263916015625,293.55016339126473,282.8293745649641,292.20382568428727,5818098
2024-02-09,272.6571044921875,290.25913937717104,270.7622733073543,280.18660770130657,16961839
2024-02-12,265.9753112792969,279.7378005214649,263.8810114986227,274.3524799673406,6238533
2024-02-13,266.47393798828125,273.5546205016469,260.2907733441759,266.27446928312247,5350604
2024-02-14,270.9617004394531,273.6543452567531,263.1828777308469,264.8283879694163,4842342
2024-02-15,273.55462646484375,277.24458454815846,271.75952981788913,272.9562812056269,4257799
2024-02-16,286.0705261230469,289.211960294488,274.8012142369887,275.25000359061613,12781234
2024-02-19,290.25909423828125,302.2763680643224,286.0705254970752,286.2201118030736,28508993
2024-02-20,280.4358825683594,288.81305041924514,279.2391312605257,285.9707888891277,10218574
2024-02-21,273.25543212890625,283.02878942535034,271.909094533312,280.7350516214858,5852991
2024-02-22,270.0641174316406,275.0505304598072,267.27173830972725,274.2527165491604,4385098
2024-02-23,272.3080139160156,274.2527272467164,269.36604837543234,271.2608793131158,4763062
2024-02-26,272.20831298828125,275.2001609547339,268.3687686777367,274.05326155320597,4389040
2024-02-27,274.9508361816406,281.2337046434314,272.557333496529,272.65706784751717,8810926
2024-02-28,270.3134765625,280.7350934487578,269.3660762130747,275.25003833697036,6304110
2024-02-29,275.7486572265625,276.8456742464014,266.7232612705845,271.90911287445215,5644851
2024-03-01,273.1557312011719,281.4830480086416,271.7595414786708,275.7985243249512,4963400
2024-03-04,278.1421203613281,286.41958447913015,274.95083419531886,277.14483772795325,17778466
2024-03-05,279.1893005371094,281.931827927711,276.2473044351485,278.19201784961786,5524477
2024-03-06,273.7541198730469,280.0868715380975,268.5183853399558,279.2391750981899,6070958
2024-03-07,281.1340026855469,284.4250540394547,275.25004051508995,275.25004051508995,9041425
2024-03-11,278.44134521484375,285.42232419509764,277.3443281453018,283.22829005601375,4569107
2024-03-12,269.6153869628906,280.8846694215367,269.26633192716554,278.54104896412895,3628757
2024-03-13,252.16293334960938,272.70696277690445,249.71957859400607,270.26360802130114,7078060
2024-03-14,266.6733703613281,272.706948560458,249.22092425869343,251.81386519515786,6106792
2024-03-15,250.9661865234375,261.88644431257194,249.56999682394041,261.28806860288665,10073254
2024-03-18,249.96890258789062,253.8583142470389,247.07678884574884,252.1130695225987,4693478
2024-03-19,245.08221435546875,251.71413797541075,244.3841195350526,250.11849484550612,4014805
2024-03-20,246.1792449951172,248.8719052899225,243.88549170053244,245.83018995692922,3465199
2024-03-21,248.02420043945312,251.61442418837999,246.8773314399125,247.82474694614078,3542830
2024-03-22,251.5146942138672,254.00790096701283,247.7748840841487,249.52012881135067,5586546
2024-03-26,256.9997863769531,258.2463898606701,250.317979530368,253.50928140521793,7271365
2024-03-27,255.9027557373047,262.53467983422036,255.15479368649494,256.25181078127997,7577249
2024-03-28,263.43218994140625,266.0251307611534,258.49565938394767,259.293473281724,7744310
2024-04-01,268.9671630859375,271.90912886367204,264.7785634673942,264.7785634673942,3457178
2024-04-02,269.316162109375,271.7595167272046,267.72053424878897,269.26631015172563,3294776
2024-04-03,271.8592834472656,274.20290399419935,269.0170215258632,271.21105574738715,3164455
2024-04-04,269.5156555175781,274.10316212395696,268.4685208337394,273.65437272536695,1849002
2024-04-05,270.2137451171875,272.15842801616617,268.2690317835578,270.2137451171875,2215292
2024-04-08,273.05596923828125,276.34702014574805,266.9725696027507,272.0586866180762,4185920
2024-04-09,270.56280517578125,276.1974772125045,268.767708351378,274.7015530472835,2814928
2024-04-10,277.54376220703125,282.4304717666339,271.26089339418866,272.05870737736933,14611970
2024-04-12,273.25543212890625,282.38056182292337,272.35788387672665,279.2391277229699,6929503
2024-04-15,264.52923583984375,271.0115733816307,261.38780142575445,271.0115733816307,4071926
2024-04-16,263.0333251953125,268.26905963047983,261.53740107097894,264.0804599084843,3484465
2024-04-18,266.47393798828125,274.75137186329675,265.0777179214726,271.16114821299857,9499931
2024-04-19,260.93902587890625,264.62898423382507,259.14392909982126,264.27992918382125,5479033
2024-04-22,270.4131774902344,271.7595151199606,261.4376338715935,263.6815197762537,8601670
2024-04-23,279.38873291015625,280.23642926354216,270.562775225424,274.25273326503236,10392195
2024-04-24,288.8130798339844,294.19840039841455,280.63534941176044,283.32802491130207,24783743
2024-04-25,290.85748291015625,292.9019306324388,287.0678209602763,291.20653792953635,7923803
2024-04-26,305.5674133300781,312.54839223320823,291.20654853056965,291.20654853056965,45364974
2024-04-29,305.3180847167969,313.8448698447181,300.03249871571154,309.6562704378812,17313094
2024-04-30,297.7387390136719,306.1657900337385,296.542018030032,306.0660556764387,5854305
2024-05-02,310.05517578125,312.1993274331958,295.6943114310565,299.18480077341303,15169926
2024-05-03,304.37066650390625,314.1440239644972,298.63629146328446,313.1467413487369,9554032
2024-05-06,299.783203125,308.16037220480155,298.3870133508088,306.61459610384964,5949489
2024-05-07,294.24822998046875,307.1630523081964,291.40599881170124,301.2790908346774,8939775
2024-05-08,306.1658020019531,307.1630847446305,295.195691832502,295.195691832502,9296466
2024-05-09,297.8384704589844,311.4513731443684,296.19296010090983,307.212921695113,9996765
2024-05-10,303.1739501953125,307.0633467589137,295.69432971352023,301.17938473350125,9538715
2024-05-13,300.830322265625,305.41782880149225,292.6526223348339,303.1240907508851,6333418
2024-05-14,310.05517578125,312.04974111973945,300.8303110907365,302.1267968215456,7379389
2024-05-15,311.0524597167969,320.32720683932143,308.26008040540455,313.14675941766706,16776785
2024-05-16,304.9191589355469,315.73968137391,301.6779904431821,314.1440231061235,8380049
2024-05-17,305.0189208984375,310.4042414094541,302.82488677726457,304.42054518951284,12344552
2024-05-21,306.76416015625,309.8557425683264,303.2237883618238,307.1630671435319,4862961
2024-05-22,307.11322021484375,310.6535616326225,303.6725827195298,309.6562789307521,3666833
2024-05-23,314.6427001953125,316.43779692906304,305.66715565725286,309.10779323737046,10367039
2024-05-24,318.58197021484375,330.10057320884414,315.5402397235779,316.4377880653119,31341057
2024-05-27,314.0942077636719,318.08333868083093,304.5701394381625,318.08333868083093,11540435
2024-05-28,316.8865661621094,319.1304521538159,310.1549081869898,312.1494735129512,8345701
2024-05-29,322.7206726074219,323.917393530267,310.2546394445475,314.642677030949,8347446
2024-05-30,310.0053405761719,324.9146990263792,307.71157205214917,323.2691886201227,9357893
2024-05-31,308.40966796875,313.94457465415053,306.41510261406125,311.15219533144705,5589376
2024-06-03,308.80859375,316.1386279615923,306.46497322865366,314.04432812475824,5311869
2024-06-04,290.1095275878906,309.1576329982624,268.8175361315637,309.1576329982624,17873006
2024-06-05,304.4205322265625,306.5148319012922,288.1149546346222,293.9989162467475,8516880
2024-06-06,331.8458251953125,334.8376733563521,305.96632642845833,307.21292982889156,17874585
2024-06-07,335.0870056152344,340.3227400779724,330.10059184119814,335.0870056152344,14591288
2024-06-10,338.97637939453125,344.31184785959005,335.6354763044737,337.08154837521056,7375334
2024-06-11,343.5140380859375,348.50045158444345,336.48317679225244,341.2701520116098,7100803
2024-06-12,337.9790954589844,345.0099566406925,329.203020015247,345.0099566406925,5164721
2024-06-13,337.23114013671875,341.4695916270352,335.68536411999384,339.07611922531646,2407975
2024-06-14,333.8902282714844,338.7769377392245,333.24200061800417,337.23113132822334,5033189
2024-06-18,327.457763671875,331.64633253414434,325.61278468550165,329.10327395471836,6208267
2024-06-19,331.34716796875,338.27829471712636,326.90924790185403,329.1032819554176,7310198
2024-06-20,341.8684997558594,343.3644238162286,331.0978586950619,331.3471793717901,8166456
2024-06-21,344.7606201171875,350.0462059245237,339.17583125767237,344.56115141573486,9300900
2024-06-24,341.2701416015625,344.46142788246823,336.08425954744445,344.46142788246823,4460873
2024-06-25,338.328125,344.61099326092267,335.38612913048786,343.0652173913044,3221011
2024-06-26,351.1930847167969,352.9882117762439,335.58561708207924,337.18127543448156,7782868
2024-06-27,345.20941162109375,352.73891450905796,341.0706943699101,352.63918014891965,4933878
2024-06-28,350.1459655761719,353.93562770039983,345.40887270356035,346.9047967685956,5816457
2024-07-01,356.6781311035156,358.4233757283815,347.3036803483091,351.64186593133445,9143802
2024-07-02,355.7307434082031,360.91659507289154,353.53670934279324,358.82229536220973,7001966
2024-07-03,360.46783447265625,364.905724108475,355.5811250252969,356.17950071626456,6614689
2024-07-04,360.3182373046875,366.15234734802425,354.733478377902,361.9637781529351,4658012
2024-07-05,369.7056884765625,370.90406784455246,359.6191687926315,360.51796093783105,7658844
2024-07-08,366.1604309082031,373.35082942492915,364.91209994882917,370.5046287421905,5022489
2024-07-09,362.5152893066406,368.9067373478108,360.56788093368357,368.8068647815617,2059302
2024-07-10,357.2723083496094,366.0106247662665,350.2317341703487,366.0106247662665,4383222
2024-07-11,354.0765686035156,359.4194310160418,351.03065336109967,359.4194310160418,3175235
2024-07-12,350.2816467285156,355.5246364514656,348.6338560538113,354.5259717423323,4058531
2024-07-15,358.6704406738281,361.0173089435157,350.2816628269381,351.5299937707262,4074238
2024-07-16,352.9281005859375,360.0186260854832,351.979387402461,358.5206290282621,2060110
2024-07-18,342.74176025390625,352.9281225920634,340.4947645279676,352.9281225920634,3890681
2024-07-19,334.75244140625,343.74042429091486,333.60395254507887,342.8416016209844,3570488
2024-07-22,334.9022216796875,338.94680162587713,329.5593593046852,332.20581473100856,2886436
2024-07-23,336.5999450683594,338.0979422079192,319.9721829146113,337.89822754207574,3807462
2024-07-24,347.53533935546875,348.6338766959239,335.7511072806993,337.2491044330935,3384480
2024-07-25,361.3668518066406,363.41410238696875,341.89288886241,345.6378817363005,6420578
2024-07-26,368.0079650878906,376.29687042831057,362.86484765489126,365.51130318091714,9109767
2024-07-29,361.3668518066406,370.30488317956133,359.31957074948247,370.30488317956133,4052190
2024-07-30,358.9700622558594,364.0632281799515,357.9214459656763,361.4167726459599,1660024
2024-07-31,361.8661804199219,366.3102202978761,359.9187719550548,360.06856557308384,2699613
2024-08-01,354.27630615234375,369.95535430245997,353.0279752638577,362.0159576609573,4177876
2024-08-02,355.62451171875,362.21570494445643,347.58524246307064,349.68244446354475,3828727
2024-08-05,339.9454650878906,352.37885306073593,333.25442974023986,343.59058522583535,5620180
2024-08-06,334.0533447265625,348.9334427759675,331.80634913423137,340.9441251143457,2981838
2024-08-07,346.3868713378906,347.5852507403934,334.85227529901476,341.54334125109835,3645534
2024-08-08,338.6971435546875,349.08325084974047,336.40022682253823,346.4367953600477,4003614
2024-08-09,336.5000915527344,344.5393304047811,332.20581494565,338.6971356634212,10005232
2024-08-12,337.3988952636719,341.54334792233425,329.80903699225405,329.80903699225405,4281522
2024-08-13,336.64990234375,341.54335365454557,333.6039564885104,337.54869454747484,3360380
2024-08-14,327.2124938964844,337.54867998548866,322.918247732371,337.14922018738054,3713151
2024-08-16,340.4947509765625,341.5433367495357,327.6619031349057,329.5593600214818,3040369
2024-08-19,344.339599609375,346.93613409998545,340.19514692002394,341.54335045138225,3453510
2024-08-20,346.2869873046875,350.43143974519626,342.8415818732895,346.0373211278276,4296486
2024-08-21,354.5259704589844,355.97404647271713,345.0885768011055,346.1871140725412,3548478
2024-08-22,356.02398681640625,358.5705697627903,353.22773768010893,356.9227790047283,2368633
2024-08-23,351.1305236816406,357.52197183130374,350.3815251373013,357.52197183130374,1312131
2024-08-26,352.7783203125,355.2749821689225,351.52998938428874,351.52998938428874,1350106
2024-08-27,352.27899169921875,355.7743183354973,351.38019951668446,353.0279902641356,1158652
2024-08-28,356.2237243652344,363.26429857997016,353.27765119632835,354.5259821192836,6636720
2024-08-29,354.97540283203125,364.46271809744786,349.5825887207515,363.5139743801742,5275221
2024-08-30,358.6205139160156,362.465379257022,355.0752358060158,355.0752358060158,2738006
2024-09-02,362.9147644042969,367.5086283540889,358.52064559542913,367.5086283540889,5156434
2024-09-03,361.416748046875,366.21035688252346,360.56787695835965,364.2629485310369,2513914
2024-09-04,378.8934020996094,382.68834645618927,354.7756543523062,359.4693908933712,12159916
2024-09-05,382.33880615234375,394.1729895512886,380.19168303229236,384.4859292723951,17885888
2024-09-06,373.2010192871094,385.38471062524496,368.5572039423118,383.18766652008713,7030758
2024-09-09,377.0958251953125,379.14307579365584,365.66110132901264,372.65175475512393,6395312
2024-09-10,386.08380126953125,389.27951020680985,377.7449444506674,381.48993729056167,9473666
2024-09-11,384.7855224609375,394.3727103176739,381.98927330460316,389.6790041997677,11687316
2024-09-12,376.0971374511719,393.32410377057613,374.34947420137723,388.5804463782764,8824201
2024-09-13,378.4440002441406,383.2874996575299,371.95267969433945,377.94466789415594,5555196
2024-09-16,390.6776428222656,394.322762881821,379.7921732110391,381.9892477417227,7932099
2024-09-17,375.34814453125,395.27148759089135,373.80019591503265,393.07444347294734,10455441
2024-09-18,363.1644287109375,375.2482782303547,359.5193084841722,374.4992796710127,6911164
2024-09-19,361.0173034667969,368.50728901590054,350.5313236980517,364.5126300563786,6351383
2024-09-20,364.8621826171875,366.7097185512435,359.91877977698766,362.81490153686525,4175049
2024-09-23,369.8554992675781,372.3521611628948,363.1145121502231,364.86217547694474,3890925
2024-09-24,375.34814453125,377.4952676034701,365.56121189987755,369.8554885211466,4468287
2024-09-25,370.95404052734375,381.2901965020082,368.1078398411598,377.29553742717593,5125312
2024-09-26,372.3521423339844,374.19967813845943,367.75827858353585,371.50327123713606,3506872
2024-09-27,368.35748291015625,378.2442574043702,367.4087392487078,375.4480084182507,4580392
2024-09-30,362.61517333984375,368.7070343517376,360.66776490530395,361.516636030022,3231111
2024-10-01,370.15509033203125,371.3035487203871,361.3668525603699,361.9161059922875,2195117
2024-10-03,356.07391357421875,368.8568409888862,352.2789996174069,361.9161086072512,3235274
2024-10-04,345.8875427246094,359.66910410247453,344.6392117854249,358.87018449212826,5693848
2024-10-07,339.5460205078125,348.9334632147213,334.1532368657015,346.0872625356869,5769251
2024-10-08,342.242431640625,344.8888872071854,335.501444388548,339.0466921600193,2950082
2024-10-09,346.5865783691406,352.2290584102009,342.9914097639574,344.5393278869208,1874883
2024-10-10,345.3382568359375,351.2803242629581,344.3395920903427,349.2330737252206,1469718
2024-10-11,345.68780517578125,348.8335931162497,343.99009334730204,345.43813898246106,1211519
2024-10-14,346.0373229980469,347.6351926339519,342.691790114677,346.58657639937593,1249060
2024-10-15,351.729736328125,352.8781946926058,345.8875414587564,346.5366674493908,2051189
2024-10-16,346.1871337890625,352.9281209352327,342.691807120678,351.3802027442515,1554072
2024-10-17,338.5972595214844,347.984732226483,337.1991350154724,347.9347807046224,1768096
2024-10-18,339.49609375,342.0925977169821,332.056029176222,336.9994318764946,2364315
2024-10-21,336.949462890625,342.6917849020934,334.90221245118045,339.5459971998719,2490409
2024-10-22,325.3649597167969,339.14655139860923,324.116628793272,335.60127328970106,3431583
2024-10-23,324.7657775878906,333.25442766745965,322.5187819785929,323.5673677388671,3082744
2024-10-24,322.21917724609375,328.61062558551885,319.82238792841304,327.4621672121333,1978924
2024-10-25,311.5834045410156,324.2165076361748,304.2432124732892,322.26912964389135,3282892
2024-10-28,323.3177185058594,325.3150480410307,312.8317384462099,313.5308159742519,1994728
2024-10-29,326.5633544921875,328.06135153114246,315.3283767000251,323.3676152850191,2547066
2024-10-30,320.27178955078125,326.96282492328186,318.7737924630355,323.56737095309046,5277837
2024-10-31,315.67791748046875,322.66857037415974,302.59540382691,305.0920655746568,13655954
2024-11-01,317.3756408691406,318.4741781739648,314.97885159841553,315.7778016732099,536689
2024-11-04,310.48486328125,317.07605669693004,305.6912846935715,317.07605669693004,3983931
2024-11-05,315.2784729003906,316.4768523110037,308.83707308983844,310.4848638274499,2332169
2024-11-06,322.4189147949219,324.36629273606354,315.27846805707776,317.6253057956206,2183502
2024-11-07,327.5620422363281,329.0600393807016,321.71984727790567,323.4675106130081,3711683
2024-11-08,320.8709716796875,331.45682411500496,319.17325989239674,328.56070243811996,3218359
2024-11-11,348.2344055175781,350.33157708101413,325.56470382722097,328.5606980342199,22071949
2024-11-12,347.0360107421875,353.07792046509627,345.3882199520151,348.2344206678567,5707023
2024-11-13,331.1072692871094,346.43677853640304,328.0613541410666,344.7390668315111,3915358
2024-11-14,335.3515930175781,339.3962033259907,330.10860335902055,333.4042151447821,4264527
2024-11-18,324.91558837890625,337.1991528351315,324.2664623750428,336.00077339957517,2389049
2024-11-19,326.61328125,333.75375830873287,324.7657759177634,326.51343916045187,1376851
2024-11-21,322.6685791015625,327.96148995921493,319.0733799922001,326.862952665128,1816318
2024-11-22,331.057373046875,332.15591039518694,322.1692626411334,322.6685950288361,1533051
2024-11-25,335.90087890625,338.4974132290819,333.1045994521125,334.55267546200764,1449701
2024-11-26,352.1791076660156,354.97538717012463,335.6012672067227,335.9008849090354,5258746
2024-11-27,358.1711120605469,359.51931558937304,348.73374831242387,353.5273269962168,5405033
2024-11-28,363.46405029296875,366.1604268492285,357.57190384857546,359.5193123143434,3951858
2024-11-29,364.66241455078125,367.8082023073541,360.86750082488834,360.91742186990206,2323081
2024-12-02,374.84881591796875,379.49260085943547,367.55854503641365,374.4992771639166,9412158
2024-12-03,373.350830078125,376.69636315046637,372.3022137843182,373.95003503503887,1730134
2024-12-04,379.1930236816406,380.49127568616325,368.6071710711215,373.40074975517587,3567460
2024-12-05,374.7489318847656,380.89071374700507,372.002603936243,379.49258925039555,1805601
2024-12-06,379.5425109863281,380.9905870070995,372.2522707913404,375.99726345523715,2246090
2024-12-09,369.10650634765625,380.29153352374874,363.4640564732565,377.4952843489332,4676618
2024-12-10,368.70703125,374.44935345907584,363.51396245279983,369.50595084487895,2044166
2024-12-11,367.35882568359375,371.7030233385865,366.5099545708296,367.0092869340051,994507
2024-12-12,356.2237243652344,368.85682721017537,355.02531448846565,367.90808351799774,1766527
2024-12-13,352.32891845703125,356.3235775346703,346.28700879283423,355.5246579098745,2638692
2024-12-16,353.22772216796875,358.17109422506456,350.28164906563757,356.52330353936594,2170312
2024-12-17,350.4814147949219,354.37620132003264,348.9834176332,353.5273301663575,1545233
2024-12-18,347.5852355957031,357.3222163913294,345.9873964619857,348.63385181363657,3312516
2024-12-19,349.8822021484375,351.0805815653901,342.0426777456173,344.53933962697215,1729883
2024-12-20,335.5014343261719,350.83091382855713,334.7024842415674,349.53266184671537,2889197
2024-12-23,329.1099548339844,339.1465538167848,328.56070141444883,337.998095454319,2007668
2024-12-24,344.0400085449219,347.2357479558098,331.60662013827044,332.10595251641985,6890831
2024-12-26,345.9873962402344,347.43544176384114,339.44612419306316,342.2923246730184,3134559
2024-12-27,352.0792541503906,353.4274576916807,345.98742340582777,346.2870106475232,2606743
2024-12-30,367.20904541015625,368.457376363445,351.7297415893755,354.5259907340104,8766841
2024-12-31,364.8621826171875,368.00797057148264,360.56790578710724,365.2616424328895,1638414
2025-01-01,368.30755615234375,369.85550483684693,362.21572541750436,366.41009917869724,1559938
2025-01-02,372.7516174316406,373.50061599312414,366.80954998647275,368.30754710943984,2019572
2025-01-03,368.7569580078125,376.4966098007998,367.5086270734597,376.44668875415744,2143230
2025-01-06,357.6218566894531,372.3022103769187,356.27365316794356,368.95670781202625,1962539
2025-01-07,381.8394775390625,388.4306710583291,362.61518088601906,362.61518088601906,19915058
2025-01-08,370.7043762207031,383.137734368261,367.90809656799956,380.4912788130899,3256228
2025-01-09,370.20501708984375,375.4979278178212,368.5072749063192,370.70434944066534,1698790
2025-01-10,360.4680480957031,370.0552051650993,357.47205389230953,369.45603070588385,2223573
2025-01-13,364.7123718261719,376.9959358225047,359.96871435555755,370.50461507324303,23779837
2025-01-14,387.13238525390625,390.6776634117696,369.7556246538579,371.35349435339987,16972762
2025-01-15,381.53985595703125,390.9772500454109,377.94468723462904,389.57912548927345,6005133
2025-01-16,392.6250305175781,396.2202296227533,381.5897974976444,383.53717542519394,10454325
2025-01-17,393.17431640625,397.26881741793807,386.83278927515005,393.4739036345295,6070039
2025-01-20,401.0138244628906,402.3620279919072,390.228257184418,394.47258243850314,8026751
2025-01-21,390.02850341796875,404.15963392121716,388.7302514420347,402.4618916663841,4681084
2025-01-22,387.5318298339844,391.8261063875889,379.59246364875946,390.0284916174189,2830379
2025-01-23,396.7695007324219,399.11636903611765,385.0351896907731,385.0351896907731,3214357
2025-01-24,387.7315979003906,397.2688342864744,385.88406197600796,396.7695019002536,2939290
2025-01-27,369.755615234375,387.73158032341956,368.90674412091545,387.73158032341956,3292383
2025-01-28,359.41943359375,371.9526943585872,349.93211857000284,371.5032830351517,3909804
2025-01-29,355.2250671386719,370.85416452920765,351.3302501952261,359.7190585563433,4128263
2025-01-30,356.5233154296875,361.8661779327532,352.77832262055216,357.5219801787903,3459428
2025-01-31,362.0658874511719,370.4047440830427,346.63653558289775,346.63653558289775,7341863
2025-02-01,369.9553527832031,375.1483909718824,358.0212973475534,360.7676252909447,2156378
2025-02-03,363.96337890625,367.3088814242157,358.92010365235603,364.4627112792991,1613162
2025-02-04,370.5545349121094,373.15106929872263,366.0106225931578,366.5099549568592,2847492
2025-02-05,389.7289123535156,393.2242389217086,370.9540275493822,370.9540275493822,7674111
2025-02-06,396.41998291015625,399.06643839031995,389.72891692468926,389.72891692468926,6664546
2025-02-07,386.28350830078125,398.4173092437024,384.635717579159,396.41997976856527,2413427
2025-02-10,376.6463928222656,385.6843268188349,373.70035018616466,385.4346606389876,1726831
2025-02-11,361.5166320800781,378.1943452535094,359.51930262107214,378.04452116262087,1959111
2025-02-12,355.4747314453125,361.46671997046343,342.2923444992485,360.46805521627164,3963839
2025-02-13,358.8202209472656,368.0578695877512,357.7217141390491,357.7217141390491,2780469
2025-02-14,348.883544921875,362.2656467992447,343.7903484786767,362.2656467992447,3103224
2025-02-17,347.0859069824219,352.3788482195121,337.54867121428794,348.8335702209574,2799003
2025-02-18,337.7484130859375,350.63118159597747,333.7038027725622,350.63118159597747,3284422
2025-02-19,336.35028076171875,339.49609915387225,329.15991273766934,335.65123371210797,3227705
2025-02-20,335.5513610839844,336.84961308792253,329.4095788737953,334.55269631885346,3698825
2025-02-21,322.0693664550781,338.5473340411519,319.9721644851213,335.55133993459305,5201717
2025-02-24,320.4216003417969,324.8157192727181,315.1786102536131,319.57272918453435,2522998
2025-02-25,320.7711181640625,328.5606907385615,319.1732485271111,323.6172882160493,4105011
2025-02-27,311.43359375,322.3689539625988,308.2378545094216,321.81970056663755,3877068
2025-02-28,302.0461730957031,311.383664351407,298.1513560955271,311.33374330343764,4697901
2025-03-03,304.6426696777344,305.74120699767104,290.61144213644866,303.5940838813759,3555060
2025-03-04,314.379638671875,315.22850977115814,297.0028788046951,303.3943268564726,3678170
2025-03-05,324.416259765625,325.51479711860935,316.3270689550701,317.32573373472303,5199973
2025-03-06,332.55535888671875,334.20314961466545,323.8669634457935,326.413576822465,3181206
2025-03-07,333.2544250488281,338.4474632411912,331.4568102894181,335.3515965528975,3889175
2025-03-10,327.7118225097656,336.6498839646017,326.06403181342495,334.5526819525187,1955824
2025-03-11,328.4608154296875,330.7577625376379,322.5187787201199,324.7657743067157,1517485
2025-03-12,324.6659240722656,330.4581675698326,322.9681817659976,327.71183944175976,1782978
2025-03-13,322.6186218261719,326.0640272605445,321.07070371903535,325.5646949063936,1439684
2025-03-17,332.8050231933594,333.45414917624015,323.11796306571676,324.3662939854218,2440747
2025-03-18,332.8050231933594,332.8050231933594,332.8050231933594,332.8050231933594,0
2025-03-19,341.4434814453125,342.74176394259206,333.6039568439671,338.2477724423491,1681648
2025-03-20,340.6445617675781,344.1398884895152,337.89823362891326,344.1398884895152,1006613
2025-03-21,343.6405334472656,345.9374500938181,339.7457471663674,340.644539311678,1452797
2025-03-24,348.8335876464844,351.3302495405383,344.58926242659265,347.5353356523082,1156746
2025-03-25,347.68511962890625,354.2763129417938,344.63920439335885,349.532655474638,1585833
2025-03-26,347.8349304199219,352.12920725676895,345.33826847181206,347.5353431768809,1426825
2025-03-27,345.0885925292969,349.7823290498916,342.04267722937294,348.034665735581,1367034
2025-03-28,341.2437438964844,348.8335713176665,338.8968757305641,344.4894042068259,2340187
2025-04-01,338.647216796875,348.0845802304156,337.7484246332276,338.0480118621671,1068942
2025-04-02,341.59326171875,344.0400025195628,334.4028938854256,337.3988881018514,937244
2025-04-03,345.288330078125,356.9227680764979,343.7404119387883,348.5339904476229,3567999
2025-04-04,327.3622741699219,342.7417348233611,320.870953665516,342.0925783914583,3716291
2025-04-07,307.08941650390625,311.33374177265944,298.6007659663999,298.70063853867777,2647332
2025-04-08,321.86962890625,326.96282510274705,308.08806788215577,311.6333154677019,4084647
2025-04-09,305.8909912109375,315.67792374233784,304.5927392670879,315.2285124280976,3481679
2025-04-11,316.1273193359375,322.5687192643003,313.18127656373923,319.5727249677278,3064653
2025-04-15,328.4109191894531,330.20850360376687,319.27314254250234,320.57139456652556,3208011
2025-04-16,328.7104797363281,331.25709300608224,327.01276803332,328.6106071710152,1251281
2025-04-17,330.85760498046875,332.55534717177665,327.1126123321379,328.6605609128783,958981
2025-04-21,331.4568176269531,335.35160397665226,328.76044114339015,335.35160397665226,1861695
2025-04-22,333.3542785644531,336.79968411379895,327.26244802199017,332.00610554471973,2356750
2025-04-23,335.25177001953125,339.04668389299195,332.65523556445464,335.70115087261416,2687947
2025-04-24,326.3136901855469,334.5526739469264,324.6159480076223,333.55400924857736,4713095
2025-04-25,311.43359375,327.9614823951969,308.038139854903,326.3136917304851,4326450
2025-04-28,320.4216003417969,322.01947008308565,312.5820757336227,314.42961166958685,2427466
2025-04-29,318.42425537109375,323.41757902290067,316.2771322961826,320.5713784460049,1214417
2025-04-30,321.37030029296875,324.7657847814693,316.57672174435373,319.0234625416269,2632538
2025-05-02,317.7251892089844,324.0667165684793,317.3756504455168,321.370309509535,1172553
2025-05-05,335.45147705078125,336.35026921332417,321.5700433851127,321.5700433851127,4679123
2025-05-06,340.99407958984375,345.0386595003465,331.60660687465224,334.3529348446261,7013338
2025-05-07,346.0373229980469,348.3841911685797,335.651216079907,335.651216079907,5299681
2025-05-08,334.1532287597656,349.53265969079473,331.9062330903248,345.53800072289994,2552004
2025-05-09,329.4595031738281,340.3449431258528,327.5620461967132,333.0547024591581,6131597
2025-05-12,327.7118225097656,335.85093390070745,317.4755091067408,334.5526819525187,7577972
2025-05-13,329.4095764160156,337.04935571689936,328.36096013435406,330.35828964971347,4488167
2025-05-14,337.7484130859375,339.496076307601,329.1099390659667,332.95480424899216,3246085
2025-05-15,338.14788818359375,341.2936760296866,333.6039453153891,338.547347985556,3182074
2025-05-16,338.9468078613281,343.94013157901657,338.1478882572297,341.543342289892,1989564
2025-05-19,341.1438903808594,344.68913811171257,338.04802350889787,339.3962270392329,1347546
2025-05-20,332.0560302734375,343.74042007078356,331.1072865676387,341.6432179947433,2112277
2025-05-21,340.19512939453125,340.7444132744033,332.9048891587949,334.05334748677683,2264172
2025-05-22,332.6552429199219,340.1452287385474,329.7091696405304,340.1452287385474,2162491
2025-05-23,330.308349609375,335.35159415493206,328.56068638392856,334.55267458545916,2051454
2025-05-26,331.9062194824219,334.8522620643612,330.7078096504556,331.65655330716453,1361946
2025-05-27,334.60260009765625,335.3515986328489,329.6092765297054,333.5040932941698,1717048
2025-05-28,333.903564453125,337.79835087337227,332.80502713540665,335.55135519128777,1143647
2025-05-29,335.1518859863281,336.99942181291635,332.1059403055127,335.55134577879426,1103161
2025-05-30,335.40155029296875,337.1492135424724,330.95748012492805,334.60260023567,1880217
2025-06-02,333.55401611328125,336.55001026998735,330.15856216438004,335.40155193861574,1175008
2025-06-03,336.749755859375,339.5460048853464,334.0034278786847,339.5460048853464,3111241
2025-06-04,335.9508056640625,338.048007671125,332.6552242792704,338.048007671125,902848
2025-06-05,330.1585693359375,338.0480146912689,329.0600320259176,334.65256066861315,3888417
2025-06-06,329.6092834472656,331.75643700800987,327.1625731337173,331.50677082437255,1250474
2025-06-09,337.698486328125,341.39355817275896,330.45816673602,332.45549627866967,3325964
2025-06-10,340.7444152832031,347.6851168139074,339.096594110701,339.34626029116146,6067297
2025-06-11,353.9767150878906,355.5246331820814,337.648541148348,340.74440781355753,8322371
2025-06-12,351.7796630859375,357.2723192874213,349.0333349851956,354.5259911866794,4265927
2025-06-13,354.9254455566406,357.42210742813756,344.5393382665792,347.4854114656774,8013966
2025-06-16,356.7729797363281,358.5705640845058,347.784997041781,357.8215655266269,3802901
2025-06-17,352.1791076660156,364.16308431463773,349.3828586387353,354.5259758550699,11636919
2025-06-18,341.5433349609375,351.52998218201753,339.64587808429803,351.52998218201753,8974019
2025-06-19,348.134521484375,350.4813896312729,342.541993053443,342.541993053443,8981677
2025-06-20,350.880859375,352.42877751750717,344.0899209172746,347.5852474762008,3627362
2025-06-23,351.729736328125,355.2749839917025,347.38553858029553,347.4854111504307,4480305
2025-06-24,348.7337341308594,351.03065080743113,345.18845607131584,349.53265372005944,12193270
2025-06-25,350.9307861328125,354.97539664578585,342.591929396851,349.8822003387987,14074406
2025-06-26,350.031982421875,356.52330306593257,348.9833966624125,353.07789761027834,12779994
2025-06-27,353.9267883300781,355.07524672000915,349.5326694382208,351.5299989778678,4598232
2025-06-30,355.2250671386719,356.1238593268402,349.0832544863904,354.5259896163022,2637925
2025-07-01,362.0159606933594,362.9647043672872,353.52731058054957,355.5246400188578,5293503
2025-07-02,368.057861328125,371.7030118480863,362.015952111207,362.71502958877363,7387741
2025-07-03,373.95001220703125,375.79751753589085,366.6098205057908,371.7030166133961,5847231
2025-07-04,380.04998779296875,381.0,372.70001220703125,374.45001220703125,6787795
2025-07-07,372.1000061035156,382.0,371.45001220703125,381.95001220703125,3307833
2025-07-08,369.3500061035156,373.95001220703125,366.54998779296875,372.45001220703125,2519720
2025-07-09,373.54998779296875,379.3500061035156,369.0,369.0,4170233
2025-07-10,372.3999938964844,377.1000061035156,370.0,375.0,1858411
2025-07-11,374.20001220703125,377.3999938964844,372.20001220703125,372.8999938964844,3092326
2025-07-14,379.1000061035156,381.25,369.0,372.8500061035156,5647593
2025-07-15,390.45001220703125,391.5,380.75,380.8999938964844,7845415
2025-07-16,394.6499938964844,405.8999938964844,393.20001220703125,399.5,17490369
2025-07-17,397.0,398.79998779296875,392.6499938964844,396.25,4252872
2025-07-18,398.75,406.0,396.3500061035156,397.20001220703125,6228336
2025-07-21,394.6499938964844,399.8500061035156,393.5,399.8500061035156,2504038
2025-07-22,387.20001220703125,394.75,386.29998779296875,394.04998779296875,2387785
2025-07-23,396.95001220703125,398.3999938964844,384.6000061035156,384.6000061035156,3735346
2025-07-24,397.6000061035156,404.5,396.1000061035156,396.79998779296875,3142162
2025-07-25,394.1499938964844,399.75,392.20001220703125,395.0,2122908
2025-07-28,387.45001220703125,403.20001220703125,386.54998779296875,394.1000061035156,3698071
2025-07-29,398.1499938964844,399.1000061035156,386.0,387.45001220703125,5529147
2025-07-30,397.29998779296875,403.0,394.3999938964844,400.0,6133305
2025-07-31,391.3999938964844,396.1000061035156,384.79998779296875,388.0,2938178
2025-08-01,383.1000061035156,392.8500061035156,381.79998779296875,391.5,3141290
2025-08-04,382.3999938964844,386.6000061035156,373.04998779296875,383.1000061035156,8430624
2025-08-05,372.3500061035156,386.79998779296875,370.6499938964844,383.0,3095425
2025-08-06,360.3999938964844,372.8999938964844,359.3999938964844,372.0,4170067
2025-08-07,364.20001220703125,366.29998779296875,355.54998779296875,358.79998779296875,2148156
2025-08-08,343.3500061035156,365.79998779296875,341.20001220703125,358.95001220703125,5841196
2025-08-11,342.1000061035156,342.8500061035156,331.0,342.6000061035156,5044883
2025-08-12,354.8999938964844,357.5,340.1000061035156,342.1000061035156,7056392
2025-08-13,360.25,361.8999938964844,354.0,355.45001220703125,2379044
2025-08-14,359.25,368.0,358.1499938964844,361.0,2525023
2025-08-18,364.29998779296875,366.3500061035156,359.8999938964844,363.0,2143775
2025-08-19,363.8500061035156,366.5,361.5,366.5,1024689
2025-08-20,359.45001220703125,365.04998779296875,358.29998779296875,363.8500061035156,998355
2025-08-21,357.75,361.45001220703125,354.79998779296875,360.0,2257658
2025-08-22,359.5,361.5,356.3500061035156,356.3500061035156,1023391
2025-08-25,359.95001220703125,363.70001220703125,358.20001220703125,361.1499938964844,932540
2025-08-26,358.29998779296875,363.29998779296875,355.6000061035156,358.95001220703125,4216073
2025-08-28,353.25,362.6499938964844,350.8999938964844,361.0,2513036
2025-08-29,348.3500061035156,356.1000061035156,347.1499938964844,353.25,1810109
2025-09-01,352.54998779296875,353.3999938964844,346.79998779296875,349.0,1594809
2025-09-02,356.1000061035156,357.0,349.29998779296875,353.3999938964844,3049894
2025-09-03,361.54998779296875,363.5,353.8500061035156,355.5,2632511
2025-09-04,356.8500061035156,364.54998779296875,355.0,364.5,1203504
2025-09-05,363.70001220703125,364.79998779296875,354.0,354.0,2400088
2025-09-08,364.1499938964844,367.8500061035156,362.5,364.0,1348143
2025-09-09,364.5,366.54998779296875,361.29998779296875,364.1499938964844,819081
2025-09-10,364.20001220703125,370.79998779296875,363.0,366.0,1707668
2025-09-11,364.04998779296875,369.25,362.54998779296875,364.20001220703125,1755595
2025-09-12,365.20001220703125,366.79998779296875,363.20001220703125,364.04998779296875,1189542
2025-09-15,358.25,367.0,357.0,367.0,2232052
2025-09-16,360.20001220703125,361.95001220703125,358.3500061035156,359.45001220703125,968345
2025-09-17,354.3500061035156,362.29998779296875,353.0,360.95001220703125,3387333
2025-09-18,368.3999938964844,369.79998779296875,358.0,359.79998779296875,9086347
2025-09-19,369.20001220703125,373.8500061035156,367.6000061035156,370.6000061035156,14210253
2025-09-22,362.1499938964844,370.95001220703125,358.8500061035156,369.5,3850328
2025-09-23,359.5,364.3500061035156,358.1000061035156,360.6499938964844,836722
2025-09-24,358.95001220703125,361.25,356.1499938964844,359.5,1684569
2025-09-25,355.95001220703125,361.3999938964844,354.04998779296875,361.0,1822433
2025-09-26,338.8999938964844,350.29998779296875,337.70001220703125,349.0,3635613
2025-09-29,340.1499938964844,343.5,338.20001220703125,340.20001220703125,1703064
2025-09-30,341.0,342.79998779296875,337.04998779296875,341.0,845656
2025-10-01,346.45001220703125,348.29998779296875,341.0,341.0,1955193
2025-10-03,352.25,352.95001220703125,346.75,347.6000061035156,2628207
2025-10-06,347.75,352.79998779296875,344.6000061035156,352.25,2505387
2025-10-07,347.79998779296875,351.1000061035156,346.8999938964844,349.29998779296875,1920469
2025-10-08,349.0,354.95001220703125,346.8999938964844,346.8999938964844,3503144
2025-10-09,352.5,356.54998779296875,350.5,350.8999938964844,2666494
2025-10-10,353.45001220703125,357.8999938964844,348.6000061035156,352.04998779296875,2001620
2025-10-13,349.3999938964844,353.45001220703125,346.95001220703125,353.45001220703125,833741
2025-10-14,351.8500061035156,355.8999938964844,342.95001220703125,351.20001220703125,4339891
2025-10-15,356.3999938964844,357.1499938964844,350.04998779296875,351.8500061035156,2332613
2025-10-16,358.20001220703125,360.1000061035156,356.0,356.45001220703125,1381944
2025-10-17,356.1499938964844,361.3500061035156,354.5,360.5,1510809
2025-10-20,364.29998779296875,364.95001220703125,356.70001220703125,357.95001220703125,2280530
2025-10-21,366.1000061035156,367.6000061035156,361.79998779296875,364.29998779296875,433779
2025-10-23,362.29998779296875,369.54998779296875,361.3999938964844,367.8999938964844,1776193
2025-10-24,359.5,365.20001220703125,357.8500061035156,364.20001220703125,1007188
2025-10-27,360.45001220703125,364.0,358.6499938964844,359.54998779296875,1247932
2025-10-28,365.75,368.29998779296875,359.8500061035156,360.54998779296875,1341101
2025-10-29,373.70001220703125,374.75,365.6000061035156,367.54998779296875,2588388
2025-10-30,376.6000061035156,380.20001220703125,371.6499938964844,380.0,7053197
2025-10-31,372.1000061035156,380.3500061035156,371.5,378.0,2113126
2025-11-03,377.1499938964844,380.0,372.0,372.1000061035156,5042950
2025-11-04,380.5,384.8999938964844,376.1000061035156,378.0,4295964
2025-11-06,385.20001220703125,386.79998779296875,380.20001220703125,380.20001220703125,4037698
2025-11-07,380.3999938964844,384.45001220703125,376.1499938964844,384.0,2407710
2025-11-10,382.1499938964844,384.29998779296875,376.3500061035156,378.0,1642994
2025-11-11,385.1000061035156,388.5,381.25,384.0,2492054
2025-11-12,405.8999938964844,408.79998779296875,381.20001220703125,387.5,16384325
2025-11-13,417.0,423.1000061035156,405.75,407.1499938964844,12453552
2025-11-14,411.1499938964844,419.95001220703125,408.0,414.75,3320956
2025-11-17,420.95001220703125,423.1499938964844,409.6000061035156,412.5,3740504
2025-11-18,421.6000061035156,424.95001220703125,416.5,422.5,7436143
2025-11-19,410.1000061035156,424.45001220703125,408.45001220703125,424.0,3249725
2025-11-20,395.1499938964844,407.8999938964844,391.29998779296875,407.8999938964844,8463319
2025-11-21,396.8500061035156,401.8999938964844,395.0,395.45001220703125,3348385
2025-11-24,395.25,401.8999938964844,392.45001220703125,397.95001220703125,1994127
2025-11-25,393.25,396.6000061035156,391.6499938964844,395.0,1628532
2025-11-26,398.45001220703125,400.0,392.5,394.1499938964844,1595568
2025-11-27,399.6499938964844,404.0,396.70001220703125,397.95001220703125,1913627
2025-11-28,398.3500061035156,401.79998779296875,396.3999938964844,400.1000061035156,2397734
2025-12-01,394.5,401.0,392.6499938964844,398.3500061035156,1957799
2025-12-02,399.0,401.70001220703125,392.6499938964844,394.5,2851443
2025-12-03,410.0,412.5,400.04998779296875,402.0,10962895
2025-12-04,388.3500061035156,411.75,384.20001220703125,410.0,12104103
2025-12-05,392.6499938964844,394.0,386.29998779296875,389.29998779296875,4217316
2025-12-08,383.79998779296875,395.6000061035156,381.6000061035156,395.20001220703125,6232858
2025-12-09,383.6499938964844,386.8999938964844,375.54998779296875,383.0,4551712
2025-12-10,379.1499938964844,384.95001220703125,377.79998779296875,383.8999938964844,2562204
2025-12-11,381.75,382.70001220703125,376.3500061035156,379.0,1102516
2025-12-12,386.3500061035156,388.75,382.5,382.70001220703125,1966174
2025-12-15,390.6499938964844,391.6000061035156,383.54998779296875,389.0,1455127
2025-12-16,384.8999938964844,391.8999938964844,383.8999938964844,390.6499938964844,1015368
2025-12-17,386.1000061035156,388.70001220703125,383.75,385.0,1318360
2025-12-18,392.25,395.45001220703125,386.04998779296875,388.5,3763050
2025-12-19,398.54998779296875,401.45001220703125,393.3999938964844,394.8999938964844,4142159
2025-12-22,399.29998779296875,402.79998779296875,397.29998779296875,398.6499938964844,2260788
2025-12-23,401.54998779296875,403.70001220703125,399.0,400.6000061035156,1907267
2025-12-24,398.3500061035156,406.3500061035156,397.3500061035156,404.0,2707789
2025-12-26,395.45001220703125,401.20001220703125,394.04998779296875,398.29998779296875,1962359
2025-12-29,390.3999938964844,399.20001220703125,388.0,396.3500061035156,4725731
2025-12-30,390.3999938964844,392.8999938964844,388.8999938964844,390.8999938964844,3936901
2025-12-31,393.8999938964844,394.95001220703125,388.1499938964844,393.0,1242838
2026-01-01,387.75,393.8999938964844,386.1000061035156,393.0,1345267
2026-01-02,392.95001220703125,394.75,386.3500061035156,387.75,1452427
2026-01-05,391.3500061035156,398.95001220703125,388.45001220703125,392.95001220703125,1485564
2026-01-06,385.1499938964844,394.6000061035156,382.95001220703125,391.45001220703125,1770828
2026-01-07,387.04998779296875,393.54998779296875,386.54998779296875,387.04998779296875,4830813
2026-01-08,377.95001220703125,388.3500061035156,376.29998779296875,387.04998779296875,1288204
2026-01-09,379.6000061035156,384.29998779296875,372.1499938964844,376.3500061035156,1597546
2026-01-12,371.79998779296875,380.6000061035156,365.95001220703125,380.0,2148460
2026-01-13,377.29998779296875,383.95001220703125,369.5,377.0,5162057
2026-01-14,379.0,383.8500061035156,372.95001220703125,375.3999938964844,3555556
2026-01-15,379.0,379.0,379.0,379.0,0
2026-01-16,377.6499938964844,385.25,374.5,380.20001220703125,3434497
2026-01-19,376.04998779296875,378.3999938964844,372.54998779296875,376.5,2516848
2026-01-20,366.8500061035156,376.04998779296875,365.0,375.0,9421803
2026-01-21,364.8500061035156,370.04998779296875,359.04998779296875,365.0,2608596
2026-01-22,373.0,374.29998779296875,365.0,365.0,1700808
2026-01-23,366.20001220703125,375.79998779296875,365.1499938964844,372.54998779296875,1896911
2026-01-27,365.25,369.70001220703125,359.29998779296875,367.6499938964844,3333643
2026-01-28,370.5,371.6499938964844,363.3500061035156,363.3500061035156,2519290
2026-01-29,365.29998779296875,371.20001220703125,359.1000061035156,371.20001220703125,3013441
2026-01-30,366.79998779296875,368.0,360.0,364.0,1851119
2026-02-02,370.1499938964844,372.25,360.54998779296875,369.8999938964844,4695435
2026-02-03,372.29998779296875,387.70001220703125,370.8999938964844,385.0,4840490
2026-02-04,368.54998779296875,376.5,366.1000061035156,373.79998779296875,1872248
2026-02-05,367.79998779296875,370.0,363.5,368.54998779296875,1513592
2026-02-06,365.3999938964844,367.8500061035156,361.1000061035156,367.79998779296875,1797290
2026-02-09,373.95001220703125,375.0,366.3999938964844,368.8500061035156,2278289
2026-02-10,371.04998779296875,375.0,366.75,374.0,2703185
2026-02-11,375.20001220703125,376.79998779296875,367.29998779296875,371.1000061035156,2634512
2026-02-12,375.04998779296875,389.20001220703125,371.25,377.20001220703125,8323909
2026-02-13,377.95001220703125,381.8999938964844,368.29998779296875,374.0,5387172
2026-02-16,380.3500061035156,384.25,374.6000061035156,377.0,2108997
2026-02-17,379.3500061035156,381.20001220703125,376.8999938964844,380.20001220703125,1118253
2026-02-18,378.95001220703125,382.8999938964844,375.75,379.70001220703125,1489234
2026-02-19,382.6499938964844,387.0,377.6000061035156,379.0,2784719
2026-02-20,383.95001220703125,388.75,381.6499938964844,384.1000061035156,3482530
2026-02-23,387.70001220703125,389.29998779296875,383.20001220703125,386.95001220703125,3572627
2026-02-24,390.75,392.0,385.04998779296875,386.95001220703125,2179315
2026-02-25,395.8500061035156,396.8500061035156,390.29998779296875,392.0,3958867
2026-02-26,394.8500061035156,401.04998779296875,389.20001220703125,394.8500061035156,5256998
2026-02-27,389.79998779296875,395.70001220703125,388.79998779296875,395.04998779296875,4394250
2026-03-02,387.95001220703125,389.95001220703125,380.0,380.0,2439315
2026-03-04,378.3500061035156,385.6000061035156,375.3500061035156,382.1000061035156,2886127
2026-03-05,386.79998779296875,389.0,379.6499938964844,380.29998779296875,2832306
2026-03-06,390.70001220703125,394.25,385.79998779296875,387.0,2552685
2026-03-09,389.70001220703125,390.95001220703125,379.3999938964844,384.95001220703125,2914481
2026-03-10,395.79998779296875,398.45001220703125,392.3999938964844,393.6499938964844,3554902
2026-03-11,395.3500061035156,402.79998779296875,394.25,395.79998779296875,3931225
2026-03-12,392.20001220703125,397.5,389.0,390.5,1921703
2026-03-13,383.54998779296875,398.70001220703125,382.6000061035156,393.3999938964844,4757886
2026-03-16,377.04998779296875,387.8999938964844,369.1000061035156,383.0,2652299
2026-03-17,377.54998779296875,383.04998779296875,374.95001220703125,379.95001220703125,2698117
2026-03-18,382.6000061035156,386.0,377.0,381.0,2240407
2026-03-19,368.54998779296875,379.8999938964844,366.25,378.95001220703125,2008502
2026-03-20,380.95001220703125,382.6499938964844,369.95001220703125,372.5,12193711
2026-03-23,367.1499938964844,378.3999938964844,365.54998779296875,378.0,3017643
2026-03-24,369.04998779296875,377.20001220703125,367.1000061035156,374.0,4114888
