Price,Close,High,Low,Open,Volume
Ticker,HCLTECH.NS,HCLTECH.NS,HCLTECH.NS,HCLTECH.NS,HCLTECH.NS
Date,,,,,
2021-03-24,797.6103515625,805.0497350962305,789.5577804810075,793.8497440344528,3874331
2021-03-25,782.4044189453125,796.6700966377763,776.6409356653539,792.9912711530457,4879437
2021-03-26,783.6309204101562,797.0790852119051,779.7477146104059,788.9039151071676,4271178
2021-03-30,814.083251953125,818.1708361162731,788.4541192090934,788.9037434875861,5475000
2021-03-31,803.3330078125,817.5169061757402,800.062940187797,817.5169061757402,4445140
2021-04-01,819.642333984375,828.5532871748611,809.832132261535,810.9766757547728,5269079
2021-04-05,844.9037475585938,850.2176076061321,819.6424544506176,823.2395489032452,9452833
2021-04-06,840.734375,850.7080409665687,834.0715925035726,849.4000339242459,4260257
2021-04-07,847.9283447265625,854.3050153811896,837.7093852124334,842.8597807253651,3551106
2021-04-08,848.1737060546875,861.9897603580032,843.3912525866835,853.4875654179216,4852068
2021-04-09,854.63232421875,862.3170042695334,845.4352576194357,851.9344780984607,3708082
2021-04-12,825.2014770507812,852.6291057865377,818.4978293180554,852.6291057865377,5976427
2021-04-13,803.9459838867188,834.5210800932672,794.7897863986315,827.7357011154277,7773994
2021-04-15,810.8950805664062,813.1841180410304,783.7943737850965,791.3564055530361,7430279
2021-04-16,827.9403076171875,831.2512413512347,813.020622982269,817.516966296902,4677808
2021-04-19,813.1021728515625,840.7750960121363,807.5839345633354,814.2467163072859,6239343
2021-04-20,785.8789672851562,822.4219818248185,782.3636546782817,822.4219818248185,9742418
2021-04-22,786.3693237304688,794.5444906269399,780.9736836404423,789.7211221991183,4970596
2021-04-23,781.2600708007812,796.9563558724085,776.8045935717183,788.0863171784279,6023490
2021-04-26,759.3096313476562,780.3198241243824,754.6089095155817,768.4658299391508,19619972
2021-04-27,759.3506469726562,767.2805718675838,754.8952192317855,761.1083284849967,6406825
2021-04-28,755.2220458984375,765.0731138290603,753.5461463579196,761.2716904660223,6845677
2021-04-29,756.6778564453125,773.4411762029772,754.6396287393459,773.4411762029772,8588734
2021-04-30,747.8594360351562,761.2118301129444,744.906110674758,752.8925751390324,10921664
2021-05-03,755.1387939453125,757.426589092853,741.2456278030901,747.6930504916131,6871176
2021-05-04,749.5233764648438,761.2119209425543,748.1090927951825,757.0522929592616,6217026
2021-05-05,756.5531005859375,757.7177658669845,749.2321152687057,752.0190962723601,2696835
2021-05-06,762.0437622070312,768.6159940039959,749.7728610142871,758.71606018866,6319104
2021-05-07,762.3766479492188,766.5362759917687,760.1304386508999,763.7077086121509,3651558
2021-05-10,760.33837890625,766.7025790009179,757.2186580431658,763.7492534058729,4029147
2021-05-11,754.8059692382812,759.0904057220876,752.9757230478193,755.8042899582333,3818154
2021-05-12,753.8077392578125,756.1787576001973,744.5733857342494,753.8493761577109,4076940
2021-05-14,757.3434448242188,758.7161423661568,745.8212956483109,756.2203655820575,5184569
2021-05-17,767.1602172851562,771.3614314368372,757.1354731193086,760.8791383433883,7956551
2021-05-18,775.0217895507812,781.5940214307044,769.1151387042962,772.0268780071248,5913426
2021-05-19,774.8555297851562,782.8419952925474,769.6559947473471,772.0269624139044,4178834
2021-05-20,769.0320434570312,777.6840392142016,767.076987834803,775.3546576940676,4753782
2021-05-21,774.2314453125,777.5591471338155,767.867195268554,769.9470089068762,4161547
2021-05-24,776.0202026367188,781.178151599212,771.7774023157136,774.9387094937871,4191877
2021-05-25,782.5091552734375,785.1713271998495,777.9752016284475,780.3461691451249,5032874
2021-05-26,786.835205078125,789.4557909713683,775.8121911197369,782.0100468592287,5017674
2021-05-27,784.0067138671875,796.06963519207,780.4293931287857,789.4974025733468,9078274
2021-05-28,784.1315307617188,790.121405746092,779.8471440236484,782.051716584972,4098094
2021-05-31,786.3360595703125,788.5406318666134,775.8537669136105,783.2995109266159,4171524
2021-06-01,790.9115600585938,791.9930530218758,783.7153843816955,788.6653511184226,2944472
2021-06-02,785.129638671875,790.9115306696198,780.0132768747507,787.8333963679636,3657189
2021-06-03,781.5524291992188,790.1628379024329,779.5142015478352,786.1696056165467,4164240
2021-06-04,779.139892578125,785.5041435822159,777.6424366879589,782.093218234757,3550303
2021-06-07,789.9963989257812,791.9514542287916,779.5973306439197,781.1780093334428,3282517
2021-06-08,804.6384887695312,808.6317216842345,791.5356599459442,791.9932088923779,6385642
2021-06-09,808.04931640625,819.4467071586201,802.8913675865596,810.2123534089374,5521459
2021-06-10,805.7615356445312,816.6597915506254,804.0976844323071,814.8711311868007,3878256
2021-06-11,818.0740356445312,823.6063613114995,807.3838117705154,811.9594026666905,4777035
2021-06-14,818.7811279296875,822.3168114803285,811.9593283354624,817.7828071247536,2236373
2021-06-15,819.8211059570312,826.1021341834467,817.9492733267062,819.5299015262881,2559001
2021-06-16,814.7880859375,820.2787754829872,810.2956666535796,818.656510142865,3138753
2021-06-17,820.6115112304688,822.7329115595597,814.0808641751051,815.2871665666945,3609989
2021-06-18,811.3353271484375,829.1801389108878,807.0508906010847,823.6062280204595,5622783
2021-06-21,816.950927734375,818.1572299927868,799.6884717766477,805.3039694978361,1639495
2021-06-22,815.3701782226562,822.1088053707722,812.1672852955525,817.0340292552719,2529648
2021-06-23,809.3804321289062,819.4467115232289,807.7997531868582,819.4467115232289,2395543
2021-06-24,823.3566284179688,827.4330326589176,806.2189336736725,808.6315377905175,4686567
2021-06-25,828.3067626953125,840.244875014789,822.9824184241387,827.7659907323912,5196000
2021-06-28,819.6962280273438,831.9255436747029,818.7811302399838,831.9255436747029,1844159
2021-06-29,818.2820434570312,826.8509182150491,815.703094270278,821.0690248315799,1895170
2021-06-30,818.1987915039062,824.8126098874693,816.1189775956605,816.1189775956605,2682591
2021-07-01,819.86279296875,821.9426072583714,811.2523821204039,821.1106815425228,2861509
2021-07-02,819.1555786132812,821.6097185606359,812.9993087403781,818.2404299690876,1646631
2021-07-05,815.0791015625,828.5147202301464,813.6232317714978,825.0206225763994,2598033
2021-07-06,808.6732788085938,817.1173440583074,807.1342367412278,815.2870975615009,2486069
2021-07-07,811.4185791015625,813.2904116218656,798.8981095099881,806.967797641747,3014899
2021-07-08,812.6248779296875,816.9509010027624,806.9677942695312,811.1274220750441,2555624
2021-07-09,812.6664428710938,814.8710658612371,804.1392060920456,808.6316243155921,3218471
2021-07-12,814.8295288085938,817.8244406201746,811.1274497798977,815.2870777274869,2037878
2021-07-13,805.26220703125,817.7826742383595,801.9760915216466,817.7826742383595,2997764
2021-07-14,823.1488647460938,826.0606045925414,805.3872212167352,805.5120303779825,4371180
2021-07-15,864.9945678710938,875.6016183547258,824.271803113887,826.1020494311095,12701032
2021-07-16,836.085205078125,872.4819490802822,830.303312161298,869.2790559187754,8665827
2021-07-19,832.0919799804688,847.1498127530036,825.6861428228741,836.0852126317263,4644600
2021-07-20,812.9577026367188,842.0750984992322,806.4270562415297,831.0936704757426,10216774
2021-07-22,814.1222534179688,816.534857617688,806.9677146094318,806.9677146094318,6156400
2021-07-23,826.9340209960938,835.1701044937599,817.4500491367635,819.1971233091177,5265839
2021-07-26,832.1752319335938,835.2533670471779,821.3186121686518,826.9341104032817,2477027
2021-07-27,830.2501220703125,838.7869783001576,823.4289942833655,836.9456875708795,2883514
2021-07-28,822.80126953125,833.55605206398,817.9469948513263,832.7609434591308,2952249
2021-07-29,843.3064575195312,844.4782019197605,824.8518152561428,824.8518152561428,4732101
2021-07-30,857.82763671875,878.7512836670219,845.2316625556373,847.8261743439741,9330054
2021-08-02,866.5736694335938,869.5866537679747,856.2373585392253,865.401924924048,2536478
2021-08-03,869.9631958007812,872.8925058477633,857.0324251741656,862.0540995404205,3359006
2021-08-04,870.3817138671875,876.909931748847,865.9040744246464,871.3442219372854,3122161
2021-08-05,888.1251220703125,898.0429101037266,865.15089685412,870.4236966522607,7896314
2021-08-06,878.7511596679688,895.5319630190706,872.9344275036361,888.1250134778132,11584782
2021-08-09,879.2534790039062,892.8119605283738,873.3529700598622,885.3213362467754,6321578
2021-08-10,890.2590942382812,897.4569089428687,877.1190877031111,880.8853433277905,5871606
2021-08-11,892.9793090820312,903.0645471619666,884.7773012787278,896.3270923893972,5011239
2021-08-12,917.7111206054688,921.6029392245952,893.8581639823444,896.3690015216207,6540144
2021-08-13,936.918701171875,940.6849563321525,912.4380426300715,919.8032046988758,7270809
2021-08-16,940.4340209960938,945.2045704408312,932.650385411291,938.1742063910449,3159376
2021-08-17,956.5870971679688,964.1196088634149,931.1440282852225,936.7515239031187,5295838
2021-08-18,949.3056640625,969.0994503807595,947.0877375152895,969.0994503807595,4871006
2021-08-20,935.161376953125,954.7459292688093,926.6663565794189,926.9174811879959,3467046
2021-08-23,973.4517822265625,986.0896452256598,942.4429970913149,944.9119466966971,9383780
2021-08-24,964.914794921875,981.7373844003483,962.4876317650474,977.5107674117571,3947317
2021-08-25,966.1282348632812,979.1427811829349,954.3692092423089,970.7733242998706,3447912
2021-08-26,977.0924072265625,980.9005517710103,966.672472095151,970.7735272585002,4654833
2021-08-27,973.3261108398438,979.0173833427838,970.4386885966726,977.0923670698438,3050466
2021-08-30,973.70263671875,979.5193684009841,966.2956877913904,974.2047836997838,2956868
2021-08-31,989.5209350585938,998.8110118304007,972.5727847520809,975.8786793774797,7199002
2021-09-01,974.7488403320312,996.3838664744818,972.3216773429057,995.9653936200197,3200410
2021-09-02,981.5281982421875,989.269946981254,965.8354643116473,980.9004888849659,5224479
2021-09-03,983.2020874023438,988.0981999431792,969.3924815780077,982.1559051429243,4533364
2021-09-06,1004.46044921875,1012.7880184563423,982.5742977079384,983.4112434470422,4331916
2021-09-07,989.4370727539062,1016.8470418547926,987.6795073822066,1016.0519843809469,3721585
2021-09-08,994.9612426757812,996.9280449412648,976.7576708896507,991.7808076581456,3118518
2021-09-09,1003.12158203125,1008.4779542329657,990.1070319952432,997.6395453409383,3388292
2021-09-13,1011.3651733398438,1016.8889943574302,984.6246977440459,997.6392438469603,3723138
2021-09-14,1036.6827392578125,1038.3147423922205,1010.1933892715901,1017.7259000449491,5593286
2021-09-15,1065.64111328125,1078.7811199140858,1029.65244815571,1036.6828124739438,6063895
2021-09-16,1057.1461181640625,1084.0958316392655,1050.5342265449108,1077.3164895764314,3616292
2021-09-17,1057.3134765625,1072.1273736456844,1053.2960965910179,1058.7362432956993,4817180
2021-09-20,1068.068115234375,1087.0249529283192,1046.181968029947,1052.8775326253385,5453683
2021-09-21,1087.6109619140625,1100.5836205594399,1068.7796832352888,1078.823031863968,4645597
2021-09-22,1101.002197265625,1112.0080549425381,1087.6947386442187,1088.0295373966646,5367303
2021-09-23,1111.7149658203125,1118.5359912456404,1099.6629278312944,1110.5013333083677,3037295
2021-09-24,1136.73974609375,1153.1020773703995,1118.996535978388,1121.5073733814809,7951730
2021-09-27,1084.011962890625,1144.8997588088846,1079.7017745345395,1143.2677556610674,7653504
2021-09-28,1062.0841064453125,1092.1722638662213,1049.5299207899304,1092.1722638662213,8572321
2021-09-29,1072.294921875,1089.2430743847683,1053.5474176218743,1062.9211697484373,4639821
2021-09-30,1070.9140625,1080.8736360031778,1061.9586809458879,1080.8736360031778,3589722
2021-10-01,1066.0596923828125,1074.6383866689157,1055.0957230455274,1066.268928828815,3372796
2021-10-04,1070.1607666015625,1082.6730654333567,1066.059711752154,1072.5460416960827,2706626
2021-10-05,1092.33984375,1099.41199497409,1056.3929599306591,1062.9211781115396,3710314
2021-10-06,1067.4825439453125,1104.6429601335055,1064.4277733245772,1098.0729556416115,2861608
2021-10-07,1093.3023681640625,1102.9690311085874,1074.6803236242395,1074.6803236242395,2421641
2021-10-08,1106.56787109375,1119.8334411252536,1083.0497153718247,1093.3023010622464,5197831
2021-10-11,1090.456787109375,1108.86959612532,1034.1721777310884,1088.029623669479,5264998
2021-10-12,1046.474853515625,1095.5617307146524,1034.715829775974,1093.8459514616425,12811641
2021-10-13,1059.029296875,1063.5907125662743,1040.700164299619,1057.0624947724464,5705730
2021-10-14,1047.1446533203125,1082.3800475412222,1041.2023591681775,1079.157826966902,10360519
2021-10-18,1022.2453002929688,1065.0131968409235,1016.8888284178562,1037.812466862668,23861603
2021-10-19,1031.20068359375,1048.692867580409,1025.2583900925788,1029.4431182154055,10189780
2021-10-20,1031.87060546875,1057.3974550458306,1021.4087818715858,1036.975954950917,8222562
2021-10-21,1021.576171875,1045.3711037583819,1003.2659761683088,1045.3711037583819,5998795
2021-10-22,1007.4849243164062,1032.2501319645526,1000.7346065655425,1015.2899792158424,3812305
2021-10-25,983.3526611328125,1004.1098697731644,976.391395228923,999.0893616249728,6690819
2021-10-26,984.5338745117188,997.3594368989204,973.1004827442301,987.2339603821802,5126660
2021-10-27,993.2670288085938,996.810904215389,980.0616998971193,987.233912078889,3536653
2021-10-28,972.0455322265625,999.890586535136,967.6578678998113,998.4561855441426,4096585
2021-10-29,965.0845947265625,989.7654466572747,960.2328033213798,972.0458606557378,3558520
2021-11-01,1003.4345703125,1005.3330969488139,964.873426055587,964.873426055587,4511112
2021-11-02,987.7822265625,1008.4128392171979,986.2633642191139,1004.9533227702082,3016082
2021-11-03,992.5918579101562,1002.1688491014631,988.6682157388008,991.4527625705132,2063067
2021-11-04,998.2872924804688,1001.704681004241,993.9839868220602,999.8905130595427,256369
2021-11-08,998.0765380859375,1006.4723066620367,986.0104082403077,1001.9579497635411,3808317
2021-11-09,989.5966796875,1004.9536122423361,987.613691334208,1002.4222429419776,3565461
2021-11-10,986.5166625976562,991.4528113132234,980.5679045291115,982.1711254200783,2401325
2021-11-11,979.3865356445312,985.3775241332202,972.2565548116444,983.858661670972,2861259
2021-11-12,989.216796875,994.1108181510348,981.3273840779742,986.305763720492,3812518
2021-11-15,987.9511108398438,997.0218497585626,981.7492773887743,988.0776998902061,3619915
2021-11-16,981.6651000976562,991.8749363495773,979.1758583202668,987.9935237664115,3141207
2021-11-17,972.425537109375,982.8041930987292,970.3582932505161,979.2180863628034,3172985
2021-11-18,945.2130126953125,974.5769302355384,939.559663911058,968.6704033856261,5384530
2021-11-22,936.6909790039062,949.980667539864,929.8563026428922,945.21323486155,3961223
2021-11-23,938.8002319335938,945.0442951986298,919.7306087200951,932.3874519593625,4545069
2021-11-24,944.580322265625,955.7184079156202,939.0956893096816,945.0444477933346,2675632
2021-11-25,949.0946044921875,954.3260589284424,937.4502665512816,942.0911094550008,3106454
2021-11-26,936.6488037109375,950.1072083118437,930.9532231992989,945.0444700792762,2207274
2021-11-29,956.1402587890625,966.1391455024445,928.252969764068,929.096759410795,3661152
2021-11-30,960.7809448242188,977.0238928691051,956.0135134990262,956.0135134990262,7421904
2021-12-01,976.0113525390625,981.3272680204894,966.3077725027464,966.9828453581091,2918586
2021-12-02,999.6376342773438,1001.0721385940169,972.889541509369,980.3992905740866,4011279
2021-12-03,988.4154052734375,1003.8566970147837,986.9387731040864,1002.4222955366597,2571036
2021-12-06,959.009033203125,989.4698146891868,957.5745291986196,987.1493934776195,2493755
2021-12-07,970.0628662109375,974.5771205847398,954.6637039159839,970.3581720107799,2299958
2021-12-08,988.5838012695312,997.0216966422681,976.3067253031904,976.6020310409057,2525711
2021-12-09,986.0105590820312,995.5031938226631,974.5771667048654,995.5031938226631,1734844
2021-12-10,980.6519775390625,984.7022077691004,974.7454518712101,974.7454518712101,957733
2021-12-13,978.0366821289062,990.145044484454,973.100532674056,983.8588520251024,2225682
2021-12-14,980.7791137695312,983.7746089444951,966.5612753651528,975.4210688102285,1972685
2021-12-15,969.4301147460938,980.4415097547294,963.8611227070694,977.3195287181853,1604301
2021-12-16,978.5851440429688,985.4620509756603,969.9785299565185,975.4209325403508,2121810
2021-12-17,988.4154052734375,998.1189881006021,983.0151298823305,988.921658559735,6373455
2021-12-20,978.7116088867188,989.2167485414423,966.5610176584665,978.79596724908,3091768
2021-12-21,1016.7666625976562,1025.162329523828,983.0573028267296,986.3058728081371,6217986
2021-12-22,1031.785888671875,1034.4859739938734,1021.0696997340791,1027.735657687225,3809814
2021-12-23,1035.7098388671875,1038.4521559556397,1025.710949468093,1037.77718585796,2814281
2021-12-24,1067.56298828125,1083.2575635282988,1051.4888517645102,1064.9894907715534,15952929
2021-12-27,1069.250244140625,1077.5194242272973,1058.1544922204348,1069.9253170870893,3372907
2021-12-28,1083.34130859375,1087.6446142406107,1071.6126144961797,1071.6126144961797,3446067
2021-12-29,1090.0916748046875,1096.0825596497104,1077.603549013716,1082.5819276601835,2254162
2021-12-30,1111.313232421875,1119.244772963844,1082.328974690485,1090.0919014998271,4518139
2021-12-31,1113.0428466796875,1121.7760484858054,1104.478361593803,1113.8022779240587,2231508
2022-01-03,1118.991943359375,1130.5940539335459,1108.8242343464249,1110.722761531289,2661272
2022-01-04,1125.151611328125,1127.8939285284089,1103.0443569449767,1121.8186823930744,3367100
2022-01-05,1105.997314453125,1122.2402656667223,1098.6141548105807,1121.3964759932887,3510253
2022-01-06,1084.1854248046875,1095.0703327225071,1077.5194654595364,1088.4887317484745,4409632
2022-01-07,1088.9530029296875,1095.6610908567066,1081.90727546969,1094.8595317213678,3898684
2022-01-10,1086.8857421875,1101.0192229162449,1080.0510646443863,1101.0192229162449,2529949
2022-01-11,1133.7579345703125,1137.4283987880276,1080.0507050806195,1087.3495058363796,6772189
2022-01-12,1140.93017578125,1145.1068932746239,1123.4215408516905,1142.4911660059622,3162044
2022-01-13,1125.8262939453125,1147.0476233653749,1114.772670587853,1130.6780842321295,4598005
2022-01-14,1128.3155517578125,1133.167342559122,1091.0200880162404,1113.8024100397815,5636243
2022-01-17,1062.1202392578125,1074.1442419663915,1049.1680885194312,1074.1442419663915,11973283
2022-01-18,1029.2125244140625,1071.5707277106956,1026.892102653752,1071.5707277106956,7799487
2022-01-19,1011.8724975585938,1029.845258135154,1004.9534636943616,1029.4233633141237,8464215
2022-01-20,1000.087646484375,1022.2532418938061,995.5354325875553,1021.0619821410824,6172404
2022-01-21,993.791259765625,1003.9168137260725,982.7723387270238,1000.087830588175,5514748
2022-01-24,957.1607666015625,990.8557991969989,945.3334417414047,989.1540288248272,5878438
2022-01-25,956.1395263671875,969.7112057638118,926.1033452533478,948.7368676910709,4725254
2022-01-27,917.041259765625,949.5450234822955,910.61703681166,948.7367243225905,8304735
2022-01-28,919.3387451171875,937.845495647012,916.6159544024514,918.1050032956557,7654724
2022-01-31,935.4631958007812,947.8435129567542,929.889856276185,936.5268022850308,7572995
2022-02-01,963.8828735351562,967.0311074809227,937.0374017715496,950.1835376204405,6783774
2022-02-02,996.3438720703125,998.8114596481709,964.3081309639578,972.4766071977208,6982539
2022-02-03,984.2612915039062,996.2587500562196,979.3687024171136,988.7284380614127,4169794
2022-02-04,990.260009765625,993.0678679597432,967.7540390763436,987.0266052014664,3625482
2022-02-07,984.7718505859375,996.684241996516,975.1143254659235,984.4740615742351,3824483
2022-02-08,988.6858520507812,995.4078647856345,977.2840753625803,986.133196875607,3267641
2022-02-09,1004.8101196289062,1011.7022673715023,992.131912325628,997.2372223375953,3772972
2022-02-10,1012.8511352539062,1014.1700488066139,999.0242513244348,1008.2563345899337,2053245
2022-02-11,990.175048828125,1003.1936337135203,985.3676306242633,1003.1936337135203,3912397
2022-02-14,975.4971923828125,990.7280566186678,964.5633394976895,966.0523884395337,3243813
2022-02-15,994.3018798828125,998.9391623859445,976.9012163093184,981.4960168757982,3000492
2022-02-16,993.6635131835938,1006.2991342612095,987.02656884596,1002.3424983625353,1885868
2022-02-17,989.6219482421875,998.9390984566485,987.0267071632983,998.9390984566485,1644055
2022-02-18,991.281005859375,995.6204985020242,978.6027988306187,980.9427325354369,2166690
2022-02-21,991.0681762695312,995.1098794996495,978.6877595648972,981.1553465210527,1706058
2022-02-22,978.134765625,982.0488153405548,963.2016942770365,963.2016942770365,3254855
2022-02-23,981.0706176757812,986.1759287825068,976.8587775598606,983.623273229144,1937649
2022-02-24,934.739990234375,965.7121288252608,929.1666505543418,941.0790435101667,5469084
2022-02-25,961.2448120117188,970.8598547496127,948.7368431602263,949.2473534233434,3213276
2022-02-28,958.9048461914062,964.3080492440661,941.9297313337321,952.6508619737264,4571884
2022-03-02,949.2048950195312,956.9479284941872,943.6315561838561,956.9479284941872,3867328
2022-03-03,969.7538452148438,980.219774984464,953.4168905122326,957.2458740082657,3969380
2022-03-04,968.6900634765625,982.644599356091,955.2461417317412,959.798356068968,3522375
2022-03-07,982.0914916992188,988.217926433152,944.9078562381401,945.3332987668381,5249845
2022-03-08,1000.0452880859375,1003.70403165321,982.7722792072918,983.6231642975146,3805165
2022-03-09,1006.3418579101562,1016.8077871408256,987.9627588492082,1004.04450947797,3781326
2022-03-10,1014.3827514648438,1019.530544297182,999.7900503814575,1019.530544297182,3834327
2022-03-11,1015.4888916015625,1027.146081061337,1000.8962936421517,1004.0445273077678,2770879
2022-03-14,1023.487060546875,1033.6551992044065,1002.0447988564565,1015.4887203116921,5740660
2022-03-15,1001.3638916015625,1033.229593993993,993.9186485941424,1027.0180925664017,3003066
2022-03-16,1020.6365356445312,1023.5720472845524,1008.2987034087283,1012.6807818384519,1894018
2022-03-17,1018.4243774414062,1033.8253766826228,1013.2339992044625,1033.8253766826228,6987787
2022-03-21,993.8762817382812,1029.4857987858763,991.366108627341,1020.9769486493997,4046440
2022-03-22,1000.9813232421875,1005.5335380757365,988.9838632568191,995.5356374432932,4516870
2022-03-23,1004.6399536132812,1013.2764577872642,995.5355249747371,1012.5532262563565,2338886
2022-03-24,1014.3401489257812,1015.9568514562678,994.6847230756928,994.6847230756928,2351703
2022-03-25,1003.4911499023438,1020.2110600249347,1000.1301958805711,1020.2110600249347,2489854
2022-03-28,990.3876342773438,1010.5110869279174,985.4950451317699,1008.2137387892922,3406258
2022-03-29,993.5785522460938,999.790055414091,990.1325296949309,992.9829741857396,2443230
2022-03-30,991.4512939453125,1005.7036196142949,988.81357086372,1001.7895688608531,3073672
2022-03-31,990.2176513671875,999.6199743730554,987.8777170675013,999.6199743730554,3006639
2022-04-01,995.2378540039062,998.9391836980483,980.262295873649,987.8776765531807,2479745
2022-04-04,1010.0431518554688,1011.659750374961,993.833749917989,998.2583106821457,2282137
2022-04-05,1017.1906127929688,1023.6148372337904,1007.5330870972024,1012.5533302645141,2634464
2022-04-06,995.9609985351562,1016.7226155191048,993.4083432633873,1012.5532578016539,2838968
2022-04-07,998.3436279296875,1004.68268100333,989.5794689874001,991.7917496922258,3391918
2022-04-08,991.578857421875,1004.0443439916023,989.1964416381695,1003.1934589543214,2656091
2022-04-11,964.4782104492188,990.4302046430442,962.989161602032,990.4302046430442,5679058
2022-04-12,962.4786987304688,971.4554741876597,952.6084523738533,961.3300246225014,2906617
2022-04-13,957.330810546875,972.6467424318345,955.5439726005252,965.7545938571649,1971580
2022-04-18,937.4625854492188,946.822320815628,922.869886354393,944.4823869740256,4391701
2022-04-19,910.6597290039062,949.5451344228939,900.8745508833317,949.5026524908784,3422431
2022-04-20,926.954345703125,931.5491464974525,905.937419213385,914.7015782075251,2573318
2022-04-21,935.292724609375,940.2704848160705,919.8917273084867,931.7190492552401,2547848
2022-04-22,937.7178344726562,965.711867241811,919.8917318073575,924.5715992009335,9567571
2022-04-25,927.3370971679688,934.2718314445112,916.6585515791563,933.3358786164438,3565801
2022-04-26,931.1237182617188,941.9299187819161,923.2530301418157,939.377263175461,3213714
2022-04-27,932.229736328125,935.8885839682932,914.3611484318714,924.9121449156031,3288792
2022-04-28,945.119873046875,953.59787845126,928.510028274272,944.6873239058924,5202061
2022-04-29,933.6571655273438,952.0405009616325,929.4181635301712,946.4173630640853,2988180
2022-05-02,922.97314453125,936.0361041619351,918.7341429020103,928.2502215949689,2584604
2022-05-04,903.9842529296875,930.845592232919,896.0686894854111,930.7591035400744,3385725
2022-05-05,927.428466796875,930.1534413485923,905.8442056900678,916.1388942722319,2982126
2022-05-06,908.5260009765625,914.1059471974622,890.1426659752526,908.2665349029285,4075606
2022-05-09,930.9320678710938,936.8147773412283,894.5979467507059,903.162439278214,4207192
2022-05-10,927.86083984375,938.6312669795011,922.7134437276806,928.2500916765019,2473518
2022-05-11,917.78271484375,933.700543075733,911.8568132081579,924.7899892450638,2895668
2022-05-12,916.48486328125,926.4766820481004,902.9460581510508,908.4394094561312,3195189
2022-05-13,910.2130737304688,932.5758406248923,904.1140893034417,925.6550551657094,2496626
2022-05-16,903.63818359375,923.0162948573437,899.8749227055242,911.8133176829045,1415370
2022-05-17,936.8148193359375,939.4966025135279,904.330341160762,915.4468314051176,2620776
2022-05-18,928.855712890625,949.3153024277472,926.3470130849881,937.377012971297,2865869
2022-05-19,873.2300415039062,915.5333596293649,869.0775283911415,912.7649823532568,4729354
2022-05-20,890.0562133789062,894.9440390627382,879.6317911980497,890.1859992223854,2005622
2022-05-23,880.9293823242188,897.1067273114256,877.8582946376752,884.9953539436725,2285466
2022-05-24,857.9610595703125,884.476338039831,853.8518435048131,884.1735220173233,3418456
2022-05-25,842.9948120117188,858.8693402334911,833.0894287010482,858.177272348328,3904551
2022-05-26,848.4016723632812,852.9866814905274,838.3232589107105,845.2007990022772,4278059
2022-05-27,868.4721069335938,874.1384896017972,855.5821225909839,855.5821225909839,2795530
2022-05-30,899.6155395507812,911.2510668095056,878.6369105269011,881.5349680550016,3562969
2022-05-31,900.3508911132812,904.7196789706609,882.7894093943399,904.0275582160739,5185485
2022-06-01,880.5833129882812,904.4167005461054,875.0899087724611,900.3507820132954,2554081
2022-06-02,899.4425048828125,907.4014712295278,871.4133564859234,874.9602905840075,3560227
2022-06-03,902.2974243164062,925.3523125108242,899.8751071106753,911.7702073833029,3556955
2022-06-06,897.366455078125,906.0606291106448,883.3950972494571,897.9719816107255,1997494
2022-06-07,884.9088745117188,894.2951678493608,876.4741679709389,891.0510499490608,1839248
2022-06-08,891.2239990234375,894.3384365910459,878.9396485389124,885.0818237811749,1665512
2022-06-09,889.8832397460938,892.5217257615648,875.2198154340974,886.6823132055716,1654005
2022-06-10,878.3773193359375,885.6441643692698,872.1918997100696,875.4792618722354,2260855
2022-06-13,858.0042724609375,866.8282835120582,849.9588708089792,861.6376949880339,1738804
2022-06-14,862.4161987304688,865.9198349946668,846.1956115801169,854.7168055758789,2461791
2022-06-15,856.360595703125,871.1537514947416,854.7168882589918,855.5819863240313,2408630
2022-06-16,834.7764282226562,871.1537930317771,831.9216150321863,871.1537930317771,3198618
2022-06-17,829.412841796875,833.219294733765,816.695888577493,823.9194897279591,4302066
2022-06-20,830.5374755859375,835.6848201835803,823.6599346732147,834.8197220260404,1305407
2022-06-21,853.5057373046875,865.0115839113586,833.6517787796789,840.6158077038141,2128325
2022-06-22,831.6188354492188,846.9310831616555,829.7589061200513,846.0227406705363,2575065
2022-06-23,840.2263793945312,845.6332415527972,829.2828692656456,832.3107120742745,2169033
2022-06-24,836.2904052734375,851.7323863724174,830.4942370173072,851.2565929427399,1922313
2022-06-27,858.4800415039062,870.9807190717164,851.4295239728834,853.1164757556321,3626024
2022-06-28,866.7850952148438,871.1538302781033,850.6077493753179,856.360673148658,2702471
2022-06-29,854.32763671875,865.3143933885368,852.1216470759398,852.2081357672662,3150015
2022-06-30,841.9568481445312,862.1136262426295,839.1020345600634,856.4472434246966,3741119
2022-07-01,843.7733764648438,849.0505063414784,834.1275647222154,834.3870835814017,2827579
2022-07-04,851.7755737304688,856.0145755688526,842.1297615329926,843.7734162529429,2738846
2022-07-05,849.6561279296875,867.3906391444583,846.4552543696688,854.1978929968849,2476050
2022-07-06,853.5057373046875,864.2329745254618,847.8393554894494,849.5263072912949,2998254
2022-07-07,856.3173217773438,865.8766978963437,852.0783728245509,862.5027942306499,2985141
2022-07-08,850.8672485351562,864.2330250992228,847.0608484738169,864.2330250992228,3141642
2022-07-11,816.2632446289062,847.060766516658,813.1921571488887,843.4705885320919,5787815
2022-07-12,802.6380004882812,820.5887859261533,799.6966986515888,808.8667173209789,5305354
2022-07-13,793.9437866210938,809.731827052404,782.9137857718223,804.5412384174527,12874342
2022-07-14,781.1836547851562,802.4218044961666,771.9270937196696,801.2106987277288,4916497
2022-07-15,764.0114135742188,782.9137860732172,758.9938023173823,775.127903117793,5591590
2022-07-18,778.847900390625,785.076618002829,768.9425154213828,774.2628904821289,5156225
2022-07-19,778.322998046875,785.1465450857164,774.2113564354975,778.5854318955851,4636293
2022-07-20,802.5552978515625,803.7800068080038,783.0468807455231,791.3576231988596,4827089
2022-07-21,808.72265625,810.909693530467,799.1871523493777,805.7045341240625,3498709
2022-07-22,805.0484619140625,815.2400774922231,795.2067936755043,813.0530401058768,3514659
2022-07-25,814.1465454101562,815.3275242215747,799.5808552988404,805.0484486747898,2120224
2022-07-26,799.1434936523438,813.2717771037117,797.043916317801,812.265718507062,2780103
2022-07-27,812.2219848632812,813.009286314419,797.043912811414,797.91872779788,1742497
2022-07-28,827.6624755859375,830.1994605217168,815.9399862622507,818.7394050272036,2843497
2022-07-29,829.674560546875,844.8088492437414,828.5810418058518,837.1979481273263,3617725
2022-08-01,832.9551391601562,836.7605631234204,826.8751641177411,834.5735255825855,2489519
2022-08-02,831.9927978515625,834.4422691808544,823.2446478223268,832.9551263914607,2545241
2022-08-03,837.3729858398438,841.3971137567517,831.1180368050789,831.9491217907047,4119614
2022-08-04,838.16015625,848.5267451227636,827.3999433775147,844.1964005756328,3513266
2022-08-05,837.8541259765625,844.1528051044589,835.4483845550689,842.359444905513,2565683
2022-08-08,845.1150512695312,846.8209512614006,831.1180107528139,837.8540971803786,1746911
2022-08-10,832.8676147460938,845.946109748399,829.4120847978033,845.1150248148399,3271939
2022-08-11,841.8781127929688,847.2582458824814,838.7288004541343,844.1963936774338,3594584
2022-08-12,836.6730346679688,843.3216068914842,834.5734574424024,843.3216068914842,3022304
2022-08-16,838.2477416992188,847.6957329980115,833.3925291395792,847.6957329980115,2784861
2022-08-17,857.8436279296875,859.8557452866711,835.4483837135841,842.4469042054257,4649125
2022-08-18,851.6324462890625,860.3368666655186,846.9084236883756,860.3368666655186,2829269
2022-08-19,848.6142578125,863.4861124224208,845.771109137074,852.5071951392848,2880969
2022-08-22,839.3411865234375,848.570473259897,835.62322310967,844.1963986554645,3616799
2022-08-23,828.3623657226562,831.9490859552109,821.4513056907917,831.0305408609685,3753715
2022-08-24,830.3307495117188,834.3986075724008,825.956674138206,830.9868608177457,1494361
2022-08-25,825.650390625,834.4860542077402,824.6443854064381,834.4860542077402,3316314
2022-08-26,827.2688598632812,836.3231741249413,825.6066899376708,829.8057914301149,2195046
2022-08-29,802.6427612304688,806.5794287242422,787.4209588967568,798.3561463794608,4974880
2022-08-30,821.4075927734375,826.9189168484656,808.0666634087836,810.8660822166547,2998417
2022-09-01,810.1224975585938,814.4528429016814,801.5493204174711,802.4678655764351,2953921
2022-09-02,808.72265625,819.7015727190517,803.9549042996889,814.6276569072611,1750283
2022-09-05,818.8267822265625,824.3381056588096,807.0167805598333,810.0786328438,2279812
2022-09-06,820.4014892578125,824.8630777560824,810.997228088779,818.8268329502636,2108615
2022-09-07,815.065185546875,815.8087569750016,807.5417441468076,810.953544169387,2709547
2022-09-08,814.4965209960938,823.1134810570491,811.8283458400612,819.1768134317471,3214686
2022-09-09,829.7622680664062,833.6989367077334,817.3398807859878,821.4515231569378,2206526
2022-09-12,835.9295043945312,842.8842946713891,834.1361442336995,835.5796104137074,2517615
2022-09-13,835.7982788085938,839.64743280162,831.4679338462776,835.4483314481047,2442828
2022-09-14,815.3275756835938,820.9701430826156,810.5598232799406,816.464824498679,6761712
2022-09-15,804.7423095703125,819.4391903382831,801.5929436521607,819.2642166659745,2995215
2022-09-16,784.62158203125,803.0801568717118,781.5597295813034,800.5431720553969,5095937
2022-09-19,785.4088134765625,793.5883649004695,776.3982306058884,785.540057070507,2686561
2022-09-20,799.5808715820312,805.5733326863195,789.0830920864247,789.3455258949214,1836721
2022-09-21,788.1644897460938,799.3621097149174,786.3273464312745,795.2067389667415,1819649
2022-09-22,785.2777099609375,791.620118742058,778.3666500692386,785.2339264951465,2315711
2022-09-23,783.7030029296875,798.3561543019208,780.3349865093803,784.2716540422191,2569608
2022-09-26,793.1948852539062,802.5554177790052,771.5869409674197,779.6789808811935,4182702
2022-09-27,803.7362670898438,806.0982782271241,793.9820586539045,797.1751547054369,3545337
2022-09-28,805.5297241210938,810.909858281903,797.7001183873986,798.7061770985988,4154139
2022-09-29,807.4979248046875,814.4527143006487,801.855357727041,810.9534545184763,2928360
2022-09-30,815.6337280273438,818.4331466517864,796.1253645856945,806.4919541707363,3229901
2022-10-03,813.796630859375,816.0711284376094,801.3305174600242,815.6337209499129,1598950
2022-10-04,827.574951171875,831.9490259666524,819.7453466103301,824.513098815531,2331351
2022-10-06,843.8028564453125,846.7772490106313,835.8857908218133,835.8857908218133,3713623
2022-10-07,837.810302734375,851.1512309518189,835.44829164977,844.1964413005529,2174327
2022-10-10,842.6655883789062,846.0773883971447,824.2507424417863,824.2507424417863,2758812
2022-10-11,821.1012573242188,850.3200968238958,818.8267599044923,846.9082972998411,3134969
2022-10-12,832.823974609375,843.2342956497827,825.2130725658773,825.2130725658773,3502390
2022-10-13,859.15576171875,865.2357364465001,847.9581407680951,850.363881938506,9698562
2022-10-14,877.0458374023438,894.9358162556551,869.5661792357001,879.18914500189,7424383
2022-10-17,870.091064453125,880.7638191968634,867.0292116476372,879.8015439586432,2136170
2022-10-18,882.86328125,886.7562185579478,874.0276179878252,874.8149728211517,2487826
2022-10-19,879.7266235351562,889.3133378962319,878.2687112457571,889.3133378962319,2517099
2022-10-20,898.9442138671875,900.6229646486325,872.967232148717,874.734372294767,3931399
2022-10-21,907.603271484375,909.9889757526248,893.8195978571318,903.450534663716,2071897
2022-10-24,911.490966796875,917.8968505363778,910.077276094867,914.4951269496964,398105
2022-10-25,906.9848022460938,916.4831818117494,902.0368307415692,915.3787190715569,3068136
2022-10-27,911.8887329101562,916.6599260433497,900.8882184231426,910.9609409910919,3313674
2022-10-28,910.0772705078125,918.6920796218427,906.1012047628755,911.8001891875441,2423629
2022-10-31,919.9293212890625,929.9578235150457,915.7323619905385,918.0296234034513,2418565
2022-11-01,936.628662109375,938.2190238030785,923.3308870522908,926.865167959668,2275488
2022-11-02,923.507568359375,942.1951004392156,921.1219718630953,940.9580805361578,2799322
2022-11-03,923.4635009765625,927.0418959008366,912.8164359449205,913.6116707695481,2396164
2022-11-04,923.64013671875,926.8651896938952,913.1256292012075,923.4634658123158,1709158
2022-11-07,925.2304077148438,932.7848669953936,917.7200622225855,926.0697561267915,2213508
2022-11-09,930.7969970703125,937.8655587692134,927.0418236677715,937.3796598670291,2307691
2022-11-10,929.9133911132812,938.7049791029671,925.1421984360752,927.748687319278,2321667
2022-11-11,963.6660766601562,970.7787536531911,944.6250914300952,946.3038967587263,3923101
2022-11-14,971.0436401367188,974.5336992489114,963.1357300684899,967.5093593718899,2170007
2022-11-15,975.373046875,977.3168579358131,962.1194954848813,966.183896339649,2172420
2022-11-16,976.5217895507812,982.9276738133857,971.3529252000809,978.5540442530306,2213697
2022-11-17,965.3447875976562,972.4574638952157,962.2964053063844,967.5978271788181,2460883
2022-11-18,974.7102661132812,977.2284190392724,957.7898790583827,970.2040806892445,2623894
2022-11-21,967.951171875,977.5378871495078,965.3887966764077,970.9553321817051,1733741
2022-11-22,974.9312744140625,977.1401996742641,961.3242732396857,964.0633189907998,2529146
2022-11-23,974.9312744140625,982.0881706855796,971.7062219626326,979.8350237771026,2217599
2022-11-24,998.0808715820312,1002.8521722107836,975.0197110437001,977.2286365331512,3295202
2022-11-25,996.8438110351562,1005.1052783145385,990.1729210440011,1003.0288021530853,1977441
2022-11-28,988.5382080078125,1000.8639669740246,986.947738786127,994.0162991355354,2368293
2022-11-29,997.5064086914062,1006.1654387054438,987.8755810088195,988.5382585754751,1785948
2022-11-30,990.3055419921875,998.3460093923896,986.9479320257464,995.7836341924943,6053488
2022-12-01,1004.0890502929688,1016.6799238051831,997.020489724708,998.4341802668251,3919684
2022-12-02,1003.3380737304688,1007.6233671590201,993.0002388094659,1004.0890867465771,2944923
2022-12-05,999.1854858398438,1008.9930949286609,995.960432564671,1001.3060762028138,2646466
2022-12-06,990.4378051757812,994.016307024137,978.1120461117508,991.012147280263,2807894
2022-12-07,977.1403198242188,986.5944779573003,973.6943744230524,984.2972169757536,2399879
2022-12-08,973.1198120117188,984.0761017418142,970.8667731937118,984.0761017418142,1752350
2022-12-09,907.8683471679688,949.8379301270719,901.860080814329,949.8379301270719,12415478
2022-12-12,908.66357421875,918.161953439829,894.5706193793807,905.6594141028717,4275785
2022-12-13,923.0656127929688,925.0095316695908,911.0490813629433,911.9326514365874,2284909
2022-12-14,933.2266235351562,934.1986368553255,923.3306823317026,923.3306823317026,2425507
2022-12-15,920.9893188476562,929.3391214305078,916.3505755875221,929.118228894311,1906369
2022-12-16,909.7681274414062,924.6120428934604,903.3180214878096,910.0773554566726,5159215
2022-12-19,912.9489135742188,916.7040869424166,904.2015469802902,909.7680824103422,3328172
2022-12-20,909.8121948242188,913.0372476364878,893.7312602737874,907.4265984193571,2629849
2022-12-21,919.2222290039062,930.620306068714,914.4951500414136,914.4951500414136,2878658
2022-12-22,918.1177368164062,931.8572960242795,913.2581009092427,924.2143925260214,2623451
2022-12-23,910.6073608398438,922.5355576791156,907.5148653629955,909.6354552615137,2177675
2022-12-26,911.5792846679688,920.4592078580534,909.1936883954279,910.9608287032908,1680715
2022-12-27,915.6878662109375,919.5755962846619,910.3864455261352,918.0293485849278,554319
2022-12-28,914.8927001953125,917.4109614957218,906.9847902234342,910.0772858549802,1397806
2022-12-29,922.8447265625,924.2143033290503,908.3983773315208,910.0771820544185,1277244
2022-12-30,918.2945556640625,932.3874572671708,913.8767046464498,927.7487136986774,1860560
2023-01-02,918.427001953125,921.1219342082734,911.4026620008,918.1177739544254,701880
2023-01-03,920.1058349609375,924.0377871884644,913.1698302456564,918.0294664975685,2484372
2023-01-04,915.9088134765625,920.6801139495659,911.4026271967152,915.55536383825,1219170
2023-01-05,922.5354614257812,927.5718753914948,912.8161909411816,920.5033150390587,2294943
2023-01-06,912.5513916015625,925.8932807210798,905.880393112956,922.4473351962214,1887689
2023-01-09,943.1669921875,946.3037096248521,918.9572543431963,923.2866621533644,4562242
2023-01-10,939.9860229492188,947.7172612718739,933.3151334539915,937.4678697528037,2297082
2023-01-11,931.98974609375,953.902218953261,928.2345733239923,944.5363978519885,3594167
2023-01-12,946.8780517578125,949.3962053237076,937.4680073042845,937.4680073042845,4748542
2023-01-13,952.31201171875,957.7901038560309,919.796584976133,922.358960146548,8253765
2023-01-16,966.36083984375,972.3249396518886,952.9748354494275,960.4409616957919,4508538
2023-01-17,981.690673828125,984.2529410175053,967.5093295532428,970.0717046003091,4390338
2023-01-18,985.3133544921875,994.7675127231415,984.3855626161446,988.6708566206855,6905092
2023-01-19,990.8856811523438,992.624189927504,979.6073585117351,982.8169717763058,2298287
2023-01-20,987.6759643554688,999.8012292137444,987.0072904607075,990.5735512327675,4747128
2023-01-23,999.6229248046875,1001.1386510450975,987.9880634755402,990.5290026968264,1696834
2023-01-24,1014.4672241210938,1019.6828576590618,999.6226449487082,1003.8130657928203,4861107
2023-01-25,1001.0048217773438,1011.79273886032,995.655430612201,1011.79273886032,2692236
2023-01-27,994.6300048828125,1011.3023375712539,985.1794365791862,1001.0047171215216,3864525
2023-01-30,1011.7036743164062,1016.3397701144692,985.8929036868698,994.6301778960882,3508427
2023-01-31,1000.5145874023438,1014.3338502605732,992.3122297554395,1012.8182327063605,4582858
2023-02-01,1009.3408203125,1013.7095110361981,993.6046746497417,1013.7095110361981,2393911
2023-02-02,1024.943359375,1030.203615961437,1011.9265288760112,1014.4229550357715,3048359
2023-02-03,1021.8673706054688,1031.2288042422588,1015.1360105046101,1028.8661349386284,1814055
2023-02-06,1021.4661865234375,1025.1662037992307,1005.6855263194344,1012.1047521029108,2070175
2023-02-07,1005.9083862304688,1027.97462381895,1003.8132298827343,1023.3830415035084,1931191
2023-02-08,1020.8421630859375,1024.4084239176786,1009.8758674948757,1010.9458110445842,2848255
2023-02-09,1022.0458374023438,1027.0832030032482,1014.6012890778615,1019.95068076017,1501083
2023-02-10,994.6748657226562,1007.4688062297272,980.7218467723009,1003.7242754391502,3185163
2023-02-13,992.31201171875,999.6674242045359,985.1794905204122,999.6674242045359,2009185
2023-02-14,1003.4119262695312,1018.5240204365296,996.7698096225837,999.4445049972418,3938046
2023-02-15,1010.0543823242188,1011.5699998490552,998.1965199228814,1003.0109944630356,1648954
2023-02-16,1005.8194580078125,1027.2170261235647,1002.1194400877317,1015.1362722580825,2369355
2023-02-17,989.2362060546875,1000.0686361115023,987.4530756639502,1000.0686361115023,1958807
2023-02-20,994.7194213867188,1011.6591631035633,987.4977637899541,989.2363815295113,1706036
2023-02-21,985.3579711914062,1000.3809342519226,983.48570574232,999.4447471105495,1313278
2023-02-22,974.1240234375,985.6698569835103,971.8505976931336,976.2638014814461,2212194
2023-02-23,975.6843872070312,991.3759134806348,974.0350132990665,985.0013091561666,2139983
2023-02-24,976.1300659179688,984.733691234184,964.6734757042889,978.046952724219,1684570
2023-02-27,966.4119262695312,971.8059385444448,959.3240274071767,971.8059385444448,1834553
2023-02-28,960.7506713867188,977.9579238825581,952.2808016902101,966.0109280175956,20793703
2023-03-01,981.7025146484375,984.2880757445696,960.5278391059253,960.5278391059253,1655100
2023-03-02,986.0265502929688,995.8783898947697,972.0736411183008,972.0736411183008,4074162
2023-03-03,997.66162109375,1007.2013267521564,990.5737201341889,994.0953597136115,3253621
2023-03-06,1004.5262451171875,1023.5166232101969,1001.4950111745748,1006.5768881570665,4091674
2023-03-08,999.13232421875,1002.1190451577907,987.2299534117576,991.4202653162483,3209393
2023-03-09,995.5662841796875,1004.5264489759973,993.2482364687156,1000.2915143532762,1834324
2023-03-10,995.2544555664062,996.9038297167758,985.1797234582103,985.1797234582103,1193681
2023-03-13,979.4735717773438,1010.6783558425564,976.2639586116519,999.4000335493996,3028387
2023-03-14,966.5013427734375,983.7531084153087,950.4085466443587,979.4290387643786,3683544
2023-03-15,962.578369140625,978.8494336889264,958.8783518738722,976.3084946905773,1528510
2023-03-16,956.1146240234375,969.6218597254431,953.6628195137341,966.4121376640007,1812907
2023-03-17,988.25537109375,995.9674315961224,966.5012679699411,970.2011763657957,5350523
2023-03-20,972.56396484375,988.1218442946981,968.4627863185905,985.1796353344464,2066169
2023-03-21,966.3675537109375,982.8615101100221,960.3048667443029,979.8301666267048,2421127
2023-03-22,964.18310546875,985.8481825412073,962.043436136747,973.5445397139978,1382329
2023-03-23,950.3194580078125,963.247154626159,945.9507663493647,960.2158108937473,2178855
2023-03-24,937.7036743164062,971.8060423150775,933.5133615206137,956.6494343156681,2688253
2023-03-27,937.4808349609375,949.9627481225667,931.5073914813304,939.085695900891,1459887
2023-03-28,928.2086181640625,948.4472159072766,926.6483788788075,942.206258766257,2965015
2023-03-29,951.745849609375,953.9747626061182,929.100071795735,932.5771978373829,2478745
2023-03-31,967.5711669921875,977.9579237005976,953.4398798468447,965.9217930814825,3131614
2023-04-03,979.0723876953125,980.0530876902016,970.022978764557,971.7614874448766,1540702
2023-04-05,990.7070922851562,992.3119529932604,950.5421499641785,967.660156293683,3342291
2023-04-06,973.4552612304688,988.7902451252767,967.7492232424848,988.7902451252767,2378264
2023-04-10,983.4854736328125,985.1794691473946,973.1433398863178,973.4553659152485,711625
2023-04-11,969.13134765625,989.5482119816975,967.3482173017767,984.2879556692732,2318905
2023-04-12,975.818115234375,978.4481890512526,962.9795545371987,973.5892022256168,2715967
2023-04-13,955.6242065429688,970.9145725887597,947.733875722545,970.9145725887597,3071057
2023-04-17,929.1892700195312,940.601348875845,906.0531950664242,940.601348875845,9509446
2023-04-18,948.4915771484375,950.7651118481602,931.8638650872438,935.7422606142576,3686404
2023-04-19,926.0687866210938,957.4964618525831,924.0627647978072,957.4964618525831,4322881
2023-04-20,924.9988403320312,933.6469787274642,919.9614754830139,927.2277532003012,3057560
2023-04-21,935.2073364257812,957.5410897337576,925.2218490420921,939.7097845245629,7708194
2023-04-24,939.7543334960938,944.0784029075057,932.5771901721156,942.3844072771761,2033625
2023-04-25,939.2193603515625,943.9893214616577,931.1507602142273,936.5446646264164,1237595
2023-04-26,950.00732421875,951.3000502005616,934.3603117246379,940.6012680052413,1647101
2023-04-27,955.0891723632812,958.4325416947746,945.9506295238659,950.0072945128661,1654910
2023-04-28,964.9279174804688,969.1445686194972,955.5425395862411,961.1646673092154,2629188
2023-05-02,968.0564575195312,974.6307715994386,964.8372663477932,964.9279244032795,1905168
2023-05-03,960.2579956054688,964.8373902785017,956.67617175171,963.0237861614369,1649820
2023-05-04,967.3763427734375,968.4190764376001,950.6005070758597,957.6282220302504,1403672
2023-05-05,957.175048828125,970.2329111666293,954.0465150104081,967.3765729635948,1641673
2023-05-08,975.491943359375,977.0788463581005,956.6758078030589,959.3962129437311,1389075
2023-05-09,978.439453125,981.7039185036544,966.6964103607695,971.1850364197173,2981949
2023-05-10,977.8046264648438,987.3260473245003,972.182387731552,983.1093959479321,2091411
2023-05-11,986.6913452148438,990.7719546745359,979.3916547086751,981.2959169844748,2653108
2023-05-12,993.4016723632812,1000.5654308887404,977.0338506452546,984.7870526577119,1585037
2023-05-15,997.2554931640625,1002.8776212509016,990.9532635815443,996.5300072912304,1523466
2023-05-16,989.0488891601562,1002.2882868084544,986.6912261178575,997.6635080908037,1166324
2023-05-17,974.4039916992188,991.9958593864806,963.658301006758,988.8674372187942,3602382
2023-05-18,979.2554931640625,983.8801611839023,972.9985372814075,981.1143708312438,1515743
2023-05-19,993.2656860351562,1001.1095465595139,981.5679164773946,987.1447716879853,1984436
2023-05-22,1015.4822387695312,1017.3412272224103,987.4620336937511,993.26558886798,1864932
2023-05-23,1004.1470947265625,1025.9103410396224,1001.1093304007503,1015.6181612761235,2138096
2023-05-24,1008.318603515625,1011.0843943426206,995.6687578369484,996.6209443691591,1302744
2023-05-25,1011.9910888671875,1014.0313934818391,1000.2480465847478,1005.824790643241,1124803
2023-05-26,1033.0286865234375,1034.0715308535366,1010.1773227810515,1011.0841246866,1635167
2023-05-29,1021.2404174804688,1040.9633619337048,1019.6082402177456,1039.195142225686,1288914
2023-05-30,1029.990966796875,1037.3814247852445,1022.9179780440427,1023.7793956141093,1983735
2023-05-31,1038.379150390625,1045.8602683483293,1026.5907220936365,1029.0391543868784,5967930
2023-06-01,1035.4771728515625,1047.4922987355674,1031.6232645491457,1041.0086426292526,1445692
2023-06-02,1031.0792236328125,1043.8197248873294,1026.1370864831872,1041.0086609207754,1336554
2023-06-05,1032.2127685546875,1041.4621047460394,1030.1270796617334,1037.3814957156892,1435758
2023-06-06,1023.4166259765625,1026.7718595006636,1009.9506395874487,1024.6861708047738,1943605
2023-06-07,1023.8248291015625,1028.13213854571,1012.1723349977769,1028.13213854571,2459039
2023-06-08,1021.7390747070312,1025.819683392349,1014.0766426753728,1023.8247634236316,1385218
2023-06-09,1006.3236694335938,1025.5932148045906,1002.877777042744,1023.8702686091658,1824218
2023-06-12,1033.4368896484375,1034.6156657960141,1007.9103919949555,1009.225210577068,1670970
2023-06-13,1025.864990234375,1038.2427470894875,1024.0513865113007,1038.2427470894875,2014656
2023-06-14,1029.990966796875,1032.3033560334068,1021.1043741545581,1031.9406131167905,836964
2023-06-15,1037.0185546875,1040.1017030602225,1030.6256681772554,1033.7540902255046,2109652
2023-06-16,1041.18994140625,1046.6761374110758,1026.9078108762742,1042.8222291728284,2909817
2023-06-19,1031.53271484375,1046.358906202245,1029.6283419864676,1041.1900681081504,1278608
2023-06-20,1059.734130859375,1061.6383928333607,1026.9532179233663,1027.406618902582,3504867
2023-06-21,1061.3663330078125,1066.1270434018895,1053.38654200152,1065.492326293453,2019683
2023-06-22,1054.973388671875,1061.366275869315,1050.8473956083567,1061.09430170617,972005
2023-06-23,1056.560302734375,1061.4570553500428,1043.7290331421702,1053.613196428804,1699790
2023-06-26,1058.69140625,1066.3538393882409,1054.6561813558706,1058.464705734743,1190307
2023-06-27,1060.9583740234375,1064.9935987754,1052.071669861012,1058.237967936198,1504039
2023-06-28,1061.1849365234375,1064.540059317256,1057.7844293566245,1064.086658361681,1424076
2023-06-30,1077.2352294921875,1082.7214250439235,1056.4241710018182,1061.2755388329374,3036648
2023-07-03,1071.477294921875,1083.6284646982174,1065.0390224167836,1079.0944543856726,1749952
2023-07-04,1079.6385498046875,1081.814896966646,1068.7116510000283,1071.8400739434833,1094468
2023-07-05,1083.4468994140625,1090.5198874589637,1076.9178596492472,1082.7214136534433,1653610
2023-07-06,1070.61572265625,1086.3487140304087,1065.4468852300986,1083.4469921267973,2334220
2023-07-07,1049.7139892578125,1072.7013981737753,1046.268208020808,1068.3488149227794,2159585
2023-07-10,1019.69873046875,1053.6131434652104,1015.6181219430857,1051.8901977267674,3960400
2023-07-11,1010.9935913085938,1026.2731831626184,1008.363843319489,1026.2731831626184,4982603
2023-07-12,1007.0490112304688,1019.698854926549,999.7038264328953,1015.3461610238095,3824027
2023-07-13,1005.4619140625,1019.6080004813656,985.7389742466403,997.4820136756616,12294227
2023-07-14,1043.6834716796875,1049.2603248042287,1007.9555698538114,1010.3585060326793,6605038
2023-07-17,1046.22265625,1062.7717903575297,1037.0639795127695,1044.5903686085346,3159479
2023-07-18,1058.4193115234375,1060.9584015481762,1039.5578952454136,1050.9381945894438,2431478
2023-07-19,1060.096923828125,1065.4016933966636,1049.1699154357307,1056.4243314456578,2242397
2023-07-20,1057.12451171875,1063.5268921214279,1049.9903860391616,1060.9658953008952,1990001
2023-07-21,1020.2191162109375,1042.581779894979,1001.515066702299,1015.234451177673,5259150
2023-07-24,1017.8870239257812,1031.423418095384,1016.1492126635031,1024.380844449256,2672505
2023-07-25,1016.6522216796875,1023.4661383524249,1010.7528190404812,1023.0088255113379,2506726
2023-07-26,1019.8076171875,1025.1581550017602,1015.3259290961407,1015.4173693329765,1969964
2023-07-27,1021.957275390625,1026.850501857421,1014.2743951373648,1019.8079267536593,1769815
2023-07-28,1009.3351440429688,1023.0087523541855,1003.7558384617806,1018.938713019025,2031899
2023-07-31,1021.3624267578125,1023.9234232574836,1002.4297203128201,1013.4052281994568,2526624
2023-08-01,1041.301513671875,1044.502704095987,1016.9724887783557,1024.380935715854,2710536
2023-08-02,1034.35009765625,1039.9292914017662,1025.7525948171337,1039.9292914017662,2701150
2023-08-03,1029.4111328125,1038.603164930653,1019.8533397661428,1029.8684456213905,1608187
2023-08-04,1046.6519775390625,1053.9689836988478,1029.8686169897856,1033.9386570067047,3315303
2023-08-07,1052.55126953125,1057.0786219547924,1045.554360800523,1055.9811158062494,1655404
2023-08-08,1043.907958984375,1058.1304324425637,1039.9293597530423,1056.3011811501221,1667697
2023-08-09,1046.46875,1048.1607847835835,1028.9536499838844,1043.5418815175426,1559337
2023-08-10,1037.4599609375,1047.0635306465006,1032.2923034786425,1042.6732826915002,1676669
2023-08-11,1071.4383544921875,1085.615054468158,1055.752611257056,1060.9659336855304,7391806
2023-08-14,1071.0267333984375,1076.5144877967216,1055.4780959366326,1070.7066367216007,1720940
2023-08-16,1076.651611328125,1084.9746824528297,1070.2034558056198,1075.3711130823306,2567226
2023-08-17,1076.2398681640625,1080.1270268531932,1064.5783920966708,1076.3770843298755,2331256
2023-08-18,1073.49609375,1077.2918125732097,1059.731044539932,1072.8559004467002,3406088
2023-08-21,1078.5723876953125,1087.3985482834773,1069.1516980553472,1072.810200960398,1661946
2023-08-22,1078.80078125,1085.6604725254344,1075.7368081433635,1081.0873450084782,1805887
2023-08-23,1081.544921875,1092.9777434593022,1078.0236351567646,1091.1027160600174,2347850
2023-08-24,1071.25537109375,1087.4899775713714,1069.1974632303895,1087.4442016260602,2464221
2023-08-25,1055.4322509765625,1070.8437828895803,1051.8195242267186,1065.538909325328,2105159
2023-08-28,1048.5723876953125,1060.6911758925305,1042.0329045153353,1056.3924805876836,2571967
2023-08-29,1058.72509765625,1063.9841957986469,1050.2648093402202,1055.3866912883022,1794652
2023-08-30,1070.5693359375,1074.8223675898332,1062.4749211693666,1066.453520464011,1497356
2023-08-31,1072.078369140625,1086.6666021176827,1066.3619594084507,1078.8008446559365,4483967
2023-09-01,1084.5631103515625,1086.575242066305,1071.1180466802475,1072.855857696781,1669640
2023-09-04,1127.2762451171875,1129.562809508906,1083.8315216745373,1084.7461474312247,4517935
2023-09-05,1130.065673828125,1135.6905317953588,1120.5992098081604,1131.1631798586511,2842400
2023-09-06,1130.3402099609375,1136.3310532784096,1118.312859027718,1133.9987129581966,1767709
2023-09-07,1146.940673828125,1149.6845510382402,1125.2640885276753,1132.3066620408442,2582004
2023-09-08,1154.3033447265625,1161.1630370925568,1147.2149959483681,1151.513691838269,2280777
2023-09-11,1172.138671875,1174.6538926817127,1161.9405724562343,1167.5655431355221,2691836
2023-09-12,1172.9158935546875,1181.467620597975,1157.4586985614378,1175.2938977885797,2140769
2023-09-13,1166.37646484375,1172.9160611579007,1158.0076170654256,1172.5501885353362,2275523
2023-09-14,1174.013671875,1180.5074928210968,1166.6966653670243,1171.4984508878833,2655172
2023-09-15,1193.220703125,1198.1597043888517,1180.827591492457,1183.5256927321939,4286280
2023-09-18,1193.586669921875,1199.3488571257883,1179.592850511604,1190.8427925197557,2761885
2023-09-20,1182.9769287109375,1192.6719390142998,1172.0928603119823,1172.0928603119823,2220756
2023-09-21,1168.8916015625,1175.2939812267705,1151.7881462616913,1174.3793555604461,3112700
2023-09-22,1164.9588623046875,1174.0136802526538,1157.0931025822158,1163.815580029658,1321467
2023-09-25,1155.5836181640625,1170.7207158289584,1149.3184554129846,1161.5744602365446,1246703
2023-09-26,1153.7545166015625,1160.6142091850638,1149.7759172328601,1156.0868567394098,903152
2023-09-27,1153.4345703125,1159.4254139425493,1146.3005560848126,1151.0565655699374,1670373
2023-09-28,1135.87353515625,1157.9159894020283,1132.8095617794227,1153.4343017104777,1807072
2023-09-29,1129.3797607421875,1143.007593167394,1122.4742926486351,1129.6540814391294,2338327
2023-10-03,1132.9468994140625,1149.41016331438,1118.3128870582245,1127.276264285637,2162636
2023-10-04,1133.7244873046875,1138.5262728913015,1120.4166368766073,1128.6482693108028,2253785
2023-10-05,1129.97412109375,1146.8946942180644,1122.977324769356,1142.3673422847942,2995200
2023-10-06,1132.031982421875,1148.7696744074851,1125.0808506707904,1145.1111722596904,2497711
2023-10-09,1142.916259765625,1158.5106727107152,1126.0414601511882,1130.4773724950846,3430211
2023-10-10,1154.0748291015625,1156.77293043521,1141.6358294415306,1148.358418099214,1532394
2023-10-11,1139.2579345703125,1165.6448679700004,1135.050677996914,1157.9163242095835,2186131
2023-10-12,1119.273193359375,1141.955955236657,1111.4074347184066,1138.708989362551,3921609
2023-10-13,1148.678466796875,1158.3734771220954,1105.370961182087,1107.6117495419326,5740821
2023-10-16,1162.169189453125,1170.080724233661,1152.7028356133922,1155.1722803894452,2527113
2023-10-17,1168.1142578125,1169.8062930606927,1162.4892873183271,1169.7148528186426,1687345
2023-10-18,1161.0716552734375,1172.0929406152356,1159.1967394079593,1168.8917503755529,1743126
2023-10-19,1159.1507568359375,1165.9190087516715,1156.9099687270514,1158.6477797342668,2279726
2023-10-20,1162.15185546875,1164.6911194640884,1150.0095341842232,1156.0576444231199,1625449
2023-10-23,1141.8839111328125,1163.9062318095102,1137.8672798811729,1152.364123203704,1646367
2023-10-25,1134.8201904296875,1156.8887260333006,1131.4037711510482,1136.8515565873793,1420065
2023-10-26,1137.405517578125,1143.314986606534,1119.1689872308996,1121.89287958881,4617424
2023-10-27,1171.4775390625,1172.6779631662655,1138.928800321074,1142.2068034934414,2675348
2023-10-30,1167.830322265625,1177.1102208714638,1159.7508478083614,1172.678006939983,1158770
2023-10-31,1178.21826171875,1181.7732080686894,1160.3972037396275,1174.524787544083,2525870
2023-11-01,1162.4747314453125,1187.4056810194456,1159.1045265829962,1181.9116835144616,1572719
2023-11-02,1175.81787109375,1177.295238653975,1168.0615505076694,1168.9849193223,1368604
2023-11-03,1169.2154541015625,1188.6524076253029,1166.214506243059,1184.3125077080867,2052536
2023-11-06,1172.401123046875,1181.4501808509676,1168.199863343181,1178.449232755801,1175823
2023-11-07,1176.3255615234375,1179.7881942992817,1170.0005081960774,1171.7549313456873,1385282
2023-11-08,1170.50830078125,1182.650621165972,1168.8924056312349,1181.9118811538906,937671
2023-11-09,1170.369873046875,1178.0338786431319,1165.1067163372886,1170.5084009004768,1483749
2023-11-10,1159.2431640625,1173.601592120915,1154.8110620286427,1165.5683296923653,1469902
2023-11-13,1164.3677978515625,1166.7685336544696,1157.2579047591273,1163.4444292569142,730991
2023-11-15,1178.8187255859375,1184.682094547335,1171.2009334736886,1177.2951446203056,2410620
2023-11-16,1210.58251953125,1216.9536730743832,1180.065140414606,1185.420723696901,3936945
2023-11-17,1208.827880859375,1224.1557752455417,1206.2886175126466,1212.7521969406826,2882039
2023-11-20,1223.832763671875,1229.649918216106,1213.306339099975,1214.1834941826778,2831858
2023-11-21,1224.9407958984375,1233.6204835202775,1220.508694126106,1233.2511135269424,1514256
2023-11-22,1227.8031005859375,1233.389525330348,1219.2158408072173,1224.9406806596974,1535630
2023-11-23,1227.1568603515625,1232.9279140590097,1224.1096989076734,1231.7274898015037,1307344
2023-11-24,1208.827880859375,1230.5270403677819,1205.596091145357,1227.0644085313338,1795933
2023-11-28,1215.75341796875,1218.7543662352848,1196.0395188225407,1208.8281527382849,2152951
2023-11-29,1231.7274169921875,1236.2058445771538,1220.2315237728499,1222.5399451193744,1835524
2023-11-30,1238.145263671875,1243.5931622107776,1227.803465338586,1234.5441027586396,4104385
2023-12-01,1234.266845703125,1245.6243253347916,1226.2335834281714,1242.8542193481314,1854324
2023-12-04,1235.421142578125,1246.5477808192081,1229.003775015086,1246.5477808192081,1547057
2023-12-05,1216.584228515625,1243.7773861175888,1208.04306977651,1243.7773861175888,3932040
2023-12-06,1227.6646728515625,1237.2676153807147,1218.4309875613123,1223.4633009581446,2077245
2023-12-07,1226.2335205078125,1234.5438380413746,1223.7865711353068,1229.0036263523332,1985003
2023-12-08,1259.5672607421875,1264.9689452638977,1227.1570408960163,1230.8505158121818,4509751
2023-12-11,1269.908935546875,1277.0188289877794,1261.3677756277593,1265.107350989833,2824656
2023-12-12,1269.908935546875,1280.7123035473971,1265.0150366690223,1271.4786171483531,2730422
2023-12-13,1264.2764892578125,1276.8343948461752,1253.0576487467283,1273.64870492369,1896931
2023-12-14,1306.197265625,1310.490952377131,1276.0954702731688,1284.405788096945,5145574
2023-12-15,1377.0196533203125,1382.2828093114933,1313.0301635544045,1313.0301635544045,7374290
2023-12-18,1389.023681640625,1394.194524193968,1367.509144277643,1375.6809353245053,3075527
2023-12-19,1374.24951171875,1389.346565557645,1364.4617145338054,1386.437931968379,2590417
2023-12-20,1329.6048583984375,1387.8695198478767,1325.034227925063,1371.202667922452,4368383
2023-12-21,1313.0765380859375,1336.160756168979,1311.275901445915,1312.2454836917661,2841508
2023-12-22,1350.6112060546875,1354.9048925876152,1313.953517723188,1321.340466522756,2303438
2023-12-26,1346.409912109375,1354.9048579251955,1331.6360148881981,1350.6111715021127,1363265
2023-12-27,1359.2447509765625,1362.8920117482046,1345.855906687708,1353.1504282309925,1402329
2023-12-28,1359.6142578125,1369.0787874092357,1355.9207828479202,1357.906048184564,1928616
2023-12-29,1353.750732421875,1368.2937884144399,1345.8559982268782,1360.9991536591167,1481617
2024-01-01,1370.0482177734375,1381.128641438665,1343.547582927128,1348.118212602675,1222315
2024-01-02,1356.9365234375,1374.7113709814823,1349.3648324385715,1370.3253696394606,1440888
2024-01-03,1327.5733642578125,1352.7351616328954,1325.495784658035,1348.1183180778344,1651716
2024-01-04,1311.13720703125,1334.0830070635539,1308.5518425639316,1326.8806868502427,3392241
2024-01-05,1323.0025634765625,1328.5888758276667,1312.937823282314,1315.8002433738434,1776925
2024-01-08,1336.9454345703125,1341.2852219561746,1320.9250117107215,1325.0339569438058,2025264
2024-01-09,1348.4876708984375,1367.4628300380673,1341.054507783275,1348.6722995519212,3119270
2024-01-10,1377.75830078125,1392.4398844402115,1353.7046157651198,1361.8764055411023,4368914
2024-01-11,1371.017822265625,1385.0529807171993,1361.0453957181012,1385.0529807171993,2271368
2024-01-12,1422.7264404296875,1435.838229983694,1383.6679020132253,1389.6697981514208,5862043
2024-01-15,1466.494140625,1495.4879406718564,1454.7674030904495,1486.6236235960798,9712071
2024-01-16,1436.253662109375,1465.3859868974432,1420.1409249201436,1465.3859868974432,4459799
2024-01-17,1455.13671875,1463.5393511566779,1400.3348103839382,1403.520387229117,3846289
2024-01-18,1447.426513671875,1462.8005108979335,1419.2637709894354,1456.1523019740107,3205598
2024-01-19,1458.964599609375,1479.4819896165297,1449.7528214857646,1460.872153269152,2374099
2024-01-23,1417.744140625,1458.9184111053762,1411.6029162195928,1450.5439832110624,3196630
2024-01-24,1466.827392578125,1471.2936853602157,1417.7904033461268,1423.7455739743466,2136023
2024-01-25,1442.494873046875,1460.872085588514,1429.9332340943624,1460.872085588514,2641656
2024-01-29,1465.1060791015625,1478.1794222570393,1442.4950803041295,1456.2198359464362,2521598
2024-01-30,1450.9158935546875,1481.7616055242856,1446.914733423591,1470.1770281731665,1939386
2024-01-31,1466.455078125,1471.3867301036257,1438.8659735129872,1450.9159104851296,7025931
2024-02-01,1467.7579345703125,1485.9955529539754,1457.4759537196437,1466.4552232031717,2845408
2024-02-02,1473.666259765625,1501.7206078067386,1465.5244572254835,1474.643321504608,2337374
2024-02-05,1447.240478515625,1478.0863061099828,1443.6115375776833,1474.7830146029803,1452864
2024-02-06,1510.8861083984375,1513.9102068448085,1449.7528406244319,1457.150205235999,4988311
2024-02-07,1503.06982421875,1516.6085246025668,1487.8097368161505,1514.8405675621611,3320199
2024-02-08,1520.237548828125,1533.171293984498,1504.8844341225306,1512.9796673513104,3496692
2024-02-09,1517.2598876953125,1532.287352797507,1502.4185891020823,1526.0065332247832,3341297
2024-02-12,1551.083251953125,1567.8786742839268,1525.076051721873,1525.076051721873,4885445
2024-02-13,1549.8271484375,1558.573794238671,1534.0087875407494,1558.573794238671,3129897
2024-02-14,1555.31689453125,1560.3415724864235,1512.4677058166992,1535.0786998222732,1386643
2024-02-15,1546.9892578125,1578.5794104236463,1535.404566224888,1561.3653113415141,2555162
2024-02-16,1551.548583984375,1560.4348265524625,1535.3581167239104,1558.573842859496,1776881
2024-02-19,1558.8065185546875,1565.9712605808159,1544.2908679755778,1553.9214361953905,762624
2024-02-20,1547.4544677734375,1556.480192999614,1530.659044976455,1545.5469141069252,2240414
2024-02-21,1522.5638427734375,1549.0828602055522,1518.6092524546134,1540.4758106881116,2890991
2024-02-22,1569.181396484375,1573.8338554910379,1525.076062384125,1529.7285213907878,3820901
2024-02-23,1549.966796875,1579.3703165749932,1547.8266201889517,1579.0446671450547,2191549
2024-02-26,1535.125244140625,1552.8510427825395,1525.5411342461155,1549.9665412445665,1844253
2024-02-27,1543.499755859375,1557.0849126529063,1533.4503995543419,1534.3808913016444,2049420
2024-02-28,1537.0794677734375,1555.7823307308072,1529.9146125727627,1548.9896949770578,936575
2024-02-29,1548.19873046875,1561.1325889698794,1522.889399404644,1528.0071042112806,3532888
2024-03-01,1529.821533203125,1562.4817724000354,1525.1690742410174,1558.9924281784547,2371138
2024-03-04,1524.098876953125,1539.0333145874904,1521.3539717959775,1534.3808559581448,1788071
2024-03-05,1506.7921142578125,1516.655306195946,1495.347131441226,1511.1189245359183,3339546
2024-03-06,1529.91455078125,1535.311448580125,1492.3692298921478,1500.8832524604495,2366177
2024-03-07,1523.81982421875,1539.545157377856,1516.79456613149,1535.3113745169906,3181239
2024-03-11,1524.750244140625,1544.4301662768073,1518.6090216489104,1539.9637606907897,2970902
2024-03-12,1521.9122314453125,1549.2687106752192,1519.539545715347,1522.1914243949154,2414182
2024-03-13,1518.0975341796875,1536.4747491965732,1498.4176077862899,1524.8436004517089,2564135
2024-03-14,1562.5284423828125,1566.0177868276155,1498.0918816354492,1520.4236860821889,3513306
2024-03-15,1532.79931640625,1560.4348797548546,1528.6585593969637,1560.4348797548546,3931561
2024-03-18,1529.17041015625,1547.687221670976,1520.6563865598462,1535.2186075022123,1183544
2024-03-19,1487.9959716796875,1527.448846371893,1483.2969426965944,1527.448846371893,1915379
2024-03-20,1476.7838134765625,1506.559557133671,1468.4093855730007,1493.207019804526,1815178
2024-03-21,1484.8787841796875,1507.3500691358317,1473.2940937089838,1496.2307381268304,2684744
2024-03-22,1449.5665283203125,1462.2211932137875,1403.3675909073297,1451.5671082699473,7468824
2024-03-26,1453.660888671875,1481.8548370836486,1447.4266387281618,1453.660888671875,4496344
2024-03-27,1438.726318359375,1467.2459136092957,1432.957314863573,1459.9415759876272,2589697
2024-03-28,1436.2608642578125,1452.5444730358977,1424.5831450999235,1441.331999843097,5301493
2024-04-01,1448.4964599609375,1459.9415539056463,1440.4012271803317,1441.3317189291563,1014857
2024-04-02,1422.07080078125,1456.2198077067155,1419.0931585822814,1450.636856367265,2031775
2024-04-03,1429.0958251953125,1450.1249174066513,1412.4865690861866,1419.3256611798943,3343884
2024-04-04,1432.6317138671875,1444.588510707326,1413.1378426245844,1433.7018021477593,3388449
2024-04-05,1437.8424072265625,1440.1220666283139,1417.8834041993107,1435.2369848370572,2773570
2024-04-08,1433.0037841796875,1445.984097925744,1430.7705813885884,1445.984097925744,1820136
2024-04-09,1433.422607421875,1453.242128051167,1427.886226686515,1432.957361525276,2432095
2024-04-10,1432.16650390625,1444.262897536149,1429.4214848928243,1433.934461076936,1829986
2024-04-12,1415.7432861328125,1435.702289983919,1410.8116341153336,1430.1659091594695,4319991
2024-04-15,1400.4366455078125,1424.1176149714058,1390.154666296818,1402.3440854328057,3295684
2024-04-16,1374.6156005859375,1397.2264834874047,1365.3106824572449,1383.0364833411486,2446933
2024-04-18,1364.89208984375,1377.9655471342721,1351.1673336244553,1374.383175855138,5180223
2024-04-19,1346.886962890625,1354.330897745979,1335.2558146791341,1341.769257677569,5219506
2024-04-22,1364.0079345703125,1370.8935965177088,1349.6783383198765,1351.2601289251031,1939632
2024-04-23,1383.3155517578125,1397.0867611969861,1368.8463599364106,1372.3822739410912,2783858
2024-04-24,1376.4300537109375,1392.899713837478,1373.685148218324,1386.4328409865113,1321471
2024-04-25,1399.59912109375,1409.7415033975133,1377.0811536766607,1377.0811536766607,4558032
2024-04-26,1371.4052734375,1425.0015767091554,1363.1238739617388,1411.4164195749272,4328477
2024-04-29,1290.9642333984375,1336.1861082156734,1285.0090636809505,1316.6457821205972,11493223
2024-04-30,1271.6099853515625,1300.7344221603441,1267.7484219250653,1280.728849810369,7606726
2024-05-02,1266.1202392578125,1282.1247675374639,1263.6079566485755,1263.6079566485755,6555505
2024-05-03,1254.3494873046875,1274.7737364063726,1240.8573565179047,1274.7737364063726,5964228
2024-05-06,1264.3525390625,1270.1215438641882,1254.7684263009949,1263.6081000495,2504082
2024-05-07,1255.0638427734375,1271.990465657768,1250.5375910414418,1271.094562266956,5096525
2024-05-08,1238.75,1257.9396865897172,1232.7620792365617,1255.0635415620297,6832455
2024-05-09,1244.785400390625,1262.6548914586388,1239.551795983854,1240.0232877282374,5653762
2024-05-10,1241.1546630859375,1247.4727207185597,1229.2730956695798,1244.8323212436915,3357203
2024-05-13,1238.04296875,1246.5298196232968,1227.434405158379,1241.1547450040396,2316566
2024-05-14,1245.728515625,1251.2920267088775,1234.0825762188497,1246.6243039899493,3200462
2024-05-15,1256.9027099609375,1263.880810770787,1243.0879788860216,1244.0309623708583,2975965
2024-05-16,1271.2833251953125,1280.3831396841765,1252.7536749895532,1268.3129039224307,5055915
2024-05-17,1257.185546875,1273.9706990952038,1254.3565963958843,1273.9706990952038,2487831
2024-05-21,1265.3896484375,1272.8863216139289,1239.0803843772926,1239.0803843772926,4966721
2024-05-22,1266.4739990234375,1275.762363207252,1263.5978533876566,1272.0375094240042,2390777
2024-05-23,1276.3751220703125,1280.9956482618272,1261.7116853629805,1269.868514123741,3326149
2024-05-24,1268.5013427734375,1282.4575444483144,1264.3993876202378,1282.4575444483144,1769966
2024-05-27,1276.1397705078125,1282.0804982081424,1261.7120751735893,1273.970862152107,1942325
2024-05-28,1280.94873046875,1285.5693723560075,1268.8784963686019,1280.4300435316038,2147233
2024-05-29,1275.950927734375,1288.6812047539684,1270.1515562922802,1288.1154376862664,3845920
2024-05-30,1255.912353515625,1274.4891946040073,1249.5472158937987,1269.2555909597302,4150461
2024-05-31,1248.6043701171875,1264.4465382100434,1240.7304812876375,1255.912491895625,10319045
2024-06-03,1239.504638671875,1277.5069204754766,1235.1669375129502,1273.5464357456524,5384064
2024-06-04,1229.2261962890625,1249.4531464650788,1164.5846308561302,1249.4531464650788,5447244
2024-06-05,1267.086669921875,1279.5341190957633,1241.0603527186847,1244.738010772567,3005139
2024-06-06,1317.8194580078125,1319.9883661295091,1273.8764493710773,1276.799675236192,5936709
2024-06-07,1349.8807373046875,1356.6230916377656,1318.2907933998974,1326.7776440011842,5884025
2024-06-10,1337.85791015625,1359.7822776707048,1317.8195097398127,1357.896310572687,3293739
2024-06-11,1347.3349609375,1355.9631684512171,1334.6989581704995,1343.7515773537707,2269082
2024-06-12,1356.717529296875,1388.0717311033884,1352.709849366719,1388.0717311033884,5990861
2024-06-13,1361.8095703125,1374.5869269748102,1355.161490955782,1365.20428770539,4232861
2024-06-14,1349.45654296875,1363.5540998239212,1343.185679861057,1361.809603423659,3065114
2024-06-18,1355.2557373046875,1357.660391091313,1345.6845475942835,1349.456481308029,2223029
2024-06-19,1363.41259765625,1369.117693570754,1348.7492740803432,1357.9433627144433,3117522
2024-06-20,1361.1494140625,1366.3358230344675,1348.0420362033917,1366.3358230344675,3163919
2024-06-21,1365.298583984375,1397.4542970530174,1357.1417540067591,1378.641823008878,6489262
2024-06-24,1358.69775390625,1361.6209797362428,1345.2602390218217,1355.868803404265,1988692
2024-06-25,1365.3929443359375,1367.420381929851,1345.1187986173898,1358.7920596833872,2079037
2024-06-26,1361.3851318359375,1370.4378648520903,1356.1987229709794,1365.3928114134053,1917424
2024-06-27,1371.9466552734375,1377.2745348301157,1342.3369516872913,1353.1812614480245,6613193
2024-06-28,1376.378662109375,1384.959788741124,1359.7821759108838,1384.299746350331,4943575
2024-07-01,1385.1014404296875,1394.295530546891,1372.04114056731,1381.4709765849548,3723295
2024-07-02,1396.3701171875,1407.3557836951686,1389.0147992937596,1390.900766434688,3811366
2024-07-03,1396.5584716796875,1404.1023391836966,1387.3171879431632,1404.1023391836966,2070876
2024-07-04,1435.5509033203125,1447.0553710473575,1400.330492737163,1400.330492737163,6822557
2024-07-05,1432.76904296875,1442.057406708886,1419.7087455180792,1436.1637602861751,3061687
2024-07-08,1445.9710693359375,1452.19473804837,1420.3218464548759,1440.8789348947464,2939620
2024-07-09,1443.8018798828125,1458.1352968192398,1438.0497040885143,1445.9707877757137,2658608
2024-07-10,1423.8580322265625,1445.2166336603789,1403.0181178137527,1443.8021582688718,3507096
2024-07-11,1425.6966552734375,1446.536565826853,1422.066192129631,1428.6198808524657,3304053
2024-07-12,1471.24267578125,1476.7120256239693,1424.3764461717788,1442.764622736062,6430647
2024-07-15,1480.10693359375,1543.0982797792644,1478.032415860756,1489.9139853803376,10337489
2024-07-16,1480.0596923828125,1492.7427735046106,1466.339237397138,1475.7690717212354,3540650
2024-07-18,1503.6343994140625,1508.0663758595754,1468.2253226283312,1469.2155013563013,4399468
2024-07-19,1503.6343994140625,1524.2856461604858,1498.0235784727183,1518.6749403294332,5633838
2024-07-22,1487.17919921875,1503.5871345272762,1481.3327477814792,1498.0235090632552,2704495
2024-07-23,1518.773681640625,1521.1017742456015,1473.8760950334038,1495.6360067675382,2907674
2024-07-24,1504.8531494140625,1518.4412495461963,1498.344209809512,1514.6403953545912,2484299
2024-07-25,1508.55908203125,1514.640472245112,1485.0412955268168,1491.8353459377827,2934731
2024-07-26,1553.9315185546875,1558.3500342283564,1514.640216195122,1523.0021408247073,2814159
2024-07-29,1551.0811767578125,1563.1014022288462,1539.3460617694411,1558.540330463491,1639491
2024-07-30,1549.085693359375,1551.6987807120745,1537.4455769700774,1547.897926380875,1783877
2024-07-31,1560.820556640625,1563.101092070788,1538.5855391840269,1540.2959697548613,1984986
2024-08-01,1558.8726806640625,1573.078324969608,1554.6441613274196,1558.3975739515981,1785188
2024-08-02,1529.1787109375,1557.400006948139,1521.4344473138951,1539.3935065901494,1692851
2024-08-05,1484.6136474609375,1516.2556885205813,1460.4782005192365,1496.5863147806099,3279717
2024-08-06,1503.9505615234375,1525.0928139283633,1485.1838430965931,1485.1838430965931,2138704
2024-08-07,1515.21044921875,1534.594828141211,1510.8394902442883,1525.092692982442,1897787
2024-08-08,1480.2900390625,1522.2419871889051,1477.1544041902214,1517.4909198131595,2373805
2024-08-09,1510.7918701171875,1522.2419889027683,1497.3938833010714,1505.9933616579954,2021762
2024-08-12,1506.3260498046875,1520.8168066313845,1495.4935919946815,1510.8395642261178,1273739
2024-08-13,1513.357421875,1528.3232831936537,1499.1042206191394,1499.4367721165397,1973825
2024-08-14,1545.1898193359375,1548.610564987774,1518.6788375466851,1520.4367094517945,3932148
2024-08-16,1585.19384765625,1590.6575758888432,1551.413707577591,1553.599245267777,3101056
2024-08-19,1594.933349609375,1601.1097373201053,1576.451743549025,1582.105467440935,1631947
2024-08-20,1602.772705078125,1610.6595239383796,1586.0964108824783,1596.358763617163,2786109
2024-08-21,1593.74560546875,1604.7680589572774,1590.41985819247,1602.05997365945,1410370
2024-08-22,1592.700439453125,1603.010233106482,1589.707243620121,1603.010233106482,1749127
2024-08-23,1578.7322998046875,1602.0125324219466,1574.6464510226854,1592.605510811716,2158185
2024-08-26,1633.8446044921875,1647.6702577231686,1584.1009494947923,1587.8068054529497,2672708
2024-08-27,1626.3856201171875,1669.3827867215566,1620.2092315441841,1639.9261642964639,3556487
2024-08-28,1633.8446044921875,1651.2335584535388,1608.7590601446714,1627.2882239425962,2516461
2024-08-29,1664.631591796875,1668.5750012455442,1612.7499549339407,1628.6660319674618,5112407
2024-08-30,1665.9617919921875,1678.362124364233,1655.4618865894759,1664.6314699150826,4792561
2024-09-02,1716.703369140625,1721.7869885406676,1672.3758829092578,1676.366733505417,4445349
2024-09-03,1701.3096923828125,1726.6804620960531,1698.079059319436,1716.0855585113238,2553290
2024-09-04,1696.36865234375,1706.250895950878,1677.1268289520901,1677.2218271036006,2644961
2024-09-05,1701.40478515625,1708.1987187125992,1679.3123218482444,1702.7825482987466,2878565
2024-09-06,1668.6697998046875,1706.345785922271,1653.418943679083,1698.981631757773,3351716
2024-09-09,1659.785400390625,1678.3621203687821,1654.4642280877295,1670.8078535879497,1418238
2024-09-10,1690.5250244140625,1700.2172729124052,1660.1657457191857,1662.3511674446404,2307528
2024-09-11,1690.1923828125,1707.3912251818288,1685.3937579005517,1689.669718953345,2303930
2024-09-12,1717.60595703125,1723.8773431430982,1688.6244443088503,1710.3843573875197,3349489
2024-09-13,1722.5472412109375,1729.3887326572687,1706.2510549546316,1715.135528816687,1599349
2024-09-16,1721.6444091796875,1733.4270804790917,1718.1761064998213,1728.438459307369,836199
2024-09-17,1723.44970703125,1736.9902491815988,1717.2257623123678,1721.7392763624841,830317
2024-09-18,1669.0499267578125,1718.0809176330838,1653.4664029621295,1718.0809176330838,2629136
2024-09-19,1650.0457763671875,1687.5792103818744,1635.7925735768001,1687.5792103818744,4167373
2024-09-20,1672.42333984375,1678.1720620013089,1635.6975643701223,1660.9732206157023,4644317
2024-09-23,1665.534423828125,1676.1767696190345,1646.245041590123,1676.1767696190345,1541597
2024-09-24,1687.1990966796875,1694.7058066585246,1651.803643190464,1662.8736538561357,1907389
2024-09-25,1693.66064453125,1695.2285200778922,1667.624770219282,1690.2398989703988,2240579
2024-09-26,1695.0384521484375,1718.3662416684754,1690.3349413782398,1693.518133636354,4303250
2024-09-27,1718.3660888671875,1737.5129137817635,1707.1060822724758,1719.8864072440804,4099016
2024-09-30,1706.678466796875,1730.0536960084626,1700.0745292813926,1717.9860307954837,2117894
2024-10-01,1726.0628662109375,1731.7165902811503,1700.882207826908,1700.882207826908,1642542
2024-10-03,1690.0025634765625,1719.221633730529,1681.878190228308,1689.4798995626732,3552386
2024-10-04,1688.1494140625,1717.8911453556686,1679.2649403352655,1689.4797362660076,2982759
2024-10-07,1688.4818115234375,1714.3751290778628,1679.882449050618,1696.0835194293238,3419048
2024-10-08,1700.359375,1704.68289250131,1656.2220075974267,1685.678623911552,2353030
2024-10-09,1719.601318359375,1734.1396312541558,1701.0247140969975,1703.7803564356443,2499596
2024-10-10,1718.6036376953125,1748.3452500909998,1707.5336274296542,1729.3885375191824,3753869
2024-10-11,1748.0604248046875,1760.5557565027693,1711.002095414511,1714.185287689196,2977110
2024-10-14,1763.501220703125,1772.6232469124118,1741.1712039234726,1754.141641123842,1751092
2024-10-15,1776.994140625,1789.0143639050464,1738.8430476026147,1738.8906046720142,5696544
2024-10-16,1772.3858642578125,1791.152582295122,1761.743518654055,1775.9491651509725,2144442
2024-10-17,1774.8089599609375,1783.5984355206683,1759.2728752313353,1776.8043852678163,2399099
2024-10-18,1765.211669921875,1780.605199066697,1751.2435770985392,1774.048702356469,2366406
2024-10-21,1751.8135986328125,1794.4782083036284,1748.3928532055475,1781.9354364060368,1284980
2024-10-22,1743.34912109375,1771.3249607821288,1740.240694461708,1750.0920624889934,2089660
2024-10-23,1765.3472900390625,1783.7587408494387,1715.373352125184,1715.373352125184,2522186
2024-10-24,1764.534423828125,1781.7980786008827,1757.6479926276274,1764.6300443824068,1621637
2024-10-25,1771.65966796875,1790.0233658841344,1760.03891136069,1778.9764492962545,4078295
2024-10-28,1790.2147216796875,1795.0447853940248,1764.7255986455334,1764.7255986455334,2418907
2024-10-29,1790.2147216796875,1794.183966932197,1770.5598532713286,1790.2147216796875,1719955
2024-10-30,1758.7000732421875,1788.0148350789473,1755.352536754862,1779.9329722606706,1732047
2024-10-31,1689.1192626953125,1763.578020786468,1680.0330915495665,1759.847885070809,3616088
2024-11-01,1680.845947265625,1703.7048630604625,1674.724714222872,1699.592128597398,242223
2024-11-04,1686.1541748046875,1704.4700059443742,1668.9861405755373,1686.2020434582648,2843690
2024-11-05,1696.2926025390625,1705.6656356122967,1684.767464750654,1691.9407579585052,1818350
2024-11-06,1758.317626953125,1772.2816141620683,1705.330878602789,1713.0780117955135,3477029
2024-11-07,1752.1483154296875,1781.4154411642553,1735.1715237990088,1769.459954100397,2173869
2024-11-08,1757.456787109375,1773.3815209390516,1748.418484619653,1758.8435770565798,1521324
2024-11-11,1785.95849609375,1792.36659035066,1754.1090323922683,1766.255760342937,1679869
2024-11-12,1791.266845703125,1810.4912471959715,1783.2327343583017,1808.626237755572,2711052
2024-11-13,1783.519775390625,1797.7228723857115,1778.115871235151,1784.715324241269,1254074
2024-11-14,1777.9722900390625,1814.364841871021,1765.9211815985996,1790.4538660951773,2462563
2024-11-18,1755.0655517578125,1783.8065901920809,1735.9367719021416,1777.9722189338559,2483933
2024-11-19,1741.244873046875,1783.7585351321509,1738.1364466451703,1756.9782461328477,2354204
2024-11-21,1756.3568115234375,1759.4174865096948,1740.9102976437193,1755.0656421672286,1841245
2024-11-22,1815.7037353515625,1819.1468922386778,1756.5001406920778,1765.92104104738,2765950
2024-11-25,1809.295654296875,1836.3150567143796,1796.6707058861032,1835.4064863430567,6531524
2024-11-26,1816.8038330078125,1831.5329008854037,1806.8568435981363,1807.7654139889494,2079873
2024-11-27,1808.6739501953125,1833.4934946185265,1804.8959462345315,1814.1256055908661,1631975
2024-11-28,1760.708740234375,1817.7124865216379,1755.0657262653017,1802.9833012176762,3631255
2024-11-29,1767.547119140625,1790.7407646083655,1754.0612360024977,1761.7606165599218,2482280
2024-12-02,1789.9755859375,1796.71852757897,1755.4959133357374,1767.5471381207312,2014744
2024-12-03,1808.386962890625,1813.6952458176052,1790.5016010469599,1801.930999913229,2954648
2024-12-04,1814.986572265625,1827.7550101318388,1795.8099227632736,1800.0182779006389,3730643
2024-12-05,1840.1885986328125,1853.6743649084067,1801.931039409677,1802.8874783902554,3881814
2024-12-06,1838.9451904296875,1854.869922886312,1831.8676353403484,1842.1014857824619,2250408
2024-12-09,1826.702880859375,1842.149394156409,1818.190550355649,1831.5806964392784,1379520
2024-12-10,1852.0006103515625,1858.1697118734755,1828.9025854496772,1832.9674511471153,2695207
2024-12-11,1846.7880859375,1850.5182213829855,1832.5371215063308,1842.3406212429904,1387117
2024-12-12,1851.857177734375,1864.0996438512484,1837.7975708877239,1841.0972387947513,2306173
2024-12-13,1883.0372314453125,1888.9671068009804,1829.0461775055664,1854.5353013099245,2569918
2024-12-16,1869.2645263671875,1893.7493430070183,1865.2952809088067,1884.9979022380137,1371189
2024-12-17,1865.6298828125,1877.6809908151913,1853.578774809809,1860.560826183848,1987909
2024-12-18,1874.9552001953125,1886.0498694216537,1861.9476529384706,1864.0996407227838,3460812
2024-12-19,1849.9921875,1861.4215871685926,1826.798541101202,1826.798541101202,1916115
2024-12-20,1828.089599609375,1872.3727705645813,1813.7908837273742,1869.4555850087092,3786921
2024-12-23,1820.103271484375,1854.9176716515565,1816.4210049793305,1834.9280747991452,2058339
2024-12-24,1814.31689453125,1839.8538856039963,1806.9523610128151,1825.4594321101026,1310301
2024-12-26,1817.9515380859375,1825.7465397531653,1804.1310404096641,1822.590244163083,1065107
2024-12-27,1809.5826416015625,1820.0078503609286,1800.687711936963,1817.2341538282076,1328546
2024-12-30,1844.9228515625,1883.1804092651594,1784.3803365497217,1805.7567235655226,6262203
2024-12-31,1833.876220703125,1843.8232099723618,1796.7185877132538,1831.7719847840262,1968650
2025-01-01,1828.66357421875,1852.5745501977226,1824.7900661618437,1833.8762370338534,880695
2025-01-02,1886.2889404296875,1890.2104337139108,1826.8463502551256,1828.6634909445281,3487645
2025-01-03,1861.8519287109375,1905.3220328323212,1856.448025225126,1893.749144742787,2853344
2025-01-06,1867.973388671875,1887.4369005657265,1845.927421214789,1866.251751629719,1789037
2025-01-07,1832.4415283203125,1894.705684714795,1825.7464552294475,1874.6204654422002,2494547
2025-01-08,1848.0792236328125,1854.056967272458,1812.0215206995929,1823.2596787421264,2372138
2025-01-09,1850.518310546875,1859.7478539267786,1836.3629659829644,1842.8667981886126,2742139
2025-01-10,1908.19140625,1915.1255889298677,1850.9485560295154,1851.6658852722603,4802079
2025-01-13,1902.73974609375,1924.5464849686496,1879.7852103815571,1908.0001605277942,5694121
2025-01-14,1734.550048828125,1854.5352783900382,1719.438265459356,1851.7615818536426,15819311
2025-01-15,1746.170654296875,1763.2431840319339,1733.5935747144458,1756.0220228034866,3350594
2025-01-16,1714.177734375,1757.8869483579,1707.5305302718773,1753.1526221840563,5362008
2025-01-17,1728.33203125,1732.3897818458809,1690.7974254575665,1712.9703446730869,2424374
2025-01-20,1735.3846435546875,1738.0898890004191,1702.9222878923313,1729.49119948072,3401004
2025-01-21,1741.3748779296875,1759.1035652705361,1730.7473127955527,1730.7473127955527,4005357
2025-01-22,1765.818115234375,1769.4411486145987,1742.9689457329252,1746.9783416572118,3009261
2025-01-23,1745.819091796875,1767.0258675688,1743.1138462506083,1755.52886884039,3750930
2025-01-24,1732.1480712890625,1767.4606169260542,1730.4573223886894,1739.0560118123294,3171259
2025-01-27,1653.987060546875,1719.49154763156,1649.494593752443,1714.9023722691495,4174844
2025-01-28,1635.9202880859375,1671.909085210521,1633.746468125392,1653.9871001386684,5079829
2025-01-29,1660.7984619140625,1665.7257636062814,1638.577191044939,1638.577191044939,3733620
2025-01-30,1655.0982666015625,1674.276166696466,1640.3645972738043,1663.6969562229247,2543744
2025-01-31,1667.0301513671875,1679.3484654483905,1651.1855123106093,1651.1855123106093,2033832
2025-02-01,1636.64501953125,1673.3100718198589,1630.8481658611277,1667.56157243857,569018
2025-02-03,1634.712646484375,1643.0214460409877,1605.2453085897098,1608.626806380901,2659929
2025-02-04,1673.8897705078125,1677.1263233961658,1634.7610101286127,1637.707673172577,3647768
2025-02-05,1654.8568115234375,1687.657413302548,1652.1033295616267,1671.4261755214118,2681942
2025-02-06,1665.1461181640625,1669.9284749838764,1654.856679921284,1665.4842443540108,2057798
2025-02-07,1667.223388671875,1672.3922260951683,1643.0698325468725,1664.8080330593748,2428098
2025-02-10,1675.145751953125,1681.0875505035694,1654.1321575718305,1665.580919888664,1823071
2025-02-11,1664.8563232421875,1689.7828411441003,1656.9340037519337,1683.792806206327,1702553
2025-02-12,1659.1558837890625,1683.4060270326897,1641.6203809990543,1665.5323980934468,2214307
2025-02-13,1645.4368896484375,1671.377786218565,1642.6834077443082,1654.0355795078697,1838463
2025-02-14,1653.3109130859375,1665.049564924085,1642.3934585667596,1653.0693775252237,1460459
2025-02-17,1652.006591796875,1661.9095494693393,1636.7414976731884,1653.3108601955482,1127023
2025-02-18,1667.078369140625,1669.9767957459114,1643.6494207478922,1648.2385962062626,1511900
2025-02-19,1654.325439453125,1672.9719143141651,1645.774986099813,1664.856295740352,1294110
2025-02-20,1630.4134521484375,1656.4992937141897,1626.5488830275854,1647.4657690443657,1681532
2025-02-21,1643.1180419921875,1646.4513034452302,1628.0946010908026,1632.7803673148708,1222563
2025-02-24,1588.38623046875,1632.7804201615406,1582.154542126471,1627.9497088592875,4455420
2025-02-25,1580.705322265625,1596.0186534436289,1576.0195559090769,1580.608731627433,1951519
2025-02-27,1574.0389404296875,1603.796169545569,1560.5129486383394,1565.1504787131457,2266866
2025-02-28,1521.7222900390625,1560.2712687283688,1509.5488042031996,1557.4211964680562,4910121
2025-03-03,1519.1619873046875,1549.112394882425,1515.345654931609,1521.7222876689495,1784684
2025-03-04,1483.5113525390625,1507.181836509891,1471.4345750029256,1507.181836509891,3246644
2025-03-05,1519.693359375,1527.85733190497,1479.2120946641812,1480.129882599235,3112003
2025-03-06,1531.7701416015625,1540.7069571720203,1521.8189474584497,1526.5047136565845,2011489
2025-03-07,1505.2012939453125,1533.267773906609,1502.9308832109803,1529.0650786430938,2091986
2025-03-10,1496.84423828125,1519.210337066457,1494.6220639266126,1504.2834864471465,1855766
2025-03-11,1514.7659912109375,1520.6594349132547,1471.0480576269676,1478.1491790525988,1846190
2025-03-12,1488.4385986328125,1512.0124910909508,1456.0728360439646,1503.3172115894695,3113860
2025-03-13,1482.7867431640625,1495.5397730438926,1477.3763704252644,1488.43865145314,1983351
2025-03-17,1492.834716796875,1495.153481777532,1467.618427733285,1476.2653536705113,2029100
2025-03-18,1492.834716796875,1492.834716796875,1492.834716796875,1492.834716796875,0
2025-03-19,1492.1583251953125,1508.4861525271813,1473.4634965665346,1505.7326707494562,4522829
2025-03-20,1509.1141357421875,1528.5335706236285,1494.6703568419748,1495.4431998495122,4608677
2025-03-21,1513.655029296875,1538.1468299009719,1469.9854463852864,1483.1249575141221,8109210
2025-03-24,1549.8370361328125,1556.358495992976,1507.18183434888,1537.1322425955566,2487843
2025-03-25,1569.8846435546875,1602.781718038102,1564.136026119406,1567.0828073031237,4906013
2025-03-26,1578.0966796875,1589.2555512405208,1567.082635113427,1569.8844710571277,3096513
2025-03-27,1574.9566650390625,1589.3038525214822,1558.9187287773645,1570.6090253209186,3383080
2025-03-28,1538.58154296875,1570.5125917104574,1528.050568788916,1561.3824766271716,2211077
2025-04-01,1478.53564453125,1531.3353376470402,1474.4295403135845,1523.6062002961403,4126827
2025-04-02,1475.83056640625,1486.4581306179255,1455.3966352663454,1463.7054346080174,3167863
2025-04-03,1420.32568359375,1449.2133601604044,1415.3983817566616,1449.2133601604044,3966161
2025-04-04,1373.950927734375,1406.8963562530096,1371.0525008628713,1399.9401789363171,4421312
2025-04-07,1327.5760498046875,1336.8993461584896,1258.6418234565292,1299.461333754774,6484139
2025-04-08,1355.835693359375,1376.0280898289989,1325.5471576235818,1333.2762955689088,3938359
2025-04-09,1333.2763671875,1341.6817579796348,1311.1034486907115,1333.9043832667496,3306801
2025-04-11,1343.468994140625,1376.752543544745,1313.9533047163884,1313.9533047163884,4859622
2025-04-15,1378.2017822265625,1380.4239563549397,1358.3958680760932,1371.9218582276333,3265147
2025-04-16,1383.2257080078125,1387.4767571752107,1357.912830138519,1367.0911808224862,2553111
2025-04-17,1389.3125,1393.273659479303,1337.1408205841446,1371.9219401947148,3549969
2025-04-21,1431.8228759765625,1448.2472949317591,1381.58347681949,1386.4141882769009,2840104
2025-04-22,1429.7939453125,1449.1167903929115,1414.9153310131258,1439.5519584906503,2608145
2025-04-23,1540.0306396484375,1545.827492746236,1491.4336406703164,1502.351094512748,13293318
2025-04-24,1532.977783203125,1549.0158380900864,1522.7366994596382,1540.9968106466058,3193118
2025-04-25,1524.765625,1563.2181330496833,1515.0076120338092,1536.1661505247198,3800415
2025-04-28,1514.11328125,1533.7567583224293,1502.1902887075348,1529.45666460708,2618810
2025-04-29,1533.3658447265625,1544.8978981613313,1512.9404887096887,1519.6838040470393,2231069
2025-04-30,1531.9000244140625,1551.8367375865982,1518.7066270746113,1535.3205348354018,3682256
2025-05-02,1536.6885986328125,1545.0932566245697,1521.7360355269539,1531.4112164014552,1370848
2025-05-05,1532.974853515625,1561.4139275341602,1527.795295583931,1544.1159672656072,1012225
2025-05-06,1543.2364501953125,1547.8297783303724,1529.5544093893036,1540.988757927368,2055057
2025-05-07,1527.7952880859375,1542.5523218157716,1509.9108593146914,1516.7518793892564,5469936
2025-05-08,1544.800048828125,1561.7071893987334,1520.465658023644,1526.4270946492481,2789018
2025-05-09,1533.7568359375,1541.8682601789571,1521.9316670953258,1530.4340306575843,2035161
2025-05-12,1632.365234375,1636.9584431829692,1557.7980647365093,1562.4890978451,4028207
2025-05-13,1582.8165283203125,1649.760794697395,1578.5164347956313,1646.731224020206,3118470
2025-05-14,1600.505615234375,1605.0012385774583,1580.275787382236,1592.9805401564902,1569126
2025-05-15,1657.4815673828125,1663.9316486793148,1588.0940725218575,1612.5262890221936,4961582
2025-05-16,1622.2012939453125,1655.038165485982,1620.3444218339287,1653.4745276598394,2586263
2025-05-19,1612.13525390625,1626.2082336338199,1600.896434983901,1623.2763678279898,1642018
2025-05-20,1601.092041015625,1628.1628888676619,1599.2351687233568,1623.0810356131776,2421580
2025-05-21,1614.480712890625,1619.8558000098128,1591.4167265660574,1607.6396929207494,1420835
2025-05-22,1595.912353515625,1603.4374283451793,1577.3438693044818,1601.1897360457465,2202093
2025-05-23,1610.7669677734375,1632.8537848172423,1585.6506993306352,1595.9122292800785,1459454
2025-05-26,1635.5902099609375,1637.74031650289,1608.2261286111677,1614.871738943854,1078813
2025-05-27,1614.5784912109375,1637.447068579784,1604.2192557885498,1635.7857256593927,2740015
2025-05-28,1619.6605224609375,1628.944764607831,1609.5944016772385,1626.2083086769428,1775441
2025-05-29,1626.892333984375,1637.4470989032811,1617.9990313145547,1632.0720114404533,2374051
2025-05-30,1599.4305419921875,1626.8923285324765,1590.3418293460747,1626.8923285324765,4408910
2025-06-02,1594.4464111328125,1598.06233137024,1569.2323165811392,1588.1917399969473,1883100
2025-06-03,1593.3714599609375,1614.1876369033746,1580.2757680175937,1609.4967228998926,2380133
2025-06-04,1589.1689453125,1607.2487841475554,1585.3574959687687,1593.9576832419102,1659720
2025-06-05,1595.325927734375,1616.3376325452718,1587.703028967531,1597.7691492240142,1409322
2025-06-06,1600.505615234375,1602.5580168901017,1585.1622307569492,1594.1532388472478,1261281
2025-06-09,1610.8648681640625,1620.3445199888556,1601.77603634604,1610.571633861058,1299786
2025-06-10,1630.215087890625,1646.6335840705608,1611.5488995120772,1615.751288206324,3055223
2025-06-11,1682.7933349609375,1686.2138452047698,1628.1628760641452,1637.9357624750944,5085821
2025-06-12,1662.5634765625,1686.800283864431,1656.5043343859854,1685.822995171578,3607962
2025-06-13,1656.7974853515625,1672.140869338182,1626.7946524117979,1628.1628803725373,1988422
2025-06-16,1683.8682861328125,1690.1229571376387,1645.16768078122,1653.572339023052,2116100
2025-06-17,1690.3182373046875,1699.309363464099,1680.9362911670594,1688.754599498069,1777245
2025-06-18,1676.9295654296875,1705.368640386869,1671.1635387172182,1688.657028859282,1794428
2025-06-19,1674.9749755859375,1680.6431779554941,1658.6541841904886,1680.6431779554941,2514527
2025-06-20,1700.3843994140625,1703.0230308224286,1670.283863869687,1674.974896704472,2719770
2025-06-23,1664.5179443359375,1690.513917292285,1660.6087898219519,1689.9274486768445,2221446
2025-06-24,1653.3768310546875,1693.2501326643085,1650.8357853641514,1680.838615690037,3601071
2025-06-25,1678.1021728515625,1681.6203878296467,1662.3678507982415,1663.3451393642604,1307518
2025-06-26,1684.9432373046875,1687.679693080965,1664.0292375800627,1671.1634920195497,2971055
2025-06-27,1684.1614990234375,1712.698278541594,1671.945391473212,1695.5957279712784,6478283
2025-06-30,1689.341064453125,1695.4003254033596,1674.3886203248433,1685.8228493228191,1855229
2025-07-01,1679.275146484375,1705.3687058984333,1675.0727575414983,1689.3411480693717,1639826
2025-07-02,1679.568115234375,1699.01618166813,1672.140745950055,1682.890920237285,2069447
2025-07-03,1673.0203857421875,1691.1979299245538,1667.74300341881,1677.027245160667,1839063
2025-07-04,1686.7025146484375,1689.7320856213707,1667.449856553345,1676.0500444422503,768500
2025-07-07,1671.5545654296875,1686.3116004906508,1664.615839730605,1686.3116004906508,1366412
2025-07-08,1669.306640625,1679.8614052673206,1649.1745192422793,1661.390626792222,2139193
2025-07-09,1635.9810791015625,1675.365856502806,1633.0492133684056,1671.1634678994455,2894808
2025-07-10,1625.9150390625,1641.7471863795888,1611.5489439820735,1636.9584482534708,2740853
2025-07-11,1601.092041015625,1617.9013580554706,1592.9804975115778,1605.880659956303,2548153
2025-07-14,1583.01220703125,1605.09890671806,1570.5028645601362,1602.753390092485,3334703
2025-07-15,1530.824951171875,1584.575826428627,1514.7973935993668,1553.8889392406409,14685607
2025-07-16,1527.306640625,1538.2522250024176,1524.5701848816846,1530.8248556536041,5218099
2025-07-17,1508.8358154296875,1531.2157470727775,1507.3698826054404,1528.0883521356325,4966082
2025-07-18,1525.4814453125,1526.6633301202655,1506.9644484412943,1520.7536656165742,3902458
2025-07-21,1507.3585205078125,1527.352814206147,1503.0247422895857,1525.4815165452098,3368842
2025-07-22,1497.2135009765625,1516.6169718680485,1495.4406737376653,1510.0177742647013,3218227
2025-07-23,1506.7674560546875,1512.8740610728175,1495.1450681696203,1501.1532028292183,3471536
2025-07-24,1484.5076904296875,1514.7455462558817,1478.9920275496038,1506.9644638665545,4654421
2025-07-25,1467.6651611328125,1489.4324014259423,1464.2178568256334,1478.4995460982325,2733655
2025-07-28,1444.0264892578125,1471.703393813639,1441.465658700526,1467.6651471387913,4404841
2025-07-29,1450.231689453125,1455.2548802216168,1439.0033028790403,1444.0264936475323,6223556
2025-07-30,1454.2698974609375,1461.952509184248,1446.6858763290873,1458.209673681624,1642426
2025-07-31,1445.7994384765625,1460.3765387150347,1437.5258841615207,1442.9430765992654,2306285
2025-08-01,1430.2373046875,1444.8145254719295,1428.1689461223614,1442.943107633972,2152783
2025-08-04,1452.2015380859375,1453.186482140495,1418.9103809489254,1430.2372375763357,2384774
2025-08-05,1460.3765869140625,1463.036008156187,1449.0497296249407,1457.6188155396505,2614394
2025-08-06,1441.170166015625,1461.361520163538,1434.4726182426073,1458.6037488096254,1735697
2025-08-07,1453.2850341796875,1456.9292792933993,1429.1539034867683,1436.0485122561738,1495363
2025-08-08,1453.48193359375,1459.8840701262184,1437.0334155186883,1452.595580105969,2815614
2025-08-11,1465.5968017578125,1507.9493975075343,1443.5340301579827,1452.7925286241757,2374556
2025-08-12,1476.5296630859375,1487.1671073639752,1466.5817518112065,1467.566695902416,3422656
2025-08-13,1478.49951171875,1484.8031777803567,1466.5817125803987,1477.416097293887,2916128
2025-08-14,1467.3697509765625,1493.3721787241154,1463.429974623002,1478.4010766735587,4227538
2025-08-18,1462.64208984375,1479.287670333578,1453.6791219592094,1475.5448344012702,2795155
2025-08-19,1453.8759765625,1460.2781132767866,1447.0798381577704,1454.0730375239393,2515817
2025-08-20,1473.476318359375,1477.711625923567,1436.048443962546,1445.8978845932904,10219330
2025-08-21,1471.0140380859375,1482.340895426405,1463.7254275768885,1477.416174843593,2157601
2025-08-22,1444.2235107421875,1469.0440527458952,1441.9580913308687,1467.172635001644,2802805
2025-08-25,1481.5528564453125,1486.9700489562556,1453.9744218441479,1457.7172574901363,2764914
2025-08-26,1470.3245849609375,1483.8182708946867,1462.6419729695385,1479.2875521292813,4092265
2025-08-28,1427.971923828125,1465.5967382355561,1424.2290883660041,1465.5967382355561,4367902
2025-08-29,1432.896728515625,1440.5792203762308,1417.5315043295445,1427.9720080027619,3404604
2025-09-01,1446.2919921875,1450.3302390953695,1424.229219512329,1424.229219512329,2105254
2025-09-02,1443.632568359375,1455.1564868606395,1437.7229035584512,1446.8829320928585,1295198
2025-09-03,1444.0264892578125,1452.7925156018284,1430.7297441997619,1452.7925156018284,1800307
2025-09-04,1421.56982421875,1443.8295361526164,1419.205934404439,1443.0415328037025,2192155
2025-09-05,1397.6356201171875,1430.4343053841567,1381.679574449836,1426.1989978362844,3895199
2025-09-08,1381.8765869140625,1407.0911320942328,1379.90669869323,1402.4619428682502,2929976
2025-09-09,1405.6136474609375,1410.2429566938608,1387.8846543370264,1388.9680687592238,2906889
2025-09-10,1441.8597412109375,1449.7392942796687,1410.5384696697556,1413.2963613367867,3205017
2025-09-11,1445.6024169921875,1448.2618382191527,1436.3440385771949,1441.859701527013,1982922
2025-09-12,1445.10986328125,1457.7171952248143,1440.9731463607454,1452.7924749706763,2110883
2025-09-15,1444.4205322265625,1446.1934797112908,1430.1388426818744,1445.1099450081597,1725617
2025-09-16,1460.7705078125,1462.8388662870202,1439.101738544819,1441.8596299991318,1724524
2025-09-17,1459.1947021484375,1476.4312241110413,1453.0880967460891,1468.3547304843955,2656774
2025-09-18,1471.3095703125,1480.2725377322047,1463.7254284708758,1470.1275652324414,2792406
2025-09-19,1445.306884765625,1471.3094310439387,1441.9580510377682,1471.3094310439387,3197957
2025-09-22,1418.2210693359375,1427.3809775570503,1393.6959365821042,1401.5754895804482,4457129
2025-09-23,1408.273193359375,1422.4562929293581,1399.0146943055404,1422.4562929293581,3106480
2025-09-24,1420.5848388671875,1422.948608380378,1398.620538653115,1403.6437292172852,2894044
2025-09-25,1402.3634033203125,1420.7818091834802,1394.6807915451006,1418.5163897483094,2713246
2025-09-26,1374.29248046875,1405.0226867226033,1371.0421170121724,1398.6205504003483,2568054
2025-09-29,1366.511474609375,1381.4825769045776,1362.177696503153,1376.0653843299085,2990852
2025-09-30,1364.2459716796875,1383.8463822072579,1361.0941988309764,1371.140579989617,2782077
2025-10-01,1368.579833984375,1375.7699740443054,1361.192753196406,1365.2309999806755,2253527
2025-10-03,1372.51953125,1378.7247268470078,1359.6167882642824,1375.4743633947794,2793839
2025-10-06,1396.355224609375,1399.605588283867,1369.8603240853759,1372.5196251045522,1970901
2025-10-07,1411.8189697265625,1420.190995007908,1395.8628023450046,1400.590582361564,1592836
2025-10-08,1431.3206787109375,1436.737871112136,1405.7121328143633,1411.6217972520342,1735807
2025-10-09,1464.119384765625,1468.6501035176059,1430.6312858204308,1431.320698588094,2681316
2025-10-10,1472.98388671875,1475.938718988998,1451.7091184194492,1468.5516383133775,2129445
2025-10-13,1472.1959228515625,1479.5830037253727,1454.269988024091,1467.5667335969492,1820492
2025-10-14,1472.885498046875,1511.889262130931,1467.7637163549157,1492.5843809410892,5802489
2025-10-15,1473.1807861328125,1486.6745919280122,1463.7253471796544,1475.3477352096886,1710696
2025-10-16,1492.1903076171875,1497.016557741116,1475.446257960757,1477.3176757923743,2021043
2025-10-17,1475.5111083984375,1490.5026052102426,1468.5614528351703,1488.2190984767906,3210161
2025-10-20,1484.64501953125,1499.0407346788663,1478.390281024646,1479.184575854568,2354881
2025-10-21,1475.3126220703125,1492.1903573160696,1470.3485822921484,1491.8924664524288,274400
2025-10-23,1512.9400634765625,1536.370306923643,1494.6723729069756,1499.1400086944757,5011470
2025-10-24,1512.8408203125,1521.5774576588615,1505.4940171584299,1514.032141389429,1491451
2025-10-27,1522.470947265625,1538.355874005925,1515.8191826700736,1520.3860748694353,1394846
2025-10-28,1511.1529541015625,1530.9098565142488,1501.1256180606642,1523.9602008750792,1936466
2025-10-29,1546.099853515625,1547.7875785367585,1511.053684754937,1518.9961482753308,2596355
2025-10-30,1538.65380859375,1548.6811446451054,1527.0378828693122,1546.4968944408054,2183395
2025-10-31,1530.4134521484375,1546.993296406407,1526.541476911987,1538.6538065954383,1723467
2025-11-03,1532.3990478515625,1538.5544085723318,1517.2090379673377,1529.0234766336932,2252136
2025-11-04,1518.1025390625,1530.8105286880013,1514.0320509018281,1525.3500852257325,1666863
2025-11-06,1515.4219970703125,1520.8824404996724,1503.4090457641944,1518.102529913232,2474769
2025-11-07,1501.522705078125,1507.876699931102,1479.7801876431495,1504.2032379541695,2238714
2025-11-10,1529.420654296875,1533.7890335362633,1500.5299670520405,1507.0824753149343,1558896
2025-11-11,1558.70849609375,1561.1905159919884,1530.1155783890918,1536.6682078743436,2270763
2025-11-12,1582.535888671875,1588.4927364335006,1562.1833254863207,1563.672537426727,2331564
2025-11-13,1587.00341796875,1593.4566692773499,1568.6364719365813,1587.8969693114916,1944022
2025-11-14,1583.1314697265625,1586.5070408604847,1562.778907562833,1578.5645775770781,2543918
2025-11-17,1594.8466796875,1596.1372572784026,1574.0969697549983,1582.5358371425214,2000978
2025-11-18,1583.7271728515625,1592.46393117536,1578.6638766106146,1592.46393117536,1640123
2025-11-19,1650.6424560546875,1657.4928550760465,1577.1746685281062,1583.8265544385058,6342672
2025-11-20,1633.566162109375,1656.400744077912,1630.7862514797346,1650.6424097132451,2724035
2025-11-21,1596.4351806640625,1631.6798628242454,1594.449564767714,1624.2338032129392,2958835
2025-11-24,1598.81787109375,1628.2049607815773,1591.371811821883,1602.689846153595,6392688
2025-11-25,1589.584716796875,1607.2567460310713,1581.1458495813354,1606.6610855249191,2285950
2025-11-26,1606.263916015625,1615.7948475599933,1589.5846949187028,1589.5846949187028,1243303
2025-11-27,1617.2840576171875,1621.4538022906338,1602.3919392229225,1607.4552352384987,2106176
2025-11-28,1612.5185546875,1625.127287826632,1607.3560020460795,1617.2840811198662,1841289
2025-12-01,1631.0841064453125,1634.6581906102379,1616.2912446483251,1618.2768604279913,2034350
2025-12-02,1623.7373046875,1641.0121862182775,1612.320013948334,1639.1258269881153,2326220
2025-12-03,1628.701416015625,1642.6999836490309,1617.0856116627165,1623.7373763447454,2371611
2025-12-04,1642.699951171875,1659.9748331234766,1633.2682759836734,1638.1330590034308,3935708
2025-12-05,1670.895751953125,1678.8382154205196,1639.1258980835469,1650.7417024276615,3391204
2025-12-08,1676.4554443359375,1683.206586728738,1664.8396400459083,1670.8957441731231,2702407
2025-12-09,1645.6783447265625,1674.866921117288,1644.4870237279085,1674.866921117288,2817704
2025-12-10,1654.0179443359375,1658.981983784725,1645.0826733281203,1651.33741151054,1482249
2025-12-11,1660.3719482421875,1665.3359877184005,1637.1402192550368,1655.5071653170248,1408684
2025-12-12,1661.1661376953125,1665.8324075629043,1648.0611218299982,1665.336003610546,1284337
2025-12-15,1671.8885498046875,1675.8597815144374,1648.0611595461885,1661.1661757114134,1689723
2025-12-16,1639.82080078125,1669.9029293771819,1633.5661835709452,1668.910121452463,1929309
2025-12-17,1643.09716796875,1652.5288435552777,1634.4597872243548,1639.1259361428438,1394918
2025-12-18,1649.4510498046875,1661.8611484080207,1639.3243366289462,1645.0826708578404,1822056
2025-12-19,1630.5877685546875,1668.9101304161918,1620.758945808705,1662.953282835884,3487150
2025-12-22,1658.287109375,1661.4640462269583,1632.1762127260945,1640.0194194953087,1339691
2025-12-23,1667.818115234375,1674.7677709501743,1644.2884938811706,1663.0525885523043,1614314
2025-12-24,1662.6553955078125,1667.917326025199,1653.124463597572,1663.9460942965677,989858
2025-12-26,1648.9547119140625,1664.343234798626,1638.6294852240096,1656.0036239646458,921138
2025-12-29,1619.0711669921875,1648.8554039037997,1613.7099801096233,1647.7632182631444,1516288
2025-12-30,1603.583251953125,1623.9358136537296,1599.512763851478,1619.0711519572365,3323273
2025-12-31,1611.6251220703125,1619.9646115256955,1605.1718706821791,1612.816443080404,1359963
2026-01-01,1622.7445068359375,1633.8639067998354,1606.7603239406958,1611.227959474964,773806
2026-01-02,1628.403564453125,1631.183475212849,1613.4121885237892,1620.262587673384,950573
2026-01-05,1596.0379638671875,1621.7517128456075,1568.7357464792142,1613.3128456529612,3245802
2026-01-06,1604.675537109375,1614.3057257417076,1585.8121860705728,1588.7906099188046,2112043
2026-01-07,1635.849609375,1642.6007519063255,1605.0725629506446,1609.1431724961542,3816569
2026-01-08,1634.8568115234375,1648.6568663406495,1623.63815434392,1641.409440982351,3266398
2026-01-09,1649.4510498046875,1662.95321284664,1635.2538485255266,1635.2538485255266,3281306
2026-01-12,1655.6064453125,1665.137377003319,1629.6941831182085,1647.2668346358942,4175707
2026-01-13,1653.025146484375,1685.3906596485378,1614.3056385487048,1672.881304400103,7149266
2026-01-14,1656.5,1665.8324186046716,1637.3387588350079,1653.0251723104584,2470615
2026-01-15,1656.5,1656.5,1656.5,1656.5,0
2026-01-16,1698.0,1700.9000244140625,1664.800048828125,1670.0,3098089
2026-01-19,1716.800048828125,1719.0,1685.0999755859375,1698.0,2087629
2026-01-20,1687.300048828125,1720.0,1681.800048828125,1720.0,1739341
2026-01-21,1682.5,1694.9000244140625,1668.9000244140625,1687.5999755859375,1728435
2026-01-22,1703.0999755859375,1709.0,1681.5,1690.5999755859375,1853439
2026-01-23,1707.0,1721.0,1698.800048828125,1712.699951171875,1874357
2026-01-27,1720.199951171875,1725.5,1700.5,1720.0,2671530
2026-01-28,1729.5999755859375,1734.4000244140625,1691.0,1705.0999755859375,2713867
2026-01-29,1721.5999755859375,1725.0,1696.0999755859375,1722.800048828125,2235602
2026-01-30,1695.5999755859375,1713.199951171875,1683.0,1713.199951171875,4448681
2026-02-02,1676.800048828125,1688.5,1653.5999755859375,1670.0,1916380
2026-02-03,1695.300048828125,1780.0999755859375,1689.0999755859375,1780.0,3200948
2026-02-04,1621.800048828125,1645.0,1586.0,1642.0,5834470
2026-02-05,1610.0,1631.800048828125,1600.199951171875,1613.699951171875,3184531
2026-02-06,1593.699951171875,1612.0,1574.0999755859375,1612.0,3342992
2026-02-09,1602.0,1619.9000244140625,1594.4000244140625,1600.4000244140625,1863558
2026-02-10,1573.0999755859375,1602.4000244140625,1567.800048828125,1595.0,3234785
2026-02-11,1551.5999755859375,1578.0999755859375,1546.0999755859375,1574.0,2944646
2026-02-12,1476.0999755859375,1535.0,1469.5,1529.0,5397659
2026-02-13,1455.199951171875,1476.800048828125,1396.0,1423.0,7214938
2026-02-16,1461.800048828125,1467.0,1446.800048828125,1451.0999755859375,2388700
2026-02-17,1482.5999755859375,1510.699951171875,1458.0,1464.0,2840341
2026-02-18,1467.199951171875,1483.199951171875,1443.4000244140625,1483.199951171875,2036245
2026-02-19,1450.4000244140625,1501.800048828125,1443.0,1470.0,2397127
2026-02-20,1436.5,1455.0,1431.0,1443.0,2392491
2026-02-23,1426.199951171875,1441.5999755859375,1415.5,1438.199951171875,2629763
2026-02-24,1339.199951171875,1406.699951171875,1322.5,1402.300048828125,10004684
2026-02-25,1378.199951171875,1391.4000244140625,1354.0,1355.0,5703505
2026-02-26,1373.5,1405.0,1368.0,1391.0,2329520
2026-02-27,1389.0999755859375,1404.800048828125,1382.0,1398.0,8651443
2026-03-02,1371.0,1386.0,1350.0,1351.0,2088938
2026-03-04,1364.0,1382.0,1356.0,1356.0,3161598
2026-03-05,1354.0999755859375,1378.199951171875,1332.5,1378.199951171875,2217963
2026-03-06,1356.699951171875,1380.800048828125,1354.199951171875,1356.0,1871596
2026-03-09,1358.5999755859375,1372.699951171875,1328.0,1330.0,2256550
2026-03-10,1361.5,1364.4000244140625,1345.0,1361.0,1671877
2026-03-11,1350.300048828125,1376.0,1346.9000244140625,1367.199951171875,1837000
2026-03-12,1358.0999755859375,1363.4000244140625,1341.0,1350.0,2616965
2026-03-13,1325.4000244140625,1356.699951171875,1321.0,1350.0,2190786
2026-03-16,1328.5999755859375,1337.699951171875,1302.4000244140625,1312.800048828125,3618375
2026-03-17,1321.0999755859375,1328.5999755859375,1297.699951171875,1328.5999755859375,2285672
2026-03-18,1357.199951171875,1378.4000244140625,1326.5,1326.5,2564106
2026-03-19,1311.800048828125,1354.199951171875,1309.199951171875,1341.4000244140625,1663249
2026-03-20,1333.699951171875,1352.5,1328.9000244140625,1334.9000244140625,5050431
2026-03-23,1358.5999755859375,1365.0,1310.0,1314.800048828125,5166409
2026-03-24,1373.300048828125,1394.0,1360.0,1380.0,3555284
