Price,Close,High,Low,Open,Volume
Ticker,INFY.NS,INFY.NS,INFY.NS,INFY.NS,INFY.NS
Date,,,,,
2021-03-24,1191.7335205078125,1206.4348254772435,1185.131118732146,1195.342811986317,6134303
2021-03-25,1174.1712646484375,1190.6332113514952,1168.713214286175,1185.5713696026812,8749994
2021-03-26,1176.283935546875,1194.3305015997794,1172.586633291157,1183.7666580566158,4922071
2021-03-30,1219.5078125,1232.4484785402813,1176.240046207622,1185.7034898821278,10546381
2021-03-31,1204.3221435546875,1221.8844893034448,1200.1406224277484,1216.6025678799429,8220987
2021-04-01,1219.4197998046875,1225.0538719710478,1206.9192928557843,1214.8421766163256,5675155
2021-04-05,1241.1636962890625,1254.4565122246502,1221.0043385653262,1224.52562000315,9479572
2021-04-06,1242.176025390625,1255.336771135885,1238.1264659665671,1252.6958101867913,5793571
2021-04-07,1259.0340576171875,1263.2155790672348,1238.2585199049374,1241.4717105113793,5879234
2021-04-08,1267.529296875,1277.9610720440185,1250.9352789525208,1258.8581624926846,5654434
2021-04-09,1268.5858154296875,1280.8662426063622,1258.902290571495,1280.8662426063622,6052712
2021-04-12,1255.116943359375,1300.7175878980547,1245.6534980561219,1297.5924071623488,20384532
2021-04-13,1229.9393310546875,1263.4795076044609,1210.4402180499103,1261.498787247652,14855206
2021-04-15,1197.8956298828125,1202.86946016342,1162.022584196445,1172.8505648972027,25342491
2021-04-16,1191.7335205078125,1206.786975064139,1185.439209322817,1201.6371231713124,10879878
2021-04-19,1199.4805908203125,1214.5779995455803,1172.8948505559376,1179.629323034113,12508028
2021-04-20,1189.6207275390625,1213.9616035180388,1181.7419044237488,1213.9616035180388,8560766
2021-04-22,1189.400634765625,1201.4610863273435,1184.1627724101147,1193.3181242443113,6622446
2021-04-23,1174.1712646484375,1187.0239195967097,1171.7063248124512,1182.2701684621502,7316262
2021-04-26,1182.75439453125,1189.576876928249,1162.9031285723656,1172.8067320518805,7088606
2021-04-27,1187.112060546875,1191.0735023507023,1179.7614066919707,1184.9112595447489,3636115
2021-04-28,1193.71435546875,1196.7954765927475,1183.6786823155342,1195.4749961110342,4879234
2021-04-29,1194.0225830078125,1205.1586578394324,1189.665039902869,1204.2783374173437,5412357
2021-04-30,1192.2618408203125,1209.472146593651,1184.8231768703517,1185.175326501452,8354677
2021-05-03,1190.2369384765625,1198.115761077516,1177.8683970034654,1180.3333364838204,4560337
2021-05-04,1170.2978515625,1192.7899711977664,1165.632110895416,1191.953709880542,4887060
2021-05-05,1180.94970703125,1183.0624972874223,1168.8893616546059,1180.5975574117253,3939788
2021-05-06,1198.6441650390625,1201.3731366272477,1177.3404555895117,1184.0308687459922,4810090
2021-05-07,1190.6773681640625,1208.7239358814727,1187.11202765501,1201.901452963915,4991435
2021-05-10,1179.23291015625,1190.9851627686044,1175.2714694468525,1188.3001433034078,7195348
2021-05-11,1171.398193359375,1180.5094866973957,1166.5123728573353,1176.900195068442,6420988
2021-05-12,1168.18505859375,1170.826019540081,1157.1810546507043,1170.826019540081,5241898
2021-05-14,1158.853759765625,1168.0530646731775,1154.364147358403,1168.0530646731775,4824609
2021-05-17,1170.2978515625,1175.18356484798,1162.2869581655425,1162.2869581655425,5017129
2021-05-18,1179.629150390625,1183.6786021012647,1170.385787645027,1177.868509867654,5620150
2021-05-19,1176.9881591796875,1194.990665077294,1173.6869582844565,1181.389760373329,4435878
2021-05-20,1179.012939453125,1187.6400133214966,1175.227519439831,1187.0238321383868,4490092
2021-05-21,1192.3939208984375,1195.0348819635503,1185.2192885126847,1186.2316784131742,4969733
2021-05-24,1186.7158203125,1199.8765657788765,1184.1188109576708,1194.286553380612,4225371
2021-05-25,1198.6441650390625,1204.2782367617228,1192.3498530550198,1195.4750332766225,4099340
2021-05-26,1230.0274658203125,1232.4483465009394,1199.040236092676,1204.1900880483613,6850024
2021-05-27,1234.4290771484375,1246.7535607141913,1225.141655477,1236.1456586607087,15365391
2021-05-28,1236.89404296875,1244.772866430296,1229.0151120462333,1241.0315052688188,4261312
2021-05-31,1240.1864013671875,1247.0825051236686,1230.6208380920684,1247.0825051236686,4429904
2021-06-01,1234.3577880859375,1246.637342834027,1226.7498951703167,1245.7475231746166,4791325
2021-06-02,1226.750244140625,1238.584783804985,1214.604180610402,1228.6188442328298,9272276
2021-06-03,1236.5382080078125,1244.858002094692,1225.3264993342227,1235.1589437566838,5115645
2021-06-04,1232.9788818359375,1242.9893550263232,1225.8603231227744,1240.364321328493,4194328
2021-06-07,1236.5382080078125,1238.6292629848542,1225.5489543024312,1237.7394431120204,5154576
2021-06-08,1257.2708740234375,1265.1013319051262,1241.7880960173904,1242.1884714890496,7360630
2021-06-09,1259.3621826171875,1267.9933924367642,1249.8410442524976,1257.671503036486,5394317
2021-06-10,1267.370361328125,1271.552470863138,1262.6542730264473,1267.1033719447926,3496575
2021-06-11,1287.4803466796875,1291.6624564744493,1271.952925317914,1272.531329937339,6140828
2021-06-14,1300.73876953125,1314.2639885241551,1293.3086864911218,1308.9250691394936,7132294
2021-06-15,1311.50537109375,1313.3739708729092,1301.8063139478768,1302.6961337113407,5403104
2021-06-16,1317.46728515625,1325.3421693256153,1305.810666518263,1310.43768641987,7661710
2021-06-17,1330.547607421875,1337.0877613114858,1312.5731820594183,1312.5731820594183,7677951
2021-06-18,1337.6661376953125,1348.7888851030746,1323.5179812685233,1342.73806706502,13533974
2021-06-21,1334.996826171875,1339.8908355733147,1320.6706390275504,1328.5010975180908,5454052
2021-06-22,1345.274169921875,1353.8164190842874,1336.598426052742,1343.3610354471275,6427862
2021-06-23,1337.53271484375,1356.975256632698,1333.528525561883,1356.975256632698,5529809
2021-06-24,1387.4071044921875,1395.9049277395711,1344.6957505278851,1349.8567492468076,10785137
2021-06-25,1400.7542724609375,1404.135631117183,1372.9919384117954,1398.7967123676879,9780240
2021-06-28,1398.6190185546875,1406.0489932945832,1388.6529701012548,1399.5977987599592,5019178
2021-06-29,1390.8330078125,1400.2650768226906,1387.407114375736,1389.0088336090437,5913567
2021-06-30,1406.627197265625,1415.7033158675802,1398.8412739382577,1398.8412739382577,6058722
2021-07-01,1388.4749755859375,1403.1124693019067,1387.2737404607137,1403.1124693019067,4814317
2021-07-02,1395.0594482421875,1396.5275639340105,1372.6359253578846,1387.184456554028,5166064
2021-07-05,1404.98095703125,1410.3644103739707,1389.053269198572,1396.2607879943475,4058338
2021-07-06,1390.0765380859375,1411.9216590381186,1385.538478536323,1400.3094664482746,4089574
2021-07-07,1392.2120361328125,1397.50652911051,1374.46017458664,1393.5023400140276,4797120
2021-07-08,1388.786376953125,1402.3561301157295,1378.330993368823,1395.237571079609,3326813
2021-07-09,1390.6993408203125,1396.928079212835,1380.110463828909,1384.5595626807105,3436594
2021-07-12,1377.3076171875,1404.1357070791948,1364.7611791715558,1397.5065927215103,4588982
2021-07-13,1374.72705078125,1384.9155526207576,1367.030196440079,1384.9155526207576,4456160
2021-07-14,1403.1568603515625,1408.4068188807405,1368.631808761568,1382.7799652654269,5657716
2021-07-15,1406.627197265625,1420.9087400251894,1384.5596225581112,1386.2503019190274,10021355
2021-07-16,1384.0701904296875,1401.1547960825774,1378.8647662261394,1400.3539365234356,6265593
2021-07-19,1371.8350830078125,1381.801129510059,1368.1424178936406,1374.5045422926073,5669162
2021-07-20,1379.26513671875,1386.0721708593665,1368.5427653624465,1368.8097547336988,5069939
2021-07-22,1414.991455078125,1417.3494993598415,1389.3647090584504,1389.3647090584504,7854575
2021-07-23,1415.2138671875,1422.3769600749592,1410.408927130944,1413.5232964523468,4179719
2021-07-26,1427.1820068359375,1434.0781103240706,1418.4617292994851,1418.4617292994851,4586710
2021-07-27,1425.98095703125,1431.9872414945648,1421.8432726768472,1428.1609723882148,5892859
2021-07-28,1428.6947021484375,1430.4743418144471,1410.8093452291575,1428.249792231935,4686788
2021-07-29,1438.838623046875,1441.5080824588358,1423.8006466353795,1423.8006466353795,4660873
2021-07-30,1433.054931640625,1444.5336299360965,1429.1842368464966,1432.610021695999,6234257
2021-08-02,1451.7855224609375,1454.6329023419573,1440.7961611531427,1448.13717442387,5553389
2021-08-03,1472.8297119140625,1475.8996554431062,1455.389265292903,1465.5332328913128,5513668
2021-08-04,1467.53515625,1494.8081520769258,1458.4590386591192,1485.1980557637592,6740391
2021-08-05,1471.361572265625,1482.439785316305,1465.5777435714137,1467.7577586309994,5420536
2021-08-06,1468.380615234375,1477.6792974732823,1462.8637758297223,1474.431433424483,3754855
2021-08-09,1480.0374755859375,1483.73014125567,1464.999497628351,1477.9908463781162,5018477
2021-08-10,1492.450439453125,1494.897444198092,1478.035400403738,1484.2196053109628,6846517
2021-08-11,1492.71728515625,1498.456579557271,1484.2194624118335,1490.2702806468778,4899639
2021-08-12,1503.4395751953125,1509.5793537960537,1489.5584074592362,1494.1410013448915,5659579
2021-08-13,1523.549560546875,1532.7147487919517,1504.9524118847114,1510.0243417706486,5612790
2021-08-16,1516.60888671875,1530.4455194170107,1503.8844201483496,1519.5452268822864,4564109
2021-08-17,1549.754638671875,1556.205832064848,1500.7255906093967,1516.1639420394988,9510390
2021-08-18,1542.458251953125,1562.0788240659326,1536.7189570845148,1538.4985968726844,6686090
2021-08-20,1542.01318359375,1552.7355556641908,1527.0197416428282,1527.0197416428282,6206972
2021-08-23,1547.174072265625,1559.987498240279,1541.1677890231847,1544.5046130467626,6189051
2021-08-24,1531.2464599609375,1563.4134691115678,1523.9944064933602,1557.1847301908044,7602939
2021-08-25,1544.326904296875,1554.4263380022362,1528.7105222770665,1528.7105222770665,6153253
2021-08-26,1537.3416748046875,1553.6254211203336,1530.4901055710045,1542.9475831744894,5302248
2021-08-27,1520.5242919921875,1537.341801243583,1517.3208534484993,1534.9393309564102,6698514
2021-08-30,1510.9583740234375,1529.288637985758,1504.1512316439248,1515.4074724910186,6559667
2021-08-31,1518.43310546875,1526.0411089645945,1500.1028374875211,1512.827305342868,12255438
2021-09-01,1492.895263671875,1521.1470441049441,1488.802114057658,1521.1470441049441,7801974
2021-09-02,1502.99462890625,1507.6217571200289,1479.4589382302909,1492.5392460722514,6830050
2021-09-03,1513.27197265625,1517.987952137385,1498.812401784732,1509.1788235490428,5339139
2021-09-06,1539.744384765625,1541.1680748889787,1512.1154332773742,1517.2764321726995,4876026
2021-09-07,1518.611083984375,1543.748494999435,1516.2530396340658,1539.3883559665105,3520341
2021-09-08,1506.6873779296875,1513.4499866926615,1497.5221905318458,1513.4499866926615,4584896
2021-09-09,1505.21923828125,1508.1556872378899,1496.8104841372344,1500.1473085786038,3331674
2021-09-13,1505.4862060546875,1514.0284547777442,1490.6261495836065,1497.5667877701696,4662374
2021-09-14,1500.3697509765625,1509.089920271295,1493.651567709299,1509.089920271295,4945167
2021-09-15,1522.882080078125,1526.1299441294327,1503.9734089951633,1506.6874028811862,4062344
2021-09-16,1514.696044921875,1529.8229844217558,1505.0859457913573,1526.219170092661,3246568
2021-09-17,1504.9522705078125,1528.7104157088386,1498.8569179841036,1510.024199917287,7454864
2021-09-20,1501.88232421875,1519.5452254836232,1493.0730864950874,1499.3463595187543,5660743
2021-09-21,1529.1109619140625,1536.4965105236413,1499.035114501679,1512.693828226547,4672222
2021-09-22,1527.7315673828125,1547.3076020991566,1524.3057830315674,1527.8205276346805,4553892
2021-09-23,1550.5555419921875,1552.7355570624668,1531.4688420353173,1541.1678996173023,3826090
2021-09-24,1569.508544921875,1590.997713616821,1559.3645780438271,1564.3031211064717,8280446
2021-09-27,1531.513427734375,1574.0912850316047,1528.7994337947073,1573.8688300732904,5045337
2021-09-28,1501.215087890625,1521.591984731913,1490.448289137985,1521.591984731913,6557197
2021-09-29,1505.797607421875,1513.9394805910563,1472.6518187520774,1476.4335530298395,7792548
2021-09-30,1490.626220703125,1515.3632568348667,1486.088161035665,1515.3632568348667,6914031
2021-10-01,1481.6834716796875,1493.9629198300943,1478.2131527121837,1481.638937241155,5733906
2021-10-04,1493.784912109375,1502.0157448343261,1481.905840116939,1488.2235386465702,2947154
2021-10-05,1506.287109375,1515.3186940990138,1479.7704339769668,1486.8889928896642,4373310
2021-10-06,1489.157958984375,1520.702027218349,1485.9990552689544,1514.562248918571,4271698
2021-10-07,1504.6851806640625,1516.4307577863626,1491.9162891164272,1501.125901703296,5476108
2021-10-08,1533.9158935546875,1540.7230369842214,1511.2700223097372,1517.3652664264184,4738376
2021-10-11,1504.640625,1539.3881288124642,1480.3930374218846,1496.6767818858755,8840633
2021-10-12,1499.4798583984375,1502.9056429059303,1478.8805082946456,1492.227805300915,7439300
2021-10-13,1520.8798828125,1524.8396458972372,1494.9417238334045,1509.0897710508837,7104171
2021-10-14,1526.7083740234375,1587.0826277925394,1511.0919925515338,1560.7439825365639,19655776
2021-10-18,1594.6905517578125,1600.7857955699135,1548.2864281776817,1548.2864281776817,13438109
2021-10-19,1621.3851318359375,1632.3743843811635,1585.9258353711248,1614.133078913835,10324260
2021-10-20,1603.7666015625,1644.3868947949425,1596.38116282424,1627.836269201316,5876115
2021-10-21,1560.4324951171875,1614.133097673442,1554.3816771021532,1614.133097673442,8779629
2021-10-22,1530.3121337890625,1568.9302261697185,1518.9223969134766,1557.0956880152075,7369809
2021-10-25,1519.411865234375,1539.1658216360158,1501.303945142191,1532.3142525237072,5905209
2021-10-26,1529.4212646484375,1549.9787485385702,1522.419225446703,1535.1217839102844,5871709
2021-10-27,1552.0885009765625,1556.756637192978,1527.132343848043,1534.2690615933016,5090259
2021-10-28,1529.6009521484375,1548.318096377301,1518.9631602125999,1543.4704630848398,5329972
2021-10-29,1497.148681640625,1537.4107603815037,1491.1340972820406,1525.2019847743497,5875091
2021-11-01,1526.14453125,1532.5630389688802,1504.5546665747577,1505.9012250472292,3636806
2021-11-02,1524.2144775390625,1531.8897952602304,1513.8459332272816,1521.611109181932,3471772
2021-11-03,1528.34423828125,1541.764897157092,1525.2022677473385,1534.1793264156572,3530713
2021-11-04,1533.90966796875,1541.3606690256308,1530.5882007505536,1539.5652576464513,483407
2021-11-08,1559.763671875,1562.9056418615107,1528.792824865108,1553.0308790467627,5245903
2021-11-09,1564.25244140625,1570.9852352717,1549.4402949022597,1557.2952210786182,4016134
2021-11-10,1562.1427001953125,1571.83785665347,1545.8043896132256,1549.4401417745487,4780368
2021-11-11,1555.993408203125,1561.7835664122908,1534.179114814545,1555.679123526493,4731349
2021-11-12,1598.0955810546875,1600.4745229836617,1560.257374940205,1564.7009741488232,5069009
2021-11-15,1604.3348388671875,1615.8703357362158,1593.8765450553617,1599.801381036417,4354074
2021-11-16,1608.9580078125,1623.9047204027208,1595.2230664459416,1606.8932408206165,6034233
2021-11-17,1604.60400390625,1617.6656656279301,1598.5444904528713,1609.182390626486,4732492
2021-11-18,1597.3775634765625,1606.3994401188306,1579.0643450623231,1599.352472206742,4326924
2021-11-22,1579.4234619140625,1602.7638105783417,1572.017389741743,1601.5070006566984,6621839
2021-11-23,1559.2252197265625,1568.5164528029118,1535.0769118860949,1557.6093054597075,8436160
2021-11-24,1522.509033203125,1562.4569412087494,1515.3273868200913,1562.0080883098099,7333061
2021-11-25,1546.2083740234375,1549.6195900535836,1523.3616974043014,1526.0997437189671,4476260
2021-11-26,1518.6038818359375,1542.5725803901694,1511.736411257702,1528.3888959632156,4494181
2021-11-29,1522.822998046875,1536.8721137604516,1498.4054475493863,1518.020294608016,3942776
2021-11-30,1537.45556640625,1552.9409884962542,1526.1444974049753,1530.1841727328024,14808963
2021-12-01,1539.4755859375,1563.7136407678477,1537.769923125387,1539.5653345943017,5193264
2021-12-02,1569.4140625,1571.4339004182755,1536.288698723639,1539.5653465965966,5559574
2021-12-03,1558.0133056640625,1603.8860489685592,1555.3201883320971,1589.926680297916,6754012
2021-12-06,1521.880615234375,1556.5768551113895,1518.4692895209917,1553.030961200896,3991449
2021-12-07,1536.5579833984375,1548.4525839240318,1520.7134558760026,1527.087144429678,4202122
2021-12-08,1573.992431640625,1579.782699760564,1555.3650364192983,1555.724140653463,3029169
2021-12-09,1583.05908203125,1588.4004967272194,1563.8033384876364,1579.0643354763217,2082171
2021-12-10,1579.288818359375,1583.3284941772615,1567.394217340042,1579.962097662356,1823469
2021-12-13,1566.182373046875,1590.1510729588513,1560.930816277759,1586.2910039483113,4040584
2021-12-14,1572.915283203125,1582.6553694878078,1535.3911358845291,1553.8390344217205,4768144
2021-12-15,1556.80126953125,1569.144723607344,1545.1310947683974,1566.4965354752162,3053149
2021-12-16,1590.3753662109375,1595.7616003093601,1578.1665908378222,1582.3409441807426,4481031
2021-12-17,1634.5875244140625,1653.5740233084343,1621.9298950122225,1633.824496428529,18887243
2021-12-20,1614.8829345703125,1642.4873870491053,1604.469569535608,1617.3964449810487,5773891
2021-12-21,1626.28369140625,1649.983144782225,1616.7680325096776,1616.7680325096776,5353584
2021-12-22,1638.0435791015625,1642.0384352948865,1626.956935405642,1638.3129346501346,4156428
2021-12-23,1667.5782470703125,1671.1690702162794,1640.108471920312,1643.9237215129017,4112933
2021-12-24,1672.8743896484375,1683.8712832750505,1664.3461864277988,1681.3576637556862,3780347
2021-12-27,1675.25341796875,1682.7492382175476,1656.3118507008678,1669.7325063134908,2647733
2021-12-28,1694.8685302734375,1701.9604279258667,1686.2505766124211,1688.3152341779669,3340933
2021-12-29,1692.669189453125,1700.0752621912457,1684.4551595905639,1690.828848757635,3236635
2021-12-30,1699.2222900390625,1714.4384680998746,1682.6147338295473,1691.7264690178984,4584738
2021-12-31,1694.6439208984375,1704.1595793216295,1680.1908811668404,1696.6637587064213,4619420
2022-01-03,1704.249267578125,1718.253563550426,1694.6438608427336,1694.6438608427336,3329616
2022-01-04,1704.8780517578125,1711.610845493857,1685.891551505521,1704.2495919258429,3921999
2022-01-05,1655.9530029296875,1708.2443650547573,1651.7786491009124,1705.640996354203,6995719
2022-01-06,1631.849609375,1641.0061644901782,1615.8704026708538,1641.0061644901782,6449205
2022-01-07,1628.70751953125,1648.1876896772642,1621.9747266812612,1629.739793435008,4834389
2022-01-10,1661.4287109375,1678.6197958364205,1627.5403230742604,1629.335734351783,7857560
2022-01-11,1665.78271484375,1678.7096991495666,1660.8902624950238,1665.2441133275113,5142287
2022-01-12,1685.3975830078125,1695.7661280475315,1669.7326618149332,1677.7222647477881,5362535
2022-01-13,1702.768310546875,1716.8622469895265,1675.4331047076187,1710.1294538640775,14277630
2022-01-14,1731.988525390625,1735.2651732163426,1688.5844753336473,1689.4821810621609,7688506
2022-01-17,1741.100341796875,1754.0273268080673,1733.0209898627827,1740.2475651482325,5262464
2022-01-18,1724.2684326171875,1746.0377984851907,1715.9197247602908,1725.480313542678,3690315
2022-01-19,1676.0616455078125,1720.0043002642583,1672.2912154253556,1720.0043002642583,5747770
2022-01-20,1637.14599609375,1658.9602905001757,1629.7848524908381,1655.3694673605648,5533463
2022-01-21,1603.033203125,1623.0520862970209,1594.3255006988436,1611.3819108977614,8252758
2022-01-24,1559.1353759765625,1587.7272819323061,1551.2355216165236,1584.450634058544,7116712
2022-01-25,1545.9840087890625,1562.0080348157867,1526.548657013934,1549.978755619526,9137653
2022-01-27,1506.888916015625,1534.807544146456,1494.6801391976826,1527.8952534020755,11231734
2022-01-28,1513.71142578125,1550.8316470432278,1507.6968409545839,1509.0433996097977,10998502
2022-01-31,1558.5966796875,1570.536209998629,1539.8795367121913,1542.2584788669017,8788872
2022-02-01,1590.7794189453125,1597.9161353795928,1557.2500236065903,1585.4380043158844,5119935
2022-02-02,1604.2899169921875,1609.4069054950608,1590.7345821422696,1605.9955798264787,4253717
2022-02-03,1560.706298828125,1597.0184507985493,1556.6216940329873,1597.0184507985493,3832922
2022-02-04,1562.9954833984375,1574.530980546349,1535.2115338427761,1554.826382864696,4700077
2022-02-07,1539.5654296875,1554.8264281158893,1521.9704181220025,1546.0288675415272,4310209
2022-02-08,1541.6302490234375,1548.542540006406,1522.5090712178926,1535.0769527020025,6053401
2022-02-09,1559.584228515625,1564.701107408803,1548.5424040620683,1557.5194614769207,3867244
2022-02-10,1588.5802001953125,1592.4403790619915,1569.8630557291408,1576.0572478156403,4334630
2022-02-11,1545.2657470703125,1567.3492862638898,1537.769926089788,1562.00798096686,7551371
2022-02-14,1510.1204833984375,1542.7521732317396,1506.5745897197955,1517.1226316856573,7459637
2022-02-15,1560.4371337890625,1568.0676332207938,1517.5267519749755,1525.2021805307736,4669915
2022-02-16,1555.993408203125,1575.8775027443555,1550.2031404107388,1560.4370077977667,5350642
2022-02-17,1548.36279296875,1570.0872264830289,1544.3231174289137,1565.5986981054332,3937950
2022-02-18,1532.3387451171875,1546.2981129893628,1529.2417041958663,1535.076791414694,5602215
2022-02-21,1553.6593017578125,1559.5842473898958,1518.469280099005,1526.997484746324,5120890
2022-02-22,1556.9359130859375,1571.8827354279815,1518.0653206725158,1526.009994477481,8878515
2022-02-23,1564.5665283203125,1578.3912195278601,1556.0832523614588,1570.9851466934483,5478811
2022-02-24,1506.4849853515625,1539.5204924970208,1499.6175141781305,1517.2125256514232,13592379
2022-02-25,1521.252197265625,1551.3702701049137,1505.4525974086314,1539.5654171471692,9737281
2022-02-28,1540.10400390625,1551.2805065421107,1494.6801136600138,1510.1206091390077,15076542
2022-03-02,1528.6134033203125,1539.0267681608032,1518.0204315789038,1535.0768409224868,6771489
2022-03-03,1544.8170166015625,1556.532121220316,1531.0821834995784,1544.233485910162,7344147
2022-03-04,1547.016357421875,1558.4171765738909,1509.043360495801,1521.8356673887606,9074499
2022-03-07,1561.8734130859375,1571.8828546653579,1522.5090357009976,1523.4067415003497,9742588
2022-03-08,1596.3004150390625,1615.8704453774808,1542.66249331056,1542.66249331056,10984500
2022-03-09,1627.854736328125,1644.2378666327916,1607.7910342826165,1607.7910342826165,10193515
2022-03-10,1639.12109375,1656.0428266961933,1625.027046496264,1656.0428266961933,6547182
2022-03-11,1635.6199951171875,1644.0584516957992,1625.7452311510574,1628.4383485963656,4758657
2022-03-14,1697.292236328125,1701.1524149287986,1644.1930282991682,1644.1930282991682,10289724
2022-03-15,1651.1500244140625,1695.1824202242353,1642.8013181443082,1695.1824202242353,7140443
2022-03-16,1696.1251220703125,1700.209617136358,1659.857790930526,1674.2210817119692,5233979
2022-03-17,1664.8851318359375,1726.557585196572,1645.539637862284,1726.557585196572,17731459
2022-03-21,1663.49365234375,1693.880969488696,1652.766003084631,1670.6303690877041,8362085
2022-03-22,1694.3297119140625,1696.6637247510457,1650.8807353530017,1660.7554977721877,5709382
2022-03-23,1680.8643798828125,1705.6410383121752,1667.0396884977417,1702.9479208832613,6192824
2022-03-24,1693.7015380859375,1700.7934360280046,1666.2766908514945,1666.2766908514945,3784303
2022-03-25,1684.58984375,1700.2547659493473,1667.937357515252,1698.4593543696753,3438588
2022-03-28,1682.2109375,1688.494878163367,1663.1346890576358,1675.11903969184,4008555
2022-03-29,1693.072998046875,1696.125219429775,1670.2264311695085,1682.2107806865477,3917785
2022-03-30,1709.1868896484375,1722.6974055786316,1701.1524666865591,1714.6180534941045,7795839
2022-03-31,1711.7901611328125,1717.3110733270107,1700.4341616533945,1705.640898756571,5399145
2022-04-01,1708.8277587890625,1714.8872723694526,1686.1606894698257,1693.8360075883895,6171518
2022-04-04,1690.3350830078125,1699.3570700816317,1681.4029541800826,1696.43952624763,7364074
2022-04-05,1670.72021484375,1696.3048297207965,1667.17432082566,1691.0982019168066,5472024
2022-04-06,1641.769287109375,1667.4885810841974,1635.7547018749615,1665.2443165066952,5407453
2022-04-07,1625.7451171875,1641.1407927539321,1622.6480761757875,1634.7671038301394,5797544
2022-04-08,1628.976806640625,1649.9831427798194,1623.0519706996265,1636.517556739723,5131446
2022-04-11,1585.8421630859375,1628.4382578043667,1582.2513400257294,1628.4382578043667,8248407
2022-04-12,1564.207275390625,1577.7177902011679,1551.0110452461267,1577.7177902011679,6456184
2022-04-13,1569.6837158203125,1577.7181398971609,1554.826639147586,1575.428945988907,6257693
2022-04-18,1455.5400390625,1481.2144000805872,1427.352058259475,1441.266496563262,30523965
2022-04-19,1402.2161865234375,1469.2299333593967,1391.4437190213368,1469.2299333593967,17044923
2022-04-20,1425.2874755859375,1433.007833244966,1403.1141858362757,1413.886655593176,10678747
2022-04-21,1453.2060546875,1460.7466950238763,1426.6788069866927,1431.8406148458548,7766514
2022-04-22,1423.2677001953125,1445.9347729738438,1420.5297630947769,1440.2343627263847,8134245
2022-04-25,1401.4085693359375,1411.9117934470682,1395.1246284360798,1411.9117934470682,7000570
2022-04-26,1419.272705078125,1429.1474677320525,1406.3009016069334,1415.861379600755,5345435
2022-04-27,1393.9576416015625,1411.8668288833383,1391.7581965918794,1411.8668288833383,8819356
2022-04-28,1420.7091064453125,1437.9451226972992,1398.131784782489,1409.3980358449844,9245177
2022-04-29,1407.1986083984375,1433.9053528696272,1401.1390949469912,1427.352057451814,9831395
2022-05-02,1383.3643798828125,1393.9124210662148,1374.3873235565125,1392.2516875624908,7072627
2022-05-04,1378.471923828125,1409.3978389449398,1373.624291510017,1388.9750358646868,6220959
2022-05-05,1422.9981689453125,1426.8134180541488,1398.1316560624994,1400.465778478004,6144870
2022-05-06,1385.025146484375,1402.0815539119405,1378.0231081324582,1391.443763827706,6171472
2022-05-09,1409.712158203125,1424.4794830755254,1366.4427862489936,1382.4668114652425,6832202
2022-05-10,1394.136962890625,1408.6349319744825,1387.8979520606213,1398.6254914253664,6212545
2022-05-11,1370.5723876953125,1391.3991192964597,1356.9721223376418,1391.3991192964597,7846080
2022-05-12,1354.4583740234375,1371.2454264087073,1350.4186984628227,1359.126399726863,7034979
2022-05-13,1350.5086669921875,1372.8166348589282,1344.8530764532477,1363.8845057206029,6723761
2022-05-16,1336.7735595703125,1357.196364606125,1327.3925786728635,1355.5356309484275,6145331
2022-05-17,1363.1212158203125,1369.0012321589384,1329.4124315587235,1341.9803117228055,6516378
2022-05-18,1354.8175048828125,1391.1745885847754,1351.3165400447583,1366.3081825774632,6594126
2022-05-19,1281.1607666015625,1332.8236661016863,1272.6325620859147,1329.502198702564,16561140
2022-05-20,1306.2965087890625,1316.709873291496,1298.7108296562692,1304.3664195619865,10488908
2022-05-23,1318.191162109375,1335.7861731182122,1301.718283302418,1306.2516316480803,5887569
2022-05-24,1293.593994140625,1319.2235373026542,1288.4321860446441,1318.3706510846894,5693167
2022-05-25,1266.1690673828125,1294.9405813245614,1256.114806529215,1288.2077880074494,9630092
2022-05-26,1278.2880859375,1283.7192496732532,1263.1169461079405,1272.946780445226,13040065
2022-05-27,1311.8621826171875,1316.9342416608813,1290.3621752658935,1296.2420817605998,8284860
2022-05-30,1370.6170654296875,1373.4896797501283,1333.0929244633599,1334.8883358094386,10904213
2022-05-31,1364.0850830078125,1377.148968893097,1350.0686901713195,1370.526271451383,16033857
2022-06-01,1341.359619140625,1374.2006803920185,1335.50802974436,1372.613057886202,8738508
2022-06-02,1368.076904296875,1373.3840770354834,1338.6831873873698,1346.303797066686,7205840
2022-06-03,1380.5057373046875,1410.715969239275,1377.1490940869578,1383.408884845195,9395707
2022-06-06,1388.0810546875,1394.0232323627165,1354.4687745578685,1375.334669946235,6624883
2022-06-07,1366.8975830078125,1378.8274543628195,1363.1780324002411,1378.8274543628195,4904592
2022-06-08,1360.819091796875,1379.144744602243,1353.5613899739583,1379.144744602243,4697608
2022-06-09,1374.4276123046875,1376.196633250741,1344.0359786332638,1347.2112239422186,4361061
2022-06-10,1339.7718505859375,1355.3304608518883,1336.8687033026622,1348.208862822303,6516436
2022-06-13,1292.32470703125,1309.6524503470807,1280.712338233923,1309.6524503470807,6987685
2022-06-14,1306.8856201171875,1314.4608258731198,1272.9558346588265,1279.1702210306835,6090247
2022-06-15,1290.238037109375,1312.1926539494157,1287.1988962903904,1306.5678679807882,4651958
2022-06-16,1267.5577392578125,1309.7885413741665,1262.8402767742612,1304.5720675297325,6641772
2022-06-17,1258.576416015625,1267.3309313181774,1240.2960551585052,1261.9784641623437,9692047
2022-06-20,1282.935302734375,1290.374405133327,1253.7683822574172,1261.0714912996252,4595194
2022-06-21,1315.367919921875,1320.9018961015715,1290.737069147329,1291.8710851982403,6270787
2022-06-22,1303.8917236328125,1324.167909536378,1301.850494634257,1302.8031124644206,6253366
2022-06-23,1317.6812744140625,1322.7163500853471,1300.036028581826,1306.2051203282867,6254281
2022-06-24,1307.384521484375,1331.334964805784,1296.3165681187597,1322.7164420353206,6114340
2022-06-27,1337.77587890625,1346.3037007769008,1329.2027628450262,1331.833701929255,4511097
2022-06-28,1342.81103515625,1350.1594366168376,1318.1801857243508,1332.6955903847702,4412178
2022-06-29,1327.479248046875,1339.9534251599073,1321.8091675409512,1328.7946624267454,5060038
2022-06-30,1326.2545166015625,1344.4894731370582,1319.9947256507555,1329.1122592903828,9165177
2022-07-01,1342.1307373046875,1347.2111072100613,1308.5184562919433,1319.0875083390094,4651635
2022-07-04,1349.9327392578125,1353.7883939230314,1326.345204835297,1342.901839574178,4800224
2022-07-05,1339.0008544921875,1369.846093530671,1335.4174077837515,1359.7307581468851,7379669
2022-07-06,1353.2440185546875,1360.8192234162877,1333.602838947962,1344.6707910009138,5209162
2022-07-07,1359.639892578125,1373.4748889332016,1356.9182539508968,1363.5863571826133,3323472
2022-07-08,1373.9285888671875,1376.1966212108844,1360.7740012737456,1374.4276002803076,3652582
2022-07-11,1336.4605712890625,1360.7285139218584,1330.3368848303196,1356.2831490104652,4702638
2022-07-12,1305.116455078125,1332.3328420632538,1302.7577236881664,1326.163860792882,4710356
2022-07-13,1310.4237060546875,1324.530911775558,1305.1165324268063,1315.4587822428487,5264025
2022-07-14,1296.2711181640625,1318.134926705403,1282.799028870994,1316.3659058640824,6157606
2022-07-15,1297.6319580078125,1311.8298621361157,1279.7599080562986,1311.8298621361157,5620018
2022-07-18,1351.6563720703125,1355.0130151308297,1313.6895385614898,1315.4585592229448,5835171
2022-07-19,1346.4398193359375,1348.8892494530244,1333.6934359551399,1335.0089608832923,3418540
2022-07-20,1374.69970703125,1384.225442171951,1360.8193058144393,1361.953321902618,5079392
2022-07-21,1390.66650390625,1392.9798300677912,1363.631518545163,1376.2417984383378,5008061
2022-07-22,1366.5347900390625,1397.1078194529648,1353.6977057829995,1391.664542234317,7020642
2022-07-25,1364.0850830078125,1376.3778601962865,1342.7655831599945,1342.7655831599945,7859626
2022-07-26,1316.501953125,1357.780137915972,1310.9225719330734,1357.780137915972,7268273
2022-07-27,1334.5552978515625,1336.324318333939,1310.9223625203947,1316.3656387661542,4517285
2022-07-28,1376.604736328125,1383.0005201751158,1351.6109791825675,1357.5532673695334,6636841
2022-07-29,1405.90771484375,1411.35099196503,1386.2212402192902,1390.5759062138168,7009465
2022-08-01,1407.132568359375,1418.8809307454737,1395.202696952757,1418.8809307454737,2983249
2022-08-02,1400.3736572265625,1403.4582028981656,1386.5386620137654,1403.050001435288,4374635
2022-08-03,1420.7860107421875,1424.3241629773152,1397.017078561979,1405.2726932814403,6011955
2022-08-04,1451.449951171875,1455.033397854832,1428.814922709787,1440.2004889831908,7402209
2022-08-05,1466.645751953125,1474.8559622239864,1453.6272690310873,1459.161245553542,5361971
2022-08-08,1469.1405029296875,1471.499234177275,1447.9117002138908,1466.963169953547,3763409
2022-08-10,1453.7633056640625,1470.7735479878663,1440.744822354331,1470.7735479878663,4423829
2022-08-11,1469.6392822265625,1479.9815299516408,1466.05583608314,1478.756814861088,3462090
2022-08-12,1446.1878662109375,1464.2414226287779,1442.6044200379383,1463.6064179821378,3562286
2022-08-16,1448.3199462890625,1459.7055121386732,1443.4663795689878,1459.7055121386732,3004430
2022-08-17,1457.210693359375,1462.4271674367703,1437.9324195950876,1448.319962808223,4067324
2022-08-18,1436.072509765625,1449.9075054695088,1427.9529992074047,1446.187955002789,4635706
2022-08-19,1448.9095458984375,1455.9858500611736,1438.0229922596134,1438.2045012665105,4739884
2022-08-22,1429.449951171875,1450.633349099086,1427.9530278186126,1438.8395820332398,3950555
2022-08-23,1399.2850341796875,1410.262286827083,1390.757211776081,1404.3654036721289,5551574
2022-08-24,1394.839599609375,1402.5509079649391,1388.942716749238,1392.5715677400915,2888426
2022-08-25,1377.28515625,1405.0004412820567,1373.2933977181217,1404.3654366095145,4331088
2022-08-26,1380.369873046875,1401.5985669386262,1376.650211452045,1392.7079467023948,3079136
2022-08-29,1326.118408203125,1332.2874999956043,1315.458657016953,1332.2874999956043,8079050
2022-08-30,1354.42333984375,1357.281082385042,1329.9739985606177,1336.4151874553734,6725875
2022-09-01,1328.3409423828125,1331.8790944646682,1316.4111826136234,1324.576097843867,8140604
2022-09-02,1318.18017578125,1340.8604953920767,1313.6441118590847,1340.8604953920767,5175653
2022-09-05,1325.7100830078125,1330.8811515691712,1312.1471854668405,1316.3657470530793,3669352
2022-09-06,1320.0853271484375,1333.602820058323,1311.330701453046,1325.7101129718044,3428442
2022-09-07,1322.3988037109375,1329.7472054847017,1304.6174543928623,1306.386475113744,3600574
2022-09-08,1338.955322265625,1343.6727842765545,1327.7965611231937,1338.1388086404177,4061475
2022-09-09,1371.38818359375,1378.9633879511803,1342.6748777419386,1349.9325797837869,4816910
2022-09-12,1393.6602783203125,1402.4603090481628,1380.0067919378967,1384.2253536649393,5494819
2022-09-13,1401.598388671875,1408.9014961011296,1398.2871505052733,1407.903584157342,4947158
2022-09-14,1338.501953125,1359.8667507661016,1335.4174070740382,1358.0977298843989,14332197
2022-09-15,1299.8546142578125,1338.3203504578364,1296.45256607429,1338.138952185551,12784100
2022-09-16,1249.277587890625,1292.7784028322828,1241.3847690902326,1292.7784028322828,20464045
2022-09-19,1261.298095703125,1275.541293444799,1252.498064430117,1262.840313282475,6595241
2022-09-20,1259.71044921875,1282.3907705057266,1256.5804984348933,1277.3102899424387,7219797
2022-09-21,1249.4588623046875,1259.9372147231684,1241.4300509581421,1251.8629984379054,7917054
2022-09-22,1241.0218505859375,1255.5372570833497,1233.809552280041,1239.5703320849489,9168498
2022-09-23,1238.75390625,1265.3806955287248,1235.624065799338,1240.6137371370007,10426200
2022-09-26,1252.1806640625,1269.5991082634534,1229.2735372611394,1233.80960197428,9414587
2022-09-27,1264.246337890625,1275.994698388099,1250.1391357119094,1264.1555280230843,8561254
2022-09-28,1265.28955078125,1275.4049948738773,1249.2319297507952,1251.0463552115807,7022098
2022-09-29,1268.873291015625,1279.0340307679621,1263.7475161988737,1274.5433714005803,6119965
2022-09-30,1282.300048828125,1287.607332969342,1248.324969500773,1260.0733324380312,8120130
2022-10-03,1264.4278564453125,1280.98449026065,1257.3969571538678,1280.98449026065,4943169
2022-10-04,1296.7701416015625,1299.3556762181945,1282.7990407907328,1287.9701100239968,6631341
2022-10-06,1320.130859375,1324.3494214633474,1310.106112640393,1310.922626390357,6180672
2022-10-07,1316.5472412109375,1322.580228801138,1306.5226056830536,1312.1472810452483,3994466
2022-10-10,1326.9346923828125,1329.0666201024885,1294.0028267134942,1294.0028267134942,5274677
2022-10-11,1291.6898193359375,1342.3576395357559,1288.3330650348933,1326.9350196624216,12824774
2022-10-12,1296.135009765625,1307.3844717340612,1282.3908230970678,1303.6649210392081,5481467
2022-10-13,1288.151611328125,1304.5267376311374,1283.7062459953604,1298.2216523105023,4821514
2022-10-14,1337.4586181640625,1355.3760729436046,1331.1081278624524,1347.2111568415348,14990688
2022-10-17,1351.7017822265625,1356.2832515544005,1338.5926004471692,1339.8627206241326,4286396
2022-10-18,1364.17578125,1370.7530737519746,1358.3243032526377,1369.8912659285243,4692004
2022-10-19,1347.619384765625,1365.310036666888,1343.8545397508806,1364.448228692281,3553171
2022-10-20,1361.635986328125,1364.4483244225287,1337.4133332714352,1338.1391479542751,4583939
2022-10-21,1361.2728271484375,1366.26249762449,1352.9718077531638,1361.0914288831727,3594485
2022-10-24,1377.0130615234375,1380.5966188815135,1370.7986753820724,1377.602772050084,982837
2022-10-25,1384.678955078125,1390.6665374705215,1379.9160878294856,1386.3118716885508,3914341
2022-10-27,1397.65625,1407.6988621560834,1387.1551861000603,1403.9386622242373,6760137
2022-10-28,1387.8428955078125,1401.3246221215236,1382.1108498465378,1399.5362686568128,3053981
2022-10-31,1410.220947265625,1418.245811891941,1403.4341822194212,1403.4341822194212,4542336
2022-11-01,1442.6414794921875,1444.475734393004,1418.8878561358067,1424.3448316381566,4542692
2022-11-02,1424.5740966796875,1442.412180597886,1416.9618941495685,1441.7243350182016,2938906
2022-11-03,1403.892822265625,1415.9530704364693,1395.546984991158,1411.2298417515794,3174027
2022-11-04,1388.5308837890625,1394.4463107382567,1376.7458190882635,1394.4463107382567,4509682
2022-11-07,1382.5235595703125,1401.2788807869697,1367.528549999092,1395.3175530956448,4898592
2022-11-09,1385.9627685546875,1402.2876797188958,1376.6998049643528,1402.2876797188958,3334755
2022-11-10,1377.4793701171875,1386.6965447098637,1361.9341064114733,1361.9341064114733,3435763
2022-11-11,1439.9818115234375,1443.1000672976652,1418.475217234108,1418.475217234108,7214098
2022-11-14,1453.922119140625,1459.516573917289,1438.468432811522,1444.613253594111,4908813
2022-11-15,1461.901123046875,1465.4320412606673,1442.4121651643493,1447.089492665349,3497614
2022-11-16,1469.971923828125,1475.658069244969,1461.4425937488243,1464.7901313371106,4497697
2022-11-17,1455.84814453125,1469.9719297297695,1451.7668601838732,1464.8359264182825,3469515
2022-11-18,1461.3509521484375,1465.5697161746532,1444.934347830517,1459.79176825668,3126064
2022-11-21,1438.2391357421875,1456.2607114407933,1434.4331466169938,1450.9872289206992,3071764
2022-11-22,1453.6927490234375,1456.3982299208378,1432.552918851605,1438.9728102933216,3399329
2022-11-23,1451.9503173828125,1460.0668727709146,1448.4193991579355,1457.2238001205214,3245067
2022-11-24,1494.7342529296875,1500.4203979201461,1453.4176195623174,1457.3154109383324,5282215
2022-11-25,1500.0994873046875,1507.7574788728768,1480.0602755632722,1496.201695768672,4563255
2022-11-28,1488.8646240234375,1516.4701360105687,1485.7463685135297,1493.0833876173003,3825766
2022-11-29,1494.0462646484375,1502.9423546280163,1481.2064825188925,1486.8467258197302,3131710
2022-11-30,1499.45751953125,1509.3625410366662,1479.4642077611848,1485.7006074148594,11868134
2022-12-01,1519.7718505859375,1533.9873258325365,1515.3697060690874,1518.946413503393,5407928
2022-12-02,1502.1629638671875,1524.0823307242517,1498.540243529846,1518.7629471181933,4283343
2022-12-05,1503.859619140625,1508.5369463809327,1488.77291854345,1502.2546462279884,3824966
2022-12-06,1479.2347412109375,1491.2490872351268,1474.328132226153,1490.3319598752034,4822398
2022-12-07,1472.447998046875,1489.2314737623112,1464.3772323790536,1474.7408164804579,4898087
2022-12-08,1485.884033203125,1489.3232610774244,1466.0282018846967,1472.4480939167222,4206837
2022-12-09,1439.2481689453125,1493.0835061100495,1431.7276565946954,1493.0835061100495,8880658
2022-12-12,1418.9793701171875,1436.1755076749384,1403.2507258609144,1421.5473714407533,8037679
2022-12-13,1441.86181640625,1446.7684254424607,1413.4308679506453,1418.9794213639211,6135067
2022-12-14,1448.5111083984375,1456.8569457535275,1442.6414703621647,1450.895617363601,4976020
2022-12-15,1412.834716796875,1439.8899742752963,1408.0197980930882,1439.2480298964012,6443866
2022-12-16,1396.05126953125,1421.0888920823663,1386.7425160776045,1398.6192710071691,9630453
2022-12-19,1382.4320068359375,1391.1906185589476,1371.151406638808,1382.9822609021824,6222740
2022-12-20,1382.38623046875,1390.3651943884424,1359.5955240977712,1376.6082828344672,7396259
2022-12-21,1384.44970703125,1394.9507709461102,1377.8463225999167,1389.4480065636799,6236361
2022-12-22,1395.913818359375,1403.159035330933,1386.467361260263,1395.4093535025568,6302640
2022-12-23,1373.0313720703125,1384.7706472634532,1369.2711722199242,1383.6700272399569,6283822
2022-12-26,1377.8922119140625,1384.7706673330085,1372.3435464278352,1376.1496474837907,4115459
2022-12-27,1389.310302734375,1395.3633206748425,1373.398166072519,1384.816356461264,4860076
2022-12-28,1385.0,1398.5734186856855,1374.3154431330508,1380.368461733021,5029860
2022-12-29,1391.78662109375,1395.2258485730229,1376.6081190369514,1379.3595010203696,4624745
2022-12-30,1383.21142578125,1403.5717201426937,1379.4054368384104,1401.370592109832,5060544
2023-01-02,1397.7021484375,1399.9949669224698,1379.4055017090532,1388.5308744976214,3801140
2023-01-03,1396.372314453125,1405.6352784494222,1389.5396484110163,1393.8960033950495,4551130
2023-01-04,1370.9222412109375,1394.9509370945927,1367.5288022651728,1394.9509370945927,7059590
2023-01-05,1352.9462890625,1381.1021672768188,1347.489425840876,1381.1021672768188,9868404
2023-01-06,1328.4591064453125,1352.7629837810398,1326.6248515520501,1348.1773465478836,6443714
2023-01-09,1361.4298095703125,1365.9237565030876,1328.1839392343245,1328.1839392343245,11498717
2023-01-10,1347.947998046875,1360.9253731659428,1333.5491426282238,1359.182808712685,7158624
2023-01-11,1349.32373046875,1370.1883794870434,1342.6745566057775,1348.1773211820307,6173092
2023-01-12,1357.8988037109375,1361.9341866547945,1334.4203647021723,1359.136903308,6591385
2023-01-13,1379.03857421875,1393.4833301069489,1346.342961515927,1360.5584355646306,11610426
2023-01-16,1399.077880859375,1401.370699412078,1377.8005694719036,1384.8624058326163,6073063
2023-01-17,1411.91748046875,1414.3936794008594,1397.702007297418,1400.4533892015468,5922644
2023-01-18,1417.3287353515625,1423.24416242099,1412.0093515411083,1416.7325801385587,5843098
2023-01-19,1411.367431640625,1421.1348612109173,1399.6740568482828,1412.2845590753184,6165284
2023-01-20,1399.1236572265625,1416.9617391940312,1397.7020650690638,1410.541847819042,6496429
2023-01-23,1419.71337890625,1424.5741994683594,1401.4625191509494,1407.790721331456,4855020
2023-01-24,1423.2900390625,1438.7895145635266,1421.3181927553053,1430.7187486357645,5200802
2023-01-25,1415.12744140625,1427.0500964537428,1411.2296503330313,1418.7959506516324,4158617
2023-01-27,1393.254150390625,1422.4187353397176,1382.477903144469,1417.8789993665666,6209955
2023-01-30,1411.2757568359375,1416.0447747672706,1394.0337160921317,1402.104482387963,6964719
2023-01-31,1406.644287109375,1420.5387909669846,1387.6138917010494,1420.5387909669846,9448126
2023-02-01,1422.556396484375,1426.1791171637,1401.4166754709465,1414.39393960966,6194199
2023-02-02,1452.5006103515625,1455.4353734330107,1423.3818135852407,1423.3818135852407,6916834
2023-02-03,1466.853515625,1471.668434244157,1442.6413310350065,1465.1109512577386,7040194
2023-02-06,1439.75244140625,1465.569600374364,1432.186140277909,1465.569600374364,4570612
2023-02-07,1432.919921875,1445.4387337102248,1426.2248468410608,1438.972940534242,4336238
2023-02-08,1458.691162109375,1470.1552548640857,1435.7629765999538,1435.7629765999538,7983338
2023-02-09,1482.9949951171875,1485.5170954490195,1454.6099470732718,1463.9187005529932,6904911
2023-02-10,1475.2452392578125,1482.3529761992756,1464.1479087924397,1479.2805100226515,4786762
2023-02-13,1437.55126953125,1464.6524284395919,1436.2214796095184,1464.6524284395919,4001199
2023-02-14,1461.213134765625,1463.7352349511611,1447.3645343194853,1453.3716512253498,5043736
2023-02-15,1464.6983642578125,1466.48671791268,1445.3927876362625,1452.7298068628425,3465747
2023-02-16,1469.0545654296875,1480.6561363023575,1465.4318453938986,1467.4036914951487,4290289
2023-02-17,1452.5465087890625,1462.8182915089533,1444.934306126869,1461.9011640534618,2857734
2023-02-20,1460.4794921875,1470.1552310976708,1451.3541192838827,1453.6010366458702,2417716
2023-02-21,1448.6026611328125,1468.917054491703,1445.3927153816476,1466.211461614736,2723288
2023-02-22,1432.3695068359375,1444.475542793936,1426.4081791990102,1433.4700148488394,3656244
2023-02-23,1422.189453125,1439.7524657040512,1419.850845363736,1439.7524657040512,4766854
2023-02-24,1422.1434326171875,1438.9726957373991,1416.961641118089,1430.7185502551577,2790986
2023-02-27,1384.220458984375,1412.3762259804244,1377.5253840406476,1412.3762259804244,4920268
2023-02-28,1364.27294921875,1397.7021991611691,1358.5409027983055,1389.9983063812856,9679811
2023-03-01,1372.0684814453125,1376.4706257604705,1358.7242330919914,1368.7209440691638,5125043
2023-03-02,1350.1490478515625,1365.2357479456998,1345.701002604229,1361.9341118834534,4644499
2023-03-03,1356.70654296875,1366.336380209989,1350.9285958423973,1363.539096991639,4615015
2023-03-06,1382.5235595703125,1394.400425758518,1369.4087058218104,1370.6927064845922,6561742
2023-03-08,1368.9959716796875,1372.02253676298,1358.3573166463943,1367.0242374099919,4137080
2023-03-09,1357.71533203125,1374.1777229481327,1352.3959486952547,1371.10536876011,5104656
2023-03-10,1349.598876953125,1352.1209773156488,1336.850783639018,1339.0060106489143,3699580
2023-03-13,1316.1695556640625,1355.7895279106722,1309.6579732857313,1342.8579415523982,8798403
2023-03-14,1302.32080078125,1328.3213380398465,1294.0666548608056,1321.5804745956207,7402784
2023-03-15,1301.9998779296875,1323.277187882345,1299.4318765422183,1318.829142580857,7556182
2023-03-16,1287.7386474609375,1300.3033608672233,1282.7861367735707,1300.3033608672233,7323117
2023-03-17,1302.962890625,1323.3231866747517,1294.4336727271848,1311.4922204768466,9090018
2023-03-20,1287.3258056640625,1302.0456322126888,1270.0837669911443,1302.0456322126888,8221829
2023-03-21,1275.448974609375,1288.5639406373286,1274.8070302390654,1283.0611764780233,8536755
2023-03-22,1274.1192626953125,1290.6275561835369,1267.60768043243,1286.7297646654838,8356487
2023-03-23,1260.6375732421875,1269.258481654683,1256.4645985893467,1269.258481654683,7607718
2023-03-24,1266.2318115234375,1283.0151737075835,1263.3428381778178,1272.9726746938736,7559127
2023-03-27,1273.8441162109375,1280.0806276002397,1260.2247960834827,1271.3679168983215,4170193
2023-03-28,1263.4345703125,1282.1439899820111,1261.8295975067285,1276.7329164174637,6633366
2023-03-29,1268.8916015625,1274.715337897841,1251.466181751986,1264.7186272999518,8813966
2023-03-31,1309.6119384765625,1311.4461931539086,1278.3838197671578,1287.6467834969515,8711975
2023-04-03,1293.92919921875,1316.077848821429,1288.7016177019077,1316.077848821429,5242764
2023-04-05,1305.57666015625,1309.1992683413307,1283.97826667451,1283.97826667451,7506334
2023-04-06,1304.0635986328125,1310.0249273096344,1293.4707313562287,1298.6525240584278,6948465
2023-04-10,1309.291015625,1315.160653204444,1297.7352331131717,1305.9434783219242,4993788
2023-04-11,1289.6187744140625,1314.564596044306,1273.8900163996034,1310.4834237107443,6942255
2023-04-12,1309.93310546875,1312.8678683565352,1283.9783553609145,1295.946912669283,5831169
2023-04-13,1274.0733642578125,1294.1126879036105,1268.3872190480308,1292.9203774786417,11267238
2023-04-17,1154.021484375,1156.6352751470652,1087.071182308468,1146.6844649704485,53171705
2023-04-18,1154.984375,1164.7059031013866,1149.2523287192262,1164.7059031013866,12430884
2023-04-19,1130.0843505859375,1150.3987451220048,1127.5164610086156,1150.3987451220048,11307230
2023-04-20,1122.0137939453125,1135.2662413976043,1120.1795389648407,1128.7087574516104,8621249
2023-04-21,1125.6363525390625,1131.047426880891,1118.8954881773257,1126.324198126057,8691352
2023-04-24,1124.6734619140625,1128.0667887734735,1117.0612591269032,1126.2325338323785,8313774
2023-04-25,1123.389404296875,1133.110932602619,1114.3098204064606,1124.3523209198693,6808576
2023-04-26,1125.8197021484375,1130.818001330537,1119.3998108189048,1126.232364666585,5680192
2023-04-27,1142.969970703125,1144.3915628906238,1123.8478876663187,1128.0666511252507,8020704
2023-04-28,1148.931396484375,1154.6634429645405,1141.7777576955154,1151.6368776414001,10118277
2023-05-02,1171.584228515625,1173.6936660942754,1150.5821028387063,1150.5821028387063,8886401
2023-05-03,1163.97216796875,1167.0445221194786,1157.5063755400363,1161.0831945015796,5549783
2023-05-04,1168.007568359375,1170.0711048738817,1157.8732664731895,1163.788693033167,4505401
2023-05-05,1154.7550048828125,1173.0058612365624,1150.3069596997327,1173.0058612365624,5373791
2023-05-08,1160.71630859375,1165.026874150822,1151.1781621177383,1157.8273351579073,5260842
2023-05-09,1165.3936767578125,1166.5859870922673,1156.2224032743827,1161.0832230022093,4969897
2023-05-10,1158.561279296875,1170.6215279475311,1154.8010790515318,1170.6215279475311,6515734
2023-05-11,1152.0037841796875,1170.162952733371,1149.20661258924,1164.9811601752815,6888461
2023-05-12,1142.0068359375,1151.9118552707967,1136.3665927698858,1149.4814456057363,8292212
2023-05-15,1154.0672607421875,1163.7429997559711,1142.419787348579,1146.3175788639087,5534710
2023-05-16,1159.524169921875,1168.3743594123644,1158.1025777274938,1160.1661142944206,5236469
2023-05-17,1143.566162109375,1156.4517347340925,1139.48487806171,1156.1307625392042,10465667
2023-05-18,1142.74072265625,1155.2595338626716,1139.4848756551935,1154.2965053260136,6948732
2023-05-19,1163.7430419921875,1167.778425157087,1148.9773124596102,1151.9579766677468,11094136
2023-05-22,1185.6624755859375,1188.2303654109237,1164.9812057001773,1167.457405166064,7625947
2023-05-23,1192.3116455078125,1205.2431208057392,1189.5602630208477,1191.5319975732739,7436031
2023-05-24,1191.027587890625,1196.8513248198226,1184.2867235094584,1188.8723607693044,4824077
2023-05-25,1196.255126953125,1198.6855370050355,1182.4065253127328,1187.2214442639772,4334121
2023-05-26,1208.269287109375,1213.7720507750516,1197.7682245623137,1197.7682245623137,5521606
2023-05-29,1205.472412109375,1222.255778238723,1201.2994371898862,1222.255778238723,4419365
2023-05-30,1214.1390380859375,1216.4777576450638,1200.6573106206852,1206.0224833077132,6274719
2023-05-31,1209.049072265625,1220.7882355808035,1205.24297124017,1210.4705525350664,17800782
2023-06-01,1210.1495361328125,1219.3208096161989,1208.8655354543341,1212.9468193268542,4277841
2023-06-02,1207.361328125,1220.28076764581,1204.619482886525,1216.6558726063317,10909311
2023-06-05,1212.47314453125,1217.0738979713722,1205.7811188985672,1212.0084173773478,5002553
2023-06-06,1188.772216796875,1197.6949566393228,1183.195490212996,1197.6949566393228,10008100
2023-06-07,1198.020263671875,1202.7140540111552,1192.025327874271,1199.4609634477556,5397578
2023-06-08,1192.30419921875,1200.8551346703464,1190.7240585978548,1195.4642535429527,5034942
2023-06-09,1176.6427001953125,1192.0252152176977,1174.83030957908,1192.0252152176977,5339073
2023-06-12,1200.80859375,1204.2940478285252,1183.1954778567024,1183.6602050671725,4785588
2023-06-13,1212.7984619140625,1214.3320842529808,1205.548786202746,1208.1977083560882,4846587
2023-06-14,1208.6624755859375,1214.5179699939283,1201.970336101225,1214.1926836588375,3457981
2023-06-15,1196.02197265625,1202.6674808789603,1192.1647141872293,1202.6674808789603,6161155
2023-06-16,1200.5299072265625,1209.685011204309,1190.6777123856557,1196.2079211832083,8536287
2023-06-19,1202.7139892578125,1207.8259884393565,1196.2543265846496,1202.7139892578125,4451787
2023-06-20,1211.450927734375,1212.9380321318201,1200.018592852604,1202.7140333935445,4009180
2023-06-21,1207.6866455078125,1211.822785983513,1203.6435412463507,1208.244295499256,4041529
2023-06-22,1191.1422119140625,1198.4384055285493,1183.6600593630037,1198.4384055285493,6676607
2023-06-23,1175.7598876953125,1189.0975364568558,1174.2262651500378,1186.402095840736,7239467
2023-06-26,1180.732421875,1184.1249532633137,1173.2038636237187,1180.6394991230175,3403244
2023-06-27,1188.91162109375,1191.5605434478787,1184.3107537282526,1189.7016346437479,3240024
2023-06-28,1202.10986328125,1205.2235129272265,1191.0029282361302,1198.9962136352735,5662358
2023-06-30,1241.286376953125,1244.446544670447,1212.4267718508554,1215.9122259231685,12821692
2023-07-03,1239.6134033203125,1251.0457388883244,1234.733767265956,1236.1744671036192,7732412
2023-07-04,1250.2554931640625,1251.0455066392037,1237.4754963466114,1249.4654796889213,5797775
2023-07-05,1252.25390625,1262.1525044299242,1246.3982983908247,1262.0595816855596,5414936
2023-07-06,1249.09375,1252.3932449368162,1242.819933005186,1247.8390092927943,5963897
2023-07-07,1236.3602294921875,1250.8598092744526,1231.8523982272873,1239.8922016871068,6295647
2023-07-10,1235.3843994140625,1247.2349435988492,1226.229295814045,1242.262385005227,3940315
2023-07-11,1253.462158203125,1255.5999486675075,1233.3859662223854,1239.38090160913,6126128
2023-07-12,1239.2415771484375,1256.52940602109,1233.3859691382677,1255.6928743826675,8102770
2023-07-13,1268.798095703125,1279.6727795466309,1236.9642845867052,1240.7286200438384,9977644
2023-07-14,1325.35546875,1329.1198044888868,1283.251252109647,1283.251252109647,12833381
2023-07-17,1322.567138671875,1356.027498224912,1314.5274486018602,1325.3555019679613,11569884
2023-07-18,1371.1309814453125,1373.686980851345,1328.1902368074773,1332.8375084548093,16743977
2023-07-19,1370.8988037109375,1393.0663832409173,1357.6540777205,1381.1693208273919,13687062
2023-07-20,1347.2442626953125,1367.2275339253567,1339.0650179246122,1367.2275339253567,8347221
2023-07-21,1237.6614990234375,1254.7634832648805,1212.9380338227177,1227.065695806331,45548305
2023-07-24,1242.3087158203125,1254.670504599167,1240.1245206940966,1246.398337830829,8859789
2023-07-25,1240.44970703125,1248.117705135712,1230.82987755559,1242.6804200806673,6801982
2023-07-26,1253.6944580078125,1254.7633531856156,1244.9111599190257,1248.2571728357643,5528885
2023-07-27,1257.6912841796875,1267.5899965472738,1252.0216348505492,1262.7567654377913,9191861
2023-07-28,1245.93359375,1267.6363307852569,1241.7510490488623,1258.3417870049511,6122735
2023-07-31,1260.0611572265625,1261.7342203608282,1239.1949534409387,1253.6014951835484,7902180
2023-08-01,1268.8909912109375,1272.4229630074722,1261.2695111768735,1265.9167827729561,6064652
2023-08-02,1261.130126953125,1275.1648651116004,1253.322687629451,1272.7019018221301,7419145
2023-08-03,1268.0546875,1270.145959906921,1253.8339897494227,1254.7634441524986,6503741
2023-08-04,1281.113525390625,1288.1309519095748,1265.9169677427412,1272.3302261741662,5712345
2023-08-07,1294.72998046875,1296.5888892705716,1279.8587100541772,1289.9897857158628,3729093
2023-08-08,1292.12744140625,1295.2412043648678,1286.7366740453401,1294.5905182197114,4161877
2023-08-09,1296.0313720703125,1297.5184765723313,1284.9708408748197,1286.3650226189877,4090828
2023-08-10,1291.1051025390625,1297.3325151820761,1287.8520120932285,1293.428738571801,3873025
2023-08-11,1275.072021484375,1298.3083819497344,1270.610708350301,1293.800550711213,5783517
2023-08-14,1295.2410888671875,1296.588752222546,1269.2627730323368,1275.0718624240149,4304135
2023-08-16,1318.4310302734375,1319.7786937329943,1306.2552006588273,1311.2742769730567,7735313
2023-08-17,1311.971435546875,1319.825280033983,1306.812918118155,1319.825280033983,5618346
2023-08-18,1290.8262939453125,1309.3223454207798,1288.3632171358356,1304.6750735005544,5134103
2023-08-21,1306.2552490234375,1307.742353385992,1289.2927060601864,1291.709264831686,3032722
2023-08-22,1304.7215576171875,1306.8593480283198,1298.1224543541218,1305.6044938755163,2890714
2023-08-23,1308.625244140625,1316.665047189912,1306.4875671497327,1316.1073972557133,2559125
2023-08-24,1323.171142578125,1324.5189194126233,1314.6666128884629,1321.2193112047876,5171963
2023-08-25,1319.9180908203125,1322.148803936989,1311.8318834134902,1313.3189876716804,4307172
2023-08-28,1315.781982421875,1324.2865118289415,1311.8318017071128,1319.9180086102924,3133464
2023-08-29,1317.64111328125,1323.914930768979,1315.4569180328365,1323.5431263001694,3074444
2023-08-30,1333.90673828125,1335.3009201252273,1323.5432972159224,1326.3316609038773,3070887
2023-08-31,1334.1854248046875,1342.9688379587094,1327.865202241298,1333.9066565282626,9792735
2023-09-01,1341.99267578125,1343.9910253779606,1327.446692130181,1330.0026916597724,3582133
2023-09-04,1361.74365234375,1366.2980017078678,1333.4882151949037,1341.2027322887438,4609014
2023-09-05,1374.5701904296875,1375.639085724664,1353.7503883361237,1361.6507510555587,5496840
2023-09-06,1373.2222900390625,1378.2878843440208,1360.070601695981,1377.3584299899496,5075786
2023-09-07,1362.7659912109375,1369.4581309432015,1358.9088462312307,1366.855613248634,4411743
2023-09-08,1365.9261474609375,1370.7128602563196,1357.1892535120792,1360.25649837947,3125838
2023-09-11,1372.2928466796875,1373.7800644251438,1361.1859124430616,1365.9261069950462,4182226
2023-09-12,1395.2041015625,1397.8995422546177,1372.8971939733306,1377.9162708726535,6793161
2023-09-13,1392.64794921875,1398.8288435447748,1383.6322871056639,1398.8288435447748,4804686
2023-09-14,1400.641357421875,1405.8463931809229,1393.3916806868526,1398.8289666028186,6444213
2023-09-15,1404.9632568359375,1411.2835921776357,1402.5466980730964,1410.9117877236317,8657816
2023-09-18,1386.5601806640625,1398.7360111511314,1383.0282084042437,1398.7360111511314,3991916
2023-09-20,1385.11962890625,1389.6274607356734,1372.0607472293989,1372.0607472293989,4169337
2023-09-21,1395.80810546875,1398.4106230981856,1371.8746553500082,1381.6804443744052,6779195
2023-09-22,1390.603271484375,1400.6413112772677,1380.425677376095,1386.6530901473643,5455613
2023-09-25,1370.1551513671875,1384.7475392640083,1367.7385927513728,1384.7475392640083,4217863
2023-09-26,1357.6075439453125,1375.4995405113145,1356.0739215478982,1374.8024497360157,3996528
2023-09-27,1363.5096435546875,1365.9262023716149,1347.7554364104253,1353.2856448640935,3863586
2023-09-28,1337.9031982421875,1368.714636770685,1333.7671712132337,1364.3462461230529,5814602
2023-09-29,1334.1854248046875,1344.7348242112748,1316.1075800525987,1331.0717749023968,6068968
2023-10-03,1332.837646484375,1335.626009761539,1320.1041662355099,1334.7430734406207,4181867
2023-10-04,1342.4573974609375,1347.6623192444497,1318.1521429784143,1324.4724780818983,4510406
2023-10-05,1360.2099609375,1371.5493723980028,1347.8946904576385,1349.5677537176623,7384621
2023-10-06,1374.3841552734375,1379.7750360960613,1360.0706484952473,1365.8332203052626,3598672
2023-10-09,1371.363525390625,1385.8165874982192,1359.04825390548,1361.5578490003716,3567552
2023-10-10,1389.673583984375,1391.3930517038775,1365.4612547018098,1379.217223375378,5688951
2023-10-11,1388.9765625,1411.1440254040863,1376.9400609460672,1391.3931210472037,7220129
2023-10-12,1362.1153564453125,1398.2711535251433,1349.5677226602481,1386.6529740945282,11081662
2023-10-13,1330.188720703125,1336.555460811477,1301.2361927232737,1305.8834648401426,17973439
2023-10-16,1332.97705078125,1341.7603494799055,1329.1197923285388,1331.0716238772634,4850745
2023-10-17,1340.6915283203125,1350.8226045344618,1336.6020195003289,1338.6467739103207,3923764
2023-10-18,1338.9256591796875,1351.4267762032766,1336.880791305478,1340.2733227545561,4264837
2023-10-19,1332.5123291015625,1338.0890555260446,1325.49490296724,1325.49490296724,6795691
2023-10-20,1326.563720703125,1337.0200821379894,1324.7048120035936,1329.119720164981,3928622
2023-10-23,1309.2760009765625,1331.304025507751,1306.1158332337493,1325.0302081269804,2636516
2023-10-25,1289.8814697265625,1320.4797298426586,1281.6434766183827,1317.1374123821106,6940777
2023-10-26,1279.9014892578125,1293.6001393242148,1273.9230836517906,1275.7590480024355,6357656
2023-10-27,1299.57861328125,1303.9565408986182,1283.8558619720413,1283.8558619720413,4634358
2023-10-30,1296.4716796875,1299.5785105468342,1283.3378978736482,1299.5785105468342,2667696
2023-10-31,1288.327880859375,1300.3318125956307,1283.2438397267852,1299.2019618287502,3451595
2023-11-01,1274.9117431640625,1296.848271394198,1272.5580310195833,1292.7058299617952,3090672
2023-11-02,1289.9754638671875,1295.7656185619023,1281.972842805629,1289.8342181571022,3758060
2023-11-03,1307.7696533203125,1310.5469878192453,1297.1308279223888,1299.2962891749294,3349045
2023-11-06,1321.185791015625,1324.9046103571086,1309.4172299003549,1312.3358100714709,2736381
2023-11-07,1322.127197265625,1323.6335500133118,1313.2300966352614,1318.078766511828,2272209
2023-11-08,1309.60546875,1322.7862570767434,1305.3216665728671,1322.7862570767434,3550635
2023-11-09,1294.353515625,1315.7251773651033,1289.8814622493405,1314.2188244766687,5498051
2023-11-10,1288.75146484375,1292.7998955154703,1281.3608320382564,1289.7870751538298,2943649
2023-11-13,1293.176513671875,1301.5556365838725,1290.6344357148544,1299.1077990502322,3462092
2023-11-15,1327.96435546875,1331.2595523805833,1311.4883709095843,1317.1372799012984,8551860
2023-11-16,1360.3514404296875,1368.3540614057245,1328.058465108388,1333.2366316222942,6673907
2023-11-17,1353.4315185546875,1366.0944431282537,1351.0778065575678,1356.726715350655,4901251
2023-11-20,1352.537109375,1367.0359990167078,1349.7597750449072,1357.6211505386314,3584210
2023-11-21,1354.7967529296875,1365.1530866907901,1352.6784119330985,1357.6212075918063,3793135
2023-11-22,1372.4967041015625,1373.5793197717323,1352.1605387506925,1352.1605387506925,3108786
2023-11-23,1364.4468994140625,1382.0056146017555,1362.9875519464238,1382.0056146017555,3186928
2023-11-24,1353.2904052734375,1367.6480498608116,1349.948087939533,1360.9635301203575,2973195
2023-11-28,1358.2801513671875,1360.4456124998921,1343.5460053605395,1359.504127646951,3755373
2023-11-29,1374.1912841796875,1375.226894544369,1364.964801471109,1366.1886628376049,3875778
2023-11-30,1370.001708984375,1375.179875684024,1364.729416784748,1368.21286477539,10120867
2023-12-01,1367.318359375,1374.4736205469867,1361.5282051305396,1374.4736205469867,3489187
2023-12-04,1378.663330078125,1385.7715867334168,1364.4940519087752,1374.9915161431222,5511948
2023-12-05,1368.871826171875,1381.0641237085301,1357.621128395019,1380.0285133783032,5123039
2023-12-06,1388.0311279296875,1390.5730909944189,1366.1416056780827,1371.5080232268922,5269178
2023-12-07,1380.1226806640625,1386.6659544767813,1376.2626157196041,1386.6659544767813,4424453
2023-12-08,1403.8951416015625,1407.2373438258442,1380.4521461092754,1384.3593311792147,6323433
2023-12-11,1401.400146484375,1410.3442522227704,1395.2804951896835,1402.812373706227,3862018
2023-12-12,1389.6788330078125,1402.8125013955737,1381.7703368601112,1391.0439401422552,6103494
2023-12-13,1364.211669921875,1389.6788833678963,1349.2891566973667,1389.631763150233,8549258
2023-12-14,1413.5924072265625,1422.5836336750658,1375.8388870549381,1377.7689770027378,12489858
2023-12-15,1486.039794921875,1495.5958896794918,1431.9985384663394,1433.9286284897844,18395389
2023-12-18,1472.8118896484375,1499.7854551895782,1468.9989447357254,1476.2012123244115,6467243
2023-12-19,1467.1158447265625,1481.8499902553428,1452.9464521784103,1478.225296674548,4221721
2023-12-20,1446.497314453125,1490.8412269194432,1440.4717885612556,1473.470877793026,6592367
2023-12-21,1446.1207275390625,1456.1475641627426,1432.2338260213533,1432.2338260213533,5319038
2023-12-22,1471.4466552734375,1474.3652352440706,1433.8813877884545,1445.1320854708788,6741060
2023-12-26,1453.6055908203125,1457.4186507029785,1433.8815277911087,1445.1793467888062,6878067
2023-12-27,1475.4007568359375,1478.1310856483994,1453.6524816822475,1453.6524816822475,4225849
2023-12-28,1471.2113037109375,1477.1425892283842,1464.0089217215004,1477.1425892283842,5702253
2023-12-29,1452.616943359375,1468.1984480838207,1449.8866144117019,1450.8752194379208,4388990
2024-01-01,1460.5726318359375,1465.8920447074709,1445.4147473584744,1448.945315866922,2808451
2024-01-02,1444.6143798828125,1458.5012814497022,1433.8814295846275,1455.5355811804557,5396313
2024-01-03,1402.8125,1431.0099267639569,1400.9295302013422,1431.0099267639569,7550363
2024-01-04,1424.1842041015625,1430.821718812515,1405.542871490294,1416.8876959121912,7056038
2024-01-05,1442.872802734375,1449.604328169314,1418.111702636075,1418.582445109979,8895403
2024-01-08,1433.693115234375,1446.1206687605984,1424.701889324203,1439.483154876404,4440136
2024-01-09,1439.812744140625,1462.1258878294154,1436.5645526388157,1451.675429581847,4412074
2024-01-10,1430.962890625,1445.6029115375234,1416.9347429419645,1435.7173203076957,4096845
2024-01-11,1406.7667236328125,1435.7645051838629,1399.6114612154008,1435.6703796771912,11296088
2024-01-12,1518.3797607421875,1523.3225564289937,1464.3856251298819,1470.5994024363956,26754401
2024-01-15,1555.427001953125,1567.5250585454428,1540.2691197866588,1548.69536270453,13228305
2024-01-16,1536.07958984375,1552.0377114243083,1529.9128183588118,1548.5542635934448,6500917
2024-01-17,1544.223388671875,1551.0962739751476,1525.4408120839046,1525.4408120839046,9209876
2024-01-18,1546.48291015625,1552.508435864297,1532.972626255938,1546.5300303672077,6375464
2024-01-19,1562.111572265625,1568.0429726211407,1547.9422946366542,1554.9563105966838,4522736
2024-01-23,1546.059326171875,1576.7045882258603,1541.8696497501444,1553.5440845490969,9401255
2024-01-24,1577.36376953125,1581.6945769350064,1548.7426065821937,1562.7707540892902,8999681
2024-01-25,1571.4322509765625,1582.2123208537434,1560.9817927200572,1575.0569444579046,8865304
2024-01-29,1559.663818359375,1581.0825992301918,1551.1904544983925,1567.7135599982494,4253785
2024-01-30,1554.8150634765625,1591.1093493392334,1551.8023580167996,1565.171396519599,4995943
2024-01-31,1563.7122802734375,1569.690686352798,1542.2463787626282,1551.8024734029086,6763779
2024-02-01,1560.087646484375,1578.8702248339061,1553.7796285080506,1562.4413588052366,5760011
2024-02-02,1594.2633056640625,1617.941672001784,1567.5722338568344,1568.5608388941694,7858483
2024-02-05,1588.4732666015625,1601.2304328815121,1583.4363454059862,1595.5815235195898,3634135
2024-02-06,1628.2508544921875,1631.5931715300217,1575.9984476716934,1588.0494991796102,7694265
2024-02-07,1594.6400146484375,1627.827356650715,1588.143745994436,1627.827356650715,4613877
2024-02-08,1593.08642578125,1606.50258433862,1584.3306859949523,1598.6412091518757,5919715
2024-02-09,1571.6676025390625,1593.8396151923025,1562.676491800521,1586.1193710004457,4600004
2024-02-12,1581.7886962890625,1593.8867538003944,1572.6092188693096,1572.6092188693096,3555808
2024-02-13,1585.9783935546875,1590.2620807833139,1566.1600909474707,1584.5190460262058,2696481
2024-02-14,1568.7021484375,1571.761974467885,1539.7986069829612,1563.053238842943,3768579
2024-02-15,1578.2581787109375,1588.9911294855572,1564.3712765276096,1578.8701668773688,4834391
2024-02-16,1602.07763671875,1608.997527029752,1589.1792259716428,1590.1678309849335,4880654
2024-02-19,1600.288818359375,1611.3512649637125,1588.943880338882,1605.2316136506747,3690993
2024-02-20,1586.6373291015625,1595.1106926748687,1571.1028292171682,1586.401957891193,3706389
2024-02-21,1558.67529296875,1576.04564252021,1549.0250732340833,1576.04564252021,4300508
2024-02-22,1582.9654541015625,1586.0252797181995,1548.1776365233488,1567.5722005233338,5841277
2024-02-23,1578.728759765625,1599.0648084069708,1574.0684559887509,1597.6997014214783,5373072
2024-02-26,1563.006103515625,1576.9400103998594,1548.742584990576,1576.9400103998594,2782438
2024-02-27,1566.2542724609375,1573.3154092821974,1556.0863043947375,1563.8064346817055,5159088
2024-02-28,1573.45654296875,1589.0381630824766,1564.7949283890164,1572.2796869156693,3188916
2024-02-29,1575.951416015625,1583.8127910418666,1556.5568522895687,1567.5721783829442,7814722
2024-03-01,1557.8748779296875,1574.1154909938598,1554.3914300839626,1571.3381567596207,6387291
2024-03-04,1541.3990478515625,1567.0545116352562,1538.0568453792753,1560.8407342180715,4445156
2024-03-05,1512.495361328125,1541.5401450012134,1508.2586796437324,1538.386193843857,4596579
2024-03-06,1522.89892578125,1525.3467635033348,1483.7801827337923,1509.0120236903088,6420684
2024-03-07,1521.86328125,1533.1611004999932,1510.3300907656321,1522.004526976097,6348359
2024-03-11,1506.9405517578125,1519.3682201060792,1495.0778662328694,1514.0488079869733,6752895
2024-03-12,1518.56787109375,1529.9128089712128,1504.1632225256892,1506.375688833194,4614222
2024-03-13,1517.108642578125,1529.4420705773052,1505.0105857809417,1518.5208697901078,5688997
2024-03-14,1556.556884765625,1560.746446205705,1513.9075768353332,1519.9331026141767,8803799
2024-03-15,1538.38623046875,1549.4957975654736,1523.6519697189988,1545.0707498555741,11809997
2024-03-18,1508.87060546875,1537.1151488653109,1505.292917334249,1534.6201912131464,4958904
2024-03-19,1470.0814208984375,1505.4342217324486,1466.8333442521293,1499.173324716635,6870411
2024-03-20,1463.9617919921875,1482.7914886121835,1461.5139544170574,1471.540790852675,4759059
2024-03-21,1463.7265625,1484.6746020178996,1453.0878518360887,1472.4824182469645,11062497
2024-03-22,1420.559326171875,1439.4361424981196,1410.5324900051585,1431.9983895472183,14673890
2024-03-26,1405.307373046875,1419.2412797585116,1400.8353200453062,1404.6953849138222,8351081
2024-03-27,1397.022216796875,1411.2857346994197,1394.8568706833632,1408.4612802603947,6857402
2024-03-28,1410.391357421875,1423.3367734843898,1400.129150066849,1400.129150066849,12499530
2024-04-01,1407.9434814453125,1440.4247089660325,1405.4486385196594,1435.7644049013911,6580002
2024-04-02,1396.080810546875,1405.7781506375063,1394.1978408148962,1397.9637802788536,7279400
2024-04-03,1394.0096435546875,1407.6140544217724,1388.6902308713024,1392.4561704804448,8736248
2024-04-04,1399.7054443359375,1408.1318024819914,1382.0997240670574,1403.3302528566012,11186915
2024-04-05,1392.55029296875,1399.7055552251502,1389.6788329794124,1393.4447725803975,5072482
2024-04-08,1390.2906494140625,1403.706808694374,1387.8428117589144,1396.2220500141934,6610887
2024-04-09,1407.378662109375,1425.2198696967855,1400.2705201600338,1402.8124833871761,9423230
2024-04-10,1418.6295166015625,1421.5009766373323,1397.681477232349,1412.5568699403645,6744595
2024-04-12,1397.86962890625,1418.6294157880386,1392.926833451286,1415.993212241118,12275616
2024-04-15,1382.240966796875,1404.6482366428452,1375.5564475345761,1393.3975389714133,8531224
2024-04-16,1331.68310546875,1370.0016050968616,1330.3651187142993,1366.0944202615754,16173541
2024-04-18,1336.202392578125,1360.1631363842591,1325.1399454315383,1337.9441165902024,22107945
2024-04-19,1328.6705322265625,1343.3576733174316,1298.072273734188,1303.9565542134908,20603621
2024-04-22,1348.912353515625,1352.772418228229,1330.3651488397243,1336.8142967644505,5859087
2024-04-23,1357.9976806640625,1362.1872419980825,1349.147700674865,1358.5625485511725,4856174
2024-04-24,1347.029541015625,1359.7867075742051,1343.546092803966,1359.7867075742051,4268213
2024-04-25,1354.27880859375,1360.351454707475,1336.9084594402714,1336.9084594402714,9089398
2024-04-26,1346.5587158203125,1360.8222343797577,1343.4988900371166,1355.4557017420498,8062444
2024-04-29,1350.79541015625,1355.549954695784,1344.6757585333085,1346.2762368329832,5055957
2024-04-30,1337.4263916015625,1352.4901496742034,1334.6019369629423,1350.7483107051714,6936588
2024-05-02,1331.68310546875,1340.6743311181829,1329.235268018188,1330.3179985042082,10076354
2024-05-03,1333.425048828125,1341.4276701119534,1321.0915052605797,1338.8855920418562,8842345
2024-05-06,1342.4632568359375,1361.1045877183944,1334.1781442699464,1336.9084732924218,6445422
2024-05-07,1356.632568359375,1358.892155017695,1332.7659500503705,1341.568810540377,6080661
2024-05-08,1343.7813720703125,1355.5028124792066,1342.1807788692665,1351.2661306551702,6234983
2024-05-09,1355.3145751953125,1365.1059257902893,1341.4746788069972,1344.0167568835536,6088406
2024-05-10,1341.5218505859375,1351.925189724819,1330.3181573439954,1351.0779452607514,8777481
2024-05-13,1340.1566162109375,1341.6159637564915,1328.623426347066,1341.6159637564915,3735954
2024-05-14,1341.333251953125,1349.853734750207,1335.072470426056,1342.933844954217,3463230
2024-05-15,1336.861328125,1348.0180152167325,1335.5433413149956,1342.5573572737128,4327544
2024-05-16,1368.3070068359375,1370.566593499511,1343.4989036055658,1350.0421774524657,9249145
2024-05-17,1359.78662109375,1371.7434327729238,1355.0320766083944,1371.7434327729238,7542860
2024-05-21,1350.23046875,1360.1630645795747,1344.8169310704366,1346.323283787107,6752663
2024-05-22,1369.6722412109375,1374.5207963720839,1344.4404006067602,1345.1465142625411,7173285
2024-05-23,1386.242431640625,1391.6559699792333,1365.1531462577914,1369.5780794505797,8641428
2024-05-24,1379.369384765625,1389.1608498646779,1374.5678351761637,1382.3350849297278,5277938
2024-05-27,1385.2537841796875,1393.0210346021652,1374.8033247785525,1385.7245266295347,5821844
2024-05-28,1381.205322265625,1389.6315652574615,1374.8502998635329,1389.1608228573064,6186922
2024-05-29,1366.0474853515625,1379.7461367746178,1365.1531206572472,1379.6520112690093,7401634
2024-05-30,1343.9224853515625,1365.011768697552,1338.3678167520543,1358.3743695494225,9663150
2024-05-31,1351.0770263671875,1379.742614221291,1344.4507812144127,1353.8619835736356,37113815
2024-06-03,1350.11669921875,1382.8636553906256,1348.2920640058599,1382.8636553906256,10589244
2024-06-04,1338.3526611328125,1358.8555105856897,1304.4532506211224,1353.09357909204,13736134
2024-06-05,1373.3564453125,1380.9430124283645,1344.594848794161,1344.594848794161,9233424
2024-06-06,1413.833984375,1415.8026912541518,1380.4627967662166,1387.6171483700416,12660930
2024-06-07,1472.7496337890625,1478.6075738994743,1418.6355184856213,1422.2367255895786,24075302
2024-06-10,1440.2427978515625,1469.1005184048513,1437.8900560410068,1464.7790697698574,6810606
2024-06-11,1436.4014892578125,1446.6768867495505,1434.67286293827,1440.530920339611,4853054
2024-06-12,1426.270263671875,1448.8858948702687,1423.9175215369614,1447.2053312805267,9564320
2024-06-13,1434.6729736328125,1445.2845783914581,1430.2555159747842,1435.6813586014816,7307565
2024-06-14,1429.8232421875,1444.0359353932247,1427.0863483292007,1444.0359353932247,4237727
2024-06-18,1438.75439453125,1447.2052751454503,1436.0655632280468,1437.6020550051355,5420939
2024-06-19,1451.3824462890625,1455.5118772535266,1437.313707336635,1445.2844258115615,5493456
2024-06-20,1455.2718505859375,1457.2885031581282,1439.618556511379,1456.1361637531038,7927010
2024-06-21,1471.8853759765625,1495.9414872261423,1463.2424786021215,1483.697382612351,17301941
2024-06-24,1466.5556640625,1468.428244941943,1455.271881344855,1464.0588504809766,5564989
2024-06-25,1480.7684326171875,1482.6411308173647,1460.0255012602715,1465.4513439015984,4551525
2024-06-26,1479.5679931640625,1487.3946405637594,1474.0942048965353,1479.8561366420593,4851004
2024-06-27,1510.922607421875,1515.7722804516513,1471.261378838573,1477.40734590662,14757754
2024-06-28,1504.58447265625,1525.4714758668922,1502.1836676895095,1510.15438706981,8197544
2024-07-01,1527.68017578125,1536.4190819140294,1497.6220524294586,1497.6220524294586,6801771
2024-07-02,1556.72998046875,1568.9740856185726,1523.550809426941,1532.86588566981,10493173
2024-07-03,1562.8280029296875,1571.086748455425,1542.2770892539197,1560.5232067482063,7269965
2024-07-04,1585.1553955078125,1594.13438198508,1563.4040806456085,1563.5960981382616,8008311
2024-07-05,1582.0823974609375,1599.7523453204356,1568.5418810019864,1585.9236853770542,7065022
2024-07-08,1595.7191162109375,1599.8964935741276,1574.9281209253115,1577.9050957573086,5880533
2024-07-09,1591.3975830078125,1600.61665051487,1585.491579421059,1594.0384684368905,5191182
2024-07-10,1582.8507080078125,1607.5789990626897,1572.575309683498,1591.2535253565572,9852770
2024-07-11,1587.1240234375,1598.9360301908912,1576.896688557358,1590.2931327303997,8857679
2024-07-12,1643.8310546875,1651.5136300854847,1600.520559326722,1613.340833576749,17078316
2024-07-15,1639.317626953125,1659.4363248574064,1635.092186939841,1657.7076984616265,6942230
2024-07-16,1657.563720703125,1668.943512173137,1632.547287437264,1650.4092519603355,6886281
2024-07-18,1688.2939453125,1695.3522877574176,1650.7933286237846,1650.7933286237846,11248896
2024-07-19,1721.8092041015625,1770.8336868455729,1715.5671113876276,1770.8336868455729,29819116
2024-07-22,1738.9990234375,1750.6669588687384,1721.8092366549201,1728.7236252048558,8462126
2024-07-23,1764.015380859375,1766.9442924167647,1712.494085746934,1738.1826974355533,7113056
2024-07-24,1761.182373046875,1769.249100779416,1747.4017766683005,1764.5915628208677,6002845
2024-07-25,1752.4434814453125,1758.2534761150766,1740.1033678723722,1747.7859434479678,5815599
2024-07-26,1804.3489990234375,1808.2862957121283,1752.923709894062,1752.923709894062,11369047
2024-07-29,1796.8585205078125,1827.492816601406,1790.0402575643832,1818.465766106095,4635931
2024-07-30,1802.6683349609375,1805.3571660297775,1786.1987904104494,1796.8583403917328,2721265
2024-07-31,1794.1214599609375,1810.350924152097,1791.048476651269,1802.5242769151237,5004209
2024-08-01,1779.092529296875,1793.7855029159562,1771.8901142339544,1782.453656326238,7475014
2024-08-02,1748.938232421875,1785.7186088193323,1744.0886770658112,1769.8732971519382,7400938
2024-08-05,1682.3880615234375,1726.1787193591779,1650.3613476722035,1714.1266318965754,10736703
2024-08-06,1681.619873046875,1725.6506144088735,1675.617860395926,1690.3587800212945,7690163
2024-08-07,1720.560791015625,1726.5628030142375,1692.183231395466,1724.7381679213,5094329
2024-08-08,1673.9853515625,1709.3251315403352,1658.572136260406,1709.3251315403352,6227910
2024-08-09,1700.490234375,1710.0934546736023,1686.3254844345618,1700.9703953899302,4258524
2024-08-12,1726.082763671875,1731.9407043499043,1697.9452825491308,1702.698946723047,4315329
2024-08-13,1726.130615234375,1738.1827024097588,1718.0640047615366,1738.1827024097588,4176918
2024-08-14,1750.906982421875,1752.5875458219782,1726.1306294039184,1730.5001411349067,7450718
2024-08-16,1785.1904296875,1787.9753867685558,1756.9089953467567,1776.5955951852964,7335657
2024-08-19,1790.8084716796875,1793.449357119504,1775.8273550396493,1786.1988792940135,2585989
2024-08-20,1797.914794921875,1810.8791418743747,1794.0735069359491,1805.405353385153,3870333
2024-08-21,1798.3948974609375,1804.4449727328276,1793.0171179008144,1800.6996936229339,1966902
2024-08-22,1805.645263671875,1818.5136006570308,1795.5138206733318,1809.2464708192063,4300287
2024-08-23,1788.2154541015625,1807.9020537953018,1783.3178356718943,1803.67661383031,5015935
2024-08-26,1801.7081298828125,1813.8081635443523,1790.0401942272256,1795.8021261828926,3728589
2024-08-27,1824.7076416015625,1827.2525181137994,1799.5472543971127,1801.7079786991785,3830679
2024-08-28,1862.1602783203125,1873.588133022963,1822.1148997127973,1831.2379582795415,6514531
2024-08-29,1856.638427734375,1873.1079727033768,1844.6824662886909,1856.3023384955793,7228284
2024-08-30,1866.5777587890625,1872.6278340667684,1851.5007508106305,1861.1039704725115,13466759
2024-09-02,1886.5526123046875,1897.3562350526781,1865.7136713170646,1866.241778093103,5573739
2024-09-03,1864.2249755859375,1888.95326566776,1859.6153833595768,1888.95326566776,4694322
2024-09-04,1846.1708984375,1850.7324277310104,1824.6597803927025,1844.8744872415468,4778310
2024-09-05,1856.4464111328125,1863.0245930805459,1833.8307821972226,1849.8201661965988,4081810
2024-09-06,1826.38818359375,1859.6633609018768,1821.586574089743,1845.7386933402568,5848106
2024-09-09,1819.4739990234375,1844.634387126065,1814.0481565814205,1815.0084785277315,4772612
2024-09-10,1836.423828125,1858.2230908792164,1820.770532458395,1829.3174217997903,6909600
2024-09-11,1834.35888671875,1849.5799652721262,1829.4132055261682,1838.728280994298,5312946
2024-09-12,1873.0599365234375,1878.773922571952,1834.9832642548035,1848.6197893164426,8555092
2024-09-13,1866.9620361328125,1880.8867055756825,1858.8473618654502,1873.060057581397,3843127
2024-09-16,1872.867919921875,1874.548483367517,1856.3504289468578,1868.5464710616527,1570181
2024-09-17,1875.07666015625,1880.7424658489679,1865.0892884852562,1870.467067930622,2793127
2024-09-18,1817.0731201171875,1861.824097546446,1806.6536508696367,1861.824097546446,6385468
2024-09-19,1819.041748046875,1848.5237015550497,1804.2528841458939,1834.7910511020839,7976570
2024-09-20,1830.1336669921875,1839.0166455673825,1793.305341425795,1829.4134254860905,15242974
2024-09-23,1821.2025146484375,1842.761812755645,1803.9167195535472,1833.2546020080952,3636672
2024-09-24,1823.267333984375,1835.079341528414,1797.1466223571958,1813.0879441837894,7277616
2024-09-25,1820.09814453125,1826.1481021670697,1802.3321893756809,1811.5031931874792,4268341
2024-09-26,1824.851806640625,1841.8494584619364,1817.8894724224197,1822.499064726573,8952803
2024-09-27,1831.0938720703125,1896.2516927156676,1827.7808082445556,1855.4380099764576,14908931
2024-09-30,1801.179931640625,1825.8122145485347,1796.282312853667,1805.40537191387,6986955
2024-10-01,1828.7890625,1833.2065199774477,1800.6036370139677,1800.6036370139677,4029072
2024-10-03,1818.273681640625,1835.9915754881,1806.3656655040093,1814.528402429466,7503887
2024-10-04,1842.0416259765625,1876.5651542030093,1811.1672509312862,1814.5764408447044,10001483
2024-10-07,1857.55078125,1864.9452133204372,1840.0249057901142,1846.8911139011777,6112575
2024-10-08,1871.2353515625,1880.2622839615105,1830.7096956078074,1861.007899519078,5637391
2024-10-09,1875.2686767578125,1898.5564839074102,1867.9221904384558,1875.07665925967,4857163
2024-10-10,1842.85791015625,1886.0723999723164,1838.1523089309171,1880.214459242611,4782119
2024-10-11,1858.3189697265625,1869.7468243014484,1834.3109211351211,1841.8974879353766,4709431
2024-10-14,1881.1746826171875,1891.354071794841,1854.477685639696,1855.4860705732615,3751378
2024-10-15,1881.558837890625,1912.433094709219,1874.3083602991192,1882.2310163628915,5353705
2024-10-16,1843.9141845703125,1881.7989564876755,1840.312977195666,1877.42944464905,3111512
2024-10-17,1890.0096435546875,1899.516854492198,1853.5654717255002,1858.415027332384,8162822
2024-10-18,1805.0211181640625,1859.9995499352583,1795.0818094027522,1818.6577602233042,10526196
2024-10-21,1779.2364501953125,1823.4593218230411,1765.071701772492,1816.0647726492866,4654601
2024-10-22,1778.132080078125,1803.2925852339904,1773.666559613223,1784.4701814346959,4125240
2024-10-23,1799.067138671875,1811.1671716222952,1770.8336503030287,1772.034052723245,4311910
2024-10-24,1789.4158935546875,1809.2465653946333,1786.198838446931,1787.5433126309072,2906475
2024-10-25,1788.1676025390625,1801.9001366151979,1773.1385399992107,1789.5119595392343,4689120
2024-10-28,1791.3365478515625,1807.2299232087717,1783.3178829165497,1785.9107053224764,7018940
2024-10-29,1786.4317626953125,1798.378144066303,1776.4277753656768,1792.9391324904534,4621252
2024-10-30,1750.3009033203125,1786.1402834543007,1744.716179758669,1779.3414895531696,5919715
2024-10-31,1706.7401123046875,1736.5091412479787,1696.2991072073619,1736.5091412479787,7395236
2024-11-01,1710.236572265625,1715.2385657478123,1701.6895882617994,1713.7816813488193,371966
2024-11-04,1712.956298828125,1716.2099839138373,1668.6184223904768,1674.9315887150042,7336722
2024-11-05,1703.77783203125,1717.6182349398387,1694.8423210868225,1709.4111662537578,3160880
2024-11-06,1771.280029296875,1774.6794262747362,1711.9849045771186,1713.296076841982,10421494
2024-11-07,1751.2237548828125,1773.22261567757,1735.6350435250165,1760.8390975998175,4550965
2024-11-08,1777.350341796875,1787.6942446562714,1761.0333078003775,1765.7438769390867,4210960
2024-11-11,1806.6337890625,1814.306737413767,1770.163186757311,1776.427742360696,3804234
2024-11-12,1815.0838623046875,1826.9331420105937,1807.5080155670998,1817.3176807087516,5012450
2024-11-13,1814.6953125,1819.3572716489662,1802.943134866599,1807.605094015565,4257495
2024-11-14,1810.9560546875,1822.0768923467604,1802.6517655626797,1811.9758027067253,4311431
2024-11-18,1759.3822021484375,1796.047127993138,1743.4050832115965,1796.047127993138,4839244
2024-11-19,1772.300048828125,1806.2454112988496,1768.2208195271305,1773.0284911005574,4669769
2024-11-21,1781.3326416015625,1813.3354888516371,1768.26917339711,1789.0540816629436,5436504
2024-11-22,1847.572265625,1859.0331371970146,1781.2840242640295,1800.80625185363,6301486
2024-11-25,1835.3829345703125,1864.1322151458903,1827.9043086809907,1860.9270220152914,12764638
2024-11-26,1868.8428955078125,1882.8775020849253,1842.764686697864,1850.1947027907097,6850495
2024-11-27,1869.182861328125,1885.5971174937745,1856.799342761259,1874.6218732216507,4447143
2024-11-28,1803.282958984375,1859.8586361338635,1798.4266776839897,1859.8586361338635,8468790
2024-11-29,1804.448486328125,1823.0480681141644,1791.9678666332622,1797.8925063282472,5244346
2024-12-02,1825.7677001953125,1828.6814691911163,1782.4495729417774,1805.5655210664468,2868263
2024-12-03,1837.714111328125,1845.1442460985531,1817.3663382733384,1832.7607276683614,4715792
2024-12-04,1834.946044921875,1858.9360291550868,1821.105642042353,1829.8469491241563,4705573
2024-12-05,1879.2352294921875,1893.8526842407528,1834.654541582606,1845.386971128795,9050038
2024-12-06,1867.1431884765625,1882.2461532385446,1857.4306251975142,1877.2442779990854,3573331
2024-12-09,1868.3572998046875,1874.7189577548504,1842.667498232043,1868.8914196597946,4274645
2024-12-10,1892.54150390625,1909.101352624084,1876.4671647750902,1883.2659588503623,6174921
2024-12-11,1917.4056396484375,1921.1449526741415,1895.8922889888395,1898.806057875605,5025612
2024-12-12,1929.8863525390625,1941.3472248051385,1913.9092331296335,1918.4254802729865,6462130
2024-12-13,1942.22119140625,1948.7771714843159,1897.6406217246506,1913.132112410419,5362693
2024-12-16,1923.1361083984375,1942.1240981650324,1920.7564592966078,1938.0933607570853,3119221
2024-12-17,1919.78515625,1925.029963920521,1901.7198129951464,1911.432375880719,5811050
2024-12-18,1922.261962890625,1927.8951783904936,1905.216367108079,1910.2669710918078,3064095
2024-12-19,1890.2589111328125,1903.4194810568974,1864.8120442042316,1878.4096320265542,5323592
2024-12-20,1866.900390625,1923.038935729017,1856.313672846486,1918.3769764514818,11056720
2024-12-23,1868.988525390625,1884.2372017118134,1854.1282567360063,1874.5732490554924,2781793
2024-12-24,1854.1768798828125,1886.1797274213886,1787.111585198432,1871.6594932162752,2360544
2024-12-26,1852.5743408203125,1864.5693327398988,1847.6209572676305,1854.1769374712999,3623321
2024-12-27,1861.655517578125,1868.8428379280153,1849.1748978049127,1854.5168074679777,3937500
2024-12-30,1851.214599609375,1860.9271630910612,1832.2751008200871,1860.6357387619842,7789055
2024-12-31,1825.9617919921875,1842.473148621904,1792.0164326986576,1837.9082915665463,3613063
2025-01-01,1828.389892578125,1838.5394729768454,1820.134214444306,1820.134214444306,1838368
2025-01-02,1901.5740966796875,1906.236174279187,1831.10952423594,1832.760612498252,7083645
2025-01-03,1883.0230712890625,1896.8148627360356,1866.754528958132,1896.8148627360356,6218003
2025-01-06,1882.1490478515625,1916.288731426852,1872.5821967516326,1895.8923485784164,7164403
2025-01-07,1875.3502197265625,1902.2540906114118,1868.357221729347,1889.0935202054077,4294832
2025-01-08,1877.5841064453125,1882.8774057609294,1834.460303784991,1874.5246254427705,5482050
2025-01-09,1862.1898193359375,1895.74665458795,1855.6338390718154,1878.4583629543145,6833503
2025-01-10,1910.4124755859375,1920.9507009797642,1876.709930393327,1881.3233976824297,8036913
2025-01-13,1905.799072265625,1925.8070469770787,1892.9785364775742,1899.7773306055078,5804152
2025-01-14,1884.285888671875,1915.1232771204202,1875.5930733895989,1912.2579998126723,5792162
2025-01-15,1893.60986328125,1901.7684398888914,1881.420549328485,1891.036010381721,2985439
2025-01-16,1873.0191650390625,1910.41253260361,1861.7526156669912,1909.4412763032324,7533579
2025-01-17,1763.2672119140625,1804.5942151264314,1759.9164250856263,1797.7954209897873,16409953
2025-01-20,1761.1790771484375,1775.407886940151,1741.6082392029957,1770.5516054927243,4333011
2025-01-21,1748.941162109375,1779.0016155615642,1741.5111463055791,1766.7638099629812,7169109
2025-01-22,1803.0887451171875,1812.1700865447272,1753.2633671133483,1755.448693830049,8373913
2025-01-23,1811.8299560546875,1825.5247642701754,1799.446438649042,1804.5941442893445,5907471
2025-01-24,1821.5426025390625,1840.4336089404926,1810.6645792715367,1811.8786496612856,4887027
2025-01-27,1769.62890625,1809.4504129219265,1759.9163436470913,1795.6100112127813,7652371
2025-01-28,1777.15625,1809.9361507719634,1772.4456805643415,1777.3990640797924,6999495
2025-01-29,1827.1759033203125,1834.36322360914,1787.5972093347696,1791.9678626583263,5145155
2025-01-30,1806.4881591796875,1832.9548941080284,1790.9966681783667,1819.3088138415467,7336056
2025-01-31,1825.7677001953125,1842.910279604707,1817.2205970496623,1817.2205970496623,5820470
2025-02-01,1798.1353759765625,1836.2571867836969,1792.9391783431893,1826.2533177597818,1701402
2025-02-03,1809.741943359375,1822.6110895629577,1779.7300994439906,1783.2265984737837,4823228
2025-02-04,1844.2215576171875,1856.2650411997822,1821.1056096540206,1834.703198206104,7334787
2025-02-05,1842.5218505859375,1864.5207114002724,1839.8508957040453,1851.2145472314708,4996744
2025-02-06,1860.587158203125,1868.6971246106148,1845.3869733680706,1861.898330498206,4765255
2025-02-07,1848.93212890625,1868.405747107761,1835.14021793859,1864.13231412214,4126260
2025-02-10,1826.2532958984375,1850.2432794461592,1824.6020890265615,1850.2432794461592,3828734
2025-02-11,1821.7369384765625,1848.3007750893653,1816.249316561804,1828.9727506286142,4411601
2025-02-12,1809.59619140625,1840.142154487476,1793.9103785152583,1830.8181177592105,5633947
2025-02-13,1790.2681884765625,1819.6486917731397,1782.8866642532057,1814.7924102365155,5237744
2025-02-14,1803.0401611328125,1805.8568280246752,1775.796375368045,1800.709122375355,5292961
2025-02-17,1789.3455810546875,1799.495162260814,1769.7747423270973,1785.7033698235564,4428956
2025-02-18,1798.7181396484375,1808.1393973263787,1784.780634818134,1789.3456107739096,4365260
2025-02-19,1758.7509765625,1796.0471240806544,1753.9917969230971,1794.2989338566194,4611411
2025-02-20,1772.6884765625,1778.3703022593725,1753.6518766132701,1753.6518766132701,2218020
2025-02-21,1762.8302001953125,1777.2533326664163,1754.2830972545896,1769.4347905187403,3379879
2025-02-24,1713.3931884765625,1756.0313630959042,1699.9413126430345,1748.309923055587,7594720
2025-02-25,1716.8896484375,1727.3306532632726,1694.987890846883,1694.987890846883,5092963
2025-02-27,1713.5875244140625,1724.8054634563641,1700.7668702151418,1704.748997302386,5757079
2025-02-28,1639.189208984375,1704.6519072727174,1634.0901134127998,1704.6034155946859,12182167
2025-03-03,1659.4884033203125,1678.9135283002097,1643.6569975986285,1643.6569975986285,7504969
2025-03-04,1639.7720947265625,1650.1644899401717,1621.9980566215932,1646.2794646548505,6759673
2025-03-05,1662.30517578125,1683.1385762213686,1643.8026956375877,1643.8026956375877,8180782
2025-03-06,1666.5301513671875,1672.794825837321,1642.4915571816716,1665.7046071983816,10610547
2025-03-07,1637.5382080078125,1655.9920786793123,1627.340016320931,1654.146667899849,8019331
2025-03-10,1652.5440673828125,1669.5896637303404,1628.01984457351,1637.5382042171923,7558981
2025-03-11,1613.8394775390625,1631.7106175387037,1589.995206020896,1631.7106175387037,12671234
2025-03-12,1545.123046875,1589.84944650162,1518.850635339536,1589.84944650162,14870008
2025-03-13,1534.439208984375,1559.886194636392,1525.163782654934,1553.2816045131979,7822888
2025-03-17,1544.34619140625,1548.1826065260266,1500.736758011993,1500.736758011993,7526032
2025-03-18,1544.34619140625,1544.34619140625,1544.34619140625,1544.34619140625,0
2025-03-19,1540.94677734375,1556.9238965430377,1527.5920028100838,1556.9238965430377,7387068
2025-03-20,1569.1131591796875,1584.9931759348294,1546.2400259441436,1546.2400259441436,7186750
2025-03-21,1546.7742919921875,1557.7980274559397,1518.7049607743006,1532.59385494289,10074677
2025-03-24,1546.968505859375,1560.9060103586978,1527.4947691913153,1552.0189913058653,8857726
2025-03-25,1581.6422119140625,1589.1209562659596,1558.8663000022038,1558.8663000022038,9890140
2025-03-26,1553.475830078125,1590.6749935166006,1549.1537869998338,1579.2627320763197,6651302
2025-03-27,1557.4581298828125,1573.3866387891755,1540.4125339270274,1549.688079270318,9426573
2025-03-28,1525.5037841796875,1552.504639118573,1515.1598805138667,1544.2975705237486,6799047
2025-04-01,1482.6226806640625,1502.92196020728,1474.2212903040318,1495.0061979771754,12680733
2025-04-02,1505.593017578125,1510.9349273715397,1491.0726643663595,1491.0726643663595,6193478
2025-04-03,1453.485107421875,1490.5385603678294,1442.3642697947264,1490.5385603678294,10459504
2025-04-04,1409.92431640625,1429.6893595876932,1406.3792069857197,1418.5199114659142,9590254
2025-04-07,1356.602294921875,1365.489314158466,1269.4320382766355,1313.1385736419368,21715252
2025-04-08,1387.7310791015625,1414.6348317731379,1374.3276944448953,1389.8677955834949,12805001
2025-04-09,1363.3524169921875,1368.9371407012397,1342.1791008495861,1364.663707842691,8546854
2025-04-11,1368.9371337890625,1397.4436008179698,1356.893650613513,1370.6854425398662,12567440
2025-04-15,1385.011474609375,1406.087688754894,1368.5001176189407,1404.0480742507405,10178530
2025-04-16,1372.482177734375,1386.4682913913693,1356.6507720589223,1384.0401507759727,12022740
2025-04-17,1378.6983642578125,1388.7023519091767,1338.6826507754836,1357.8163531049115,14264227
2025-04-21,1409.29296875,1429.4951483248678,1369.4714582615436,1369.4714582615436,15648970
2025-04-22,1381.903564453125,1398.6091260339042,1378.5041672717928,1398.6091260339042,9399738
2025-04-23,1432.5059814453125,1445.0352117850275,1398.2205856526791,1404.4366498623076,11136642
2025-04-24,1429.1065673828125,1440.2760150192205,1419.4911061400271,1427.6496829084983,7114292
2025-04-25,1437.653564453125,1458.535575435,1421.4336312546193,1433.0887071514799,8329979
2025-04-28,1439.4989013671875,1446.7833234291916,1423.1818670852326,1437.6534907325017,5886253
2025-04-29,1454.456298828125,1466.4027986571466,1431.7288778586658,1439.4018262859975,8056743
2025-04-30,1456.9815673828125,1465.431568419441,1439.984581952398,1453.7764926957282,7704183
2025-05-02,1463.586181640625,1479.4175886205041,1453.1936678135066,1456.5930649551544,7402310
2025-05-05,1465.2371826171875,1479.2232965927526,1459.6039673980883,1471.4532464465005,4282493
2025-05-06,1468.053955078125,1472.0360823521305,1456.0103527730441,1462.7120452184295,4270530
2025-05-07,1464.9459228515625,1475.1441139885928,1453.5821530190785,1456.8844481471906,5691799
2025-05-08,1467.956787109375,1472.910170498641,1458.0499017692832,1464.654491996011,8424409
2025-05-09,1464.2659912109375,1467.9568126185206,1451.1540310083215,1457.5642989506216,4478653
2025-05-12,1580.136962890625,1585.0903465111594,1487.96471253376,1492.8209942326298,11372857
2025-05-13,1523.5125732421875,1565.859323230766,1519.627548132014,1562.7513505672503,12846210
2025-05-14,1546.6285400390625,1549.1537826809642,1524.3867472838704,1528.75740058924,4870057
2025-05-15,1566.636474609375,1572.075486394776,1525.843708376521,1544.1033749720434,11151167
2025-05-16,1544.200439453125,1566.2479103864578,1536.0418626920532,1566.2479103864578,4576751
2025-05-19,1514.9656982421875,1539.4413107743521,1510.9834523682187,1531.1856318206726,8855798
2025-05-20,1515.7425537109375,1537.9843466293191,1513.2173110505078,1524.8723866170074,7143998
2025-05-21,1523.41552734375,1525.8436681268927,1507.4869000940212,1522.832797268108,4157309
2025-05-22,1503.0191650390625,1515.9369216042496,1495.7347425913772,1510.7892156499267,6158990
2025-05-23,1519.8218994140625,1541.5779455953386,1505.447258808557,1505.447258808557,5038421
2025-05-26,1535.070556640625,1538.275749801986,1517.782147363295,1521.5700705826603,3170102
2025-05-27,1524.969482421875,1537.4016104009331,1511.6633186280806,1534.4878415209876,7775714
2025-05-28,1526.6207275390625,1542.063608140773,1524.8724187426308,1535.556238237006,3623370
2025-05-29,1540.02392578125,1562.6542444112208,1531.2826193070812,1543.3262208282474,8609500
2025-05-30,1539.1375732421875,1548.297396005105,1531.652190030095,1547.3124739974683,13148092
2025-06-02,1530.371826171875,1536.4782943781508,1515.7949327230604,1536.4782943781508,4374509
2025-06-03,1519.734619140625,1543.6682714095227,1512.4461724234918,1535.4933708621093,6853403
2025-06-04,1527.8109130859375,1533.8190332918903,1518.158749909477,1519.7346010168856,4548307
2025-06-05,1530.8642578125,1544.0621159555858,1518.3556767230737,1524.5607331925255,6948539
2025-06-06,1540.2210693359375,1545.2441474823067,1519.8331118292815,1531.2581829658582,3960020
2025-06-09,1549.183837890625,1564.0561360451065,1547.3124620446238,1554.2069160448225,2903202
2025-06-10,1571.935546875,1583.2621501262925,1553.7144894707471,1560.116482612782,8591925
2025-06-11,1606.5062255859375,1609.9534525332194,1566.1244242034918,1566.1244242034918,10597410
2025-06-12,1584.345458984375,1603.452969273507,1574.0037782857437,1592.6188275892266,10483574
2025-06-13,1577.844970703125,1584.7394243828517,1546.5244044661895,1552.2369998927122,6968315
2025-06-16,1599.31640625,1610.1505483486199,1573.01891647278,1575.875214344727,5591842
2025-06-17,1615.173583984375,1622.5604988569514,1591.2399317053334,1596.2630097727385,7622083
2025-06-18,1608.2791748046875,1619.9011823893957,1596.5585788351507,1596.5585788351507,5629707
2025-06-19,1593.997802734375,1605.4228739879738,1587.2018168292147,1599.4148737815738,5147760
2025-06-20,1598.429931640625,1606.1122510729595,1584.6410236941556,1594.58871180959,9202821
2025-06-23,1560.116455078125,1576.8601291540897,1551.6461498856431,1576.8601291540897,7943676
2025-06-24,1557.7525634765625,1584.739449496533,1552.827953627288,1576.860073737694,8083992
2025-06-25,1590.550537109375,1595.4751470327865,1561.199813873949,1566.025955644839,7813533
2025-06-26,1591.6339111328125,1599.5132869304996,1582.3756205245834,1584.5425210067874,6519233
2025-06-27,1583.7545166015625,1605.0288069577266,1578.238977654369,1594.5886581952298,8912268
2025-06-30,1577.6480712890625,1590.648993297183,1570.064099926214,1590.648993297183,6294505
2025-07-01,1582.57275390625,1593.308307768125,1576.3676970723639,1584.7395342639384,4178937
2025-07-02,1586.2169189453125,1624.1364168524187,1579.2239966239758,1593.6038341220215,8653641
2025-07-03,1594.293212890625,1607.786716594206,1590.6490495377586,1594.0962765801005,5259695
2025-07-04,1615.96142578125,1618.6207872342948,1587.9897380569496,1600.4981989662078,4411273
2025-07-07,1602.4681396484375,1619.2118141254034,1598.5284515362102,1615.2721260131761,3294523
2025-07-08,1613.9915771484375,1621.378491891406,1597.0509674297891,1603.4529602070286,4590681
2025-07-09,1609.0670166015625,1613.3022292758048,1599.1193284889714,1613.1052929685202,4580828
2025-07-10,1591.43701171875,1614.1886858160015,1582.868118202301,1614.1886858160015,5330179
2025-07-11,1570.85205078125,1582.8680505457567,1539.433016356687,1555.2902357933656,11391755
2025-07-14,1546.623046875,1567.7988696310574,1536.2813659941348,1567.7988696310574,9173426
2025-07-15,1561.6922607421875,1579.4208563061295,1540.4179701114037,1541.5013602388092,7614807
2025-07-16,1583.6561279296875,1587.6942841349517,1554.6993967165145,1555.1918577227598,6223491
2025-07-17,1559.6240234375,1585.7244570472844,1556.2752645133157,1573.9053927711557,7374814
2025-07-18,1562.1846923828125,1575.1857343566385,1556.176692489401,1568.0942241264431,5161833
2025-07-21,1560.4119873046875,1565.041072656143,1543.1758521432762,1556.1767745731315,3682661
2025-07-22,1547.2139892578125,1561.889351060241,1541.4029254290974,1541.4029254290974,8473741
2025-07-23,1550.7596435546875,1567.897309898412,1526.629055261839,1552.5325511946266,8035026
2025-07-24,1529.0914306640625,1558.1466301517212,1524.8562179010848,1556.1767861186595,14169664
2025-07-25,1492.84619140625,1526.1366022975346,1488.512630894258,1520.12860228797,10851259
2025-07-28,1493.1417236328125,1496.392014262957,1460.14683725966,1491.0734115180542,6439855
2025-07-29,1490.8763427734375,1494.3235696797126,1473.5417400906863,1490.0884773327002,7070448
2025-07-30,1496.0965576171875,1498.7557989957106,1483.2925712781332,1496.9830114866083,5719051
2025-07-31,1486.247314453125,1504.0743788045277,1474.428250322285,1486.936711768862,6851407
2025-08-01,1447.4412841796875,1476.1024890867666,1443.4031282013243,1471.3749358302919,8702978
2025-08-04,1458.177001953125,1460.4423706154291,1429.1218033326475,1439.4634841975633,8610216
2025-08-05,1438.2816162109375,1456.4040844682859,1433.0614816224124,1456.4040844682859,10213323
2025-08-06,1415.037353515625,1434.14486387826,1408.7339490588547,1430.1067078263497,10566934
2025-08-07,1415.234375,1420.2574529025999,1392.876574581379,1408.4383894942564,9892020
2025-08-08,1401.6424560546875,1411.590144080286,1395.7329241309972,1403.5138318764698,10048009
2025-08-11,1406.66552734375,1411.7871937906966,1392.6796832838538,1398.4907470266712,6625368
2025-08-12,1402.62744140625,1419.2726477892124,1399.5742071536924,1406.6655976905836,9899184
2025-08-13,1405.0897216796875,1412.3781686321047,1400.953097311154,1403.5138705026145,10318063
2025-08-14,1425.8714599609375,1447.835267553816,1404.6956380205245,1404.6956380205245,12902347
2025-08-18,1414.1510009765625,1442.6151494914589,1408.0444126749926,1442.6151494914589,7254561
2025-08-19,1418.2877197265625,1427.5460108318366,1411.0977408332749,1411.0977408332749,3986094
2025-08-20,1473.6402587890625,1476.3980885005715,1418.9770874002822,1418.9770874002822,10413061
2025-08-21,1473.8372802734375,1485.262351237006,1461.9197483180794,1485.262351237006,6565539
2025-08-22,1465.0714111328125,1481.6181481033814,1463.6924963469764,1475.5115598317454,5543397
2025-08-25,1508.9989013671875,1515.7948868943363,1483.981859694785,1483.981859694785,10694531
2025-08-26,1506.53662109375,1515.2039825206518,1495.7024794249892,1500.03616013844,15994798
2025-08-28,1477.4814453125,1506.5366438633127,1475.413133190423,1506.5366438633127,5443364
2025-08-29,1447.4412841796875,1479.254311487481,1445.5699084151588,1479.254311487481,8169075
2025-09-01,1476.7921142578125,1480.7318023736236,1453.941851048263,1454.4343120627393,4546057
2025-09-02,1476.1025390625,1489.9900353122632,1463.8896025641538,1476.7920565936874,5218763
2025-09-03,1456.798095703125,1479.2543652339205,1450.7900955921732,1477.3829894013984,4623483
2025-09-04,1440.94091796875,1461.6242804276317,1438.0846200594328,1461.6242804276317,5787724
2025-09-05,1422.8182373046875,1450.4945202945664,1411.3931666312185,1447.835279098319,5466487
2025-09-08,1411.2947998046875,1436.0163186937275,1406.7641825159365,1429.1218644887508,3811567
2025-09-09,1481.6181640625,1484.474341584966,1450.297597398603,1458.6694341238242,13072640
2025-09-10,1509.491455078125,1511.756823802922,1486.5428442826578,1487.330709756259,7281071
2025-09-11,1486.9366455078125,1504.4683046125388,1483.7849433052634,1500.922609577238,8003662
2025-09-12,1502.596923828125,1519.6361218926327,1498.1647749913177,1513.8250582606502,12856963
2025-09-15,1485.6563720703125,1504.4683582651935,1478.5648615170796,1502.5969824151846,6167414
2025-09-16,1488.5126953125,1491.1719366717366,1480.8302554728903,1485.656397411633,8923112
2025-09-17,1499.4453125,1503.680405062861,1491.1719434573272,1494.028241371192,4795698
2025-09-18,1517.370849609375,1531.5537508334592,1515.302537400178,1526.6291407021617,9331945
2025-09-19,1516.976806640625,1527.9095369547413,1497.179898612735,1521.3104874589542,12988129
2025-09-22,1476.8905029296875,1491.8612688721596,1459.6543683506482,1460.3437656419162,15655204
2025-09-23,1474.920654296875,1490.186944875574,1470.4885054191882,1470.4885054191882,9832164
2025-09-24,1472.0643310546875,1474.1326431158677,1460.3437357350242,1464.7758845360097,4937004
2025-09-25,1462.4122314453125,1480.04223903444,1454.2373307659764,1466.5488557470633,9491867
2025-09-26,1427.053466796875,1456.404069373631,1419.4694954878144,1452.7599061754568,8597058
2025-09-29,1420.060546875,1442.9106885263222,1414.8404123331482,1437.9860786678707,10513117
2025-09-30,1420.060546875,1430.303639196793,1416.416263441906,1421.2424051491353,7556305
2025-10-01,1424.000244140625,1427.6444073679875,1405.877655696216,1424.197180444367,6250692
2025-10-03,1424.7880859375,1426.4625254104503,1411.5901076030302,1417.3027030735375,6877533
2025-10-06,1453.744873046875,1456.5027027407555,1420.5530497148675,1424.7881421800753,4630590
2025-10-07,1436.5086669921875,1460.5407866669368,1432.0765182081868,1455.4191203786977,5570320
2025-10-08,1472.4583740234375,1475.4131399913774,1433.061494450904,1435.0313384295307,4657192
2025-10-09,1486.5428466796875,1491.171932062491,1464.5790376333712,1479.352867871771,7028753
2025-10-10,1492.058349609375,1498.755747016607,1476.2011295853695,1487.2322078030077,3738353
2025-10-13,1470.6854248046875,1482.0120273618204,1461.0332617199265,1474.4281763502415,5859355
2025-10-14,1467.435302734375,1491.5658915845438,1464.0865439092208,1476.3980688327763,5600789
2025-10-15,1452.1690673828125,1466.1549121391147,1445.373081319078,1461.5258266826634,6986098
2025-10-16,1449.312744140625,1452.267510183725,1438.478601982591,1451.6765810210527,8005748
2025-10-17,1419.37109375,1436.410292725158,1412.3781714796953,1432.9630656678505,16959378
2025-10-20,1438.87255859375,1444.8805586841174,1428.136884861602,1431.781048131079,6994246
2025-10-21,1450.19921875,1463.5941342911037,1447.8353818357486,1455.7147580634262,1698704
2025-10-23,1505.4532470703125,1522.6893817276436,1483.292502510887,1487.2321904325627,20358624
2025-10-24,1502.4000244140625,1519.7346273554492,1495.111577657532,1516.2874003977408,8652257
2025-10-27,1504.5,1515.300048828125,1498.0999755859375,1510.0,7273211
2025-10-28,1500.199951171875,1506.5,1490.5,1499.699951171875,8211019
2025-10-29,1510.4000244140625,1520.199951171875,1496.9000244140625,1500.199951171875,4884976
2025-10-30,1493.800048828125,1508.199951171875,1489.0999755859375,1507.0,5608867
2025-10-31,1482.300048828125,1497.0999755859375,1480.699951171875,1490.0,4819814
2025-11-03,1485.5,1491.4000244140625,1474.199951171875,1482.300048828125,5470600
2025-11-04,1467.9000244140625,1481.9000244140625,1462.9000244140625,1479.699951171875,8691330
2025-11-06,1466.699951171875,1483.0,1461.9000244140625,1478.5999755859375,7944752
2025-11-07,1476.800048828125,1480.9000244140625,1449.0999755859375,1470.0,8765759
2025-11-10,1513.5,1520.0,1490.0,1490.0999755859375,9787975
2025-11-11,1530.300048828125,1533.4000244140625,1511.0999755859375,1525.0,13692989
2025-11-12,1551.699951171875,1559.199951171875,1538.0999755859375,1540.0,14635417
2025-11-13,1541.800048828125,1557.5,1530.300048828125,1557.0999755859375,19655689
2025-11-14,1502.800048828125,1530.0,1488.800048828125,1520.0,9739549
2025-11-17,1507.5999755859375,1510.199951171875,1492.5,1496.0,7910354
2025-11-18,1486.4000244140625,1506.0,1483.199951171875,1506.0,7525119
2025-11-19,1541.0999755859375,1543.0,1490.5,1490.5,10981126
2025-11-20,1536.5,1555.0,1534.0,1555.0,7387584
2025-11-21,1545.0,1551.5,1526.300048828125,1531.0,9186302
2025-11-24,1548.0,1585.0,1541.0,1563.5999755859375,19270381
2025-11-25,1530.5999755859375,1550.5999755859375,1525.9000244140625,1549.0,8107952
2025-11-26,1557.9000244140625,1560.300048828125,1532.0999755859375,1532.0999755859375,7575038
2025-11-27,1566.4000244140625,1574.300048828125,1552.199951171875,1564.0,7552252
2025-11-28,1560.0999755859375,1568.4000244140625,1557.0,1565.0,4453221
2025-12-01,1564.0,1574.0,1556.0,1562.5,5341800
2025-12-02,1561.0,1579.9000244140625,1556.0999755859375,1567.0,6335969
2025-12-03,1578.699951171875,1586.0,1554.0999755859375,1555.0999755859375,12895312
2025-12-04,1597.5999755859375,1599.0,1568.0,1568.0,12609619
2025-12-05,1616.199951171875,1631.800048828125,1600.0,1610.0,10344725
2025-12-08,1610.800048828125,1630.0,1600.199951171875,1617.0999755859375,7550413
2025-12-09,1599.0,1606.9000244140625,1582.4000244140625,1601.199951171875,6957599
2025-12-10,1584.800048828125,1608.0,1582.800048828125,1608.0,5116140
2025-12-11,1598.0,1607.4000244140625,1580.5,1598.0,5159319
2025-12-12,1598.199951171875,1601.800048828125,1582.5999755859375,1601.4000244140625,4633912
2025-12-15,1606.800048828125,1610.800048828125,1585.0,1585.0,4190558
2025-12-16,1592.9000244140625,1603.0,1585.5999755859375,1600.0,5499258
2025-12-17,1602.0,1606.9000244140625,1586.0,1587.199951171875,4817628
2025-12-18,1626.800048828125,1630.0,1606.699951171875,1610.5,6577293
2025-12-19,1638.699951171875,1654.9000244140625,1629.800048828125,1650.0,13149023
2025-12-22,1689.5999755859375,1693.199951171875,1664.0,1664.0,23098923
2025-12-23,1668.300048828125,1679.0,1656.4000244140625,1679.0,6593060
2025-12-24,1663.4000244140625,1667.5999755859375,1652.5,1661.0,4271167
2025-12-26,1656.0999755859375,1668.800048828125,1651.699951171875,1663.4000244140625,2006491
2025-12-29,1644.699951171875,1673.0999755859375,1637.0999755859375,1658.0,4062817
2025-12-30,1621.5999755859375,1647.9000244140625,1616.800048828125,1647.0,9395937
2025-12-31,1615.4000244140625,1628.5999755859375,1609.199951171875,1621.0,6538656
2026-01-01,1629.800048828125,1639.5999755859375,1614.0999755859375,1615.4000244140625,3658165
2026-01-02,1640.4000244140625,1643.5,1627.5,1635.9000244140625,2524526
2026-01-05,1606.4000244140625,1637.0,1583.0999755859375,1637.0,5917885
2026-01-06,1612.199951171875,1619.9000244140625,1599.0,1600.0999755859375,4466729
2026-01-07,1639.0,1642.0,1615.0,1615.0,4508079
2026-01-08,1613.300048828125,1644.300048828125,1608.5999755859375,1638.9000244140625,3942131
2026-01-09,1614.0999755859375,1631.300048828125,1607.0,1610.0,6816681
2026-01-12,1595.9000244140625,1613.300048828125,1592.5999755859375,1610.0999755859375,6985362
2026-01-13,1599.0,1618.0,1586.4000244140625,1618.0,8080618
2026-01-14,1599.800048828125,1617.0,1583.0999755859375,1588.0,7557157
2026-01-15,1599.800048828125,1599.800048828125,1599.800048828125,1599.800048828125,0
2026-01-16,1689.800048828125,1694.0,1653.4000244140625,1663.699951171875,19335957
2026-01-19,1681.199951171875,1685.0,1666.5,1685.0,5104958
2026-01-20,1658.9000244140625,1680.199951171875,1652.9000244140625,1673.0,6406503
2026-01-21,1654.4000244140625,1657.0,1631.199951171875,1651.0,6224582
2026-01-22,1663.5,1671.199951171875,1653.800048828125,1666.0,6228892
2026-01-23,1670.800048828125,1675.699951171875,1662.199951171875,1667.199951171875,5869137
2026-01-27,1682.699951171875,1689.4000244140625,1661.0999755859375,1685.800048828125,10673087
2026-01-28,1666.5,1688.800048828125,1650.0,1680.0,8588664
2026-01-29,1659.5,1666.5,1642.0999755859375,1658.0,4749582
2026-01-30,1641.0,1655.0,1618.0999755859375,1655.0,9207926
2026-02-02,1629.4000244140625,1662.0,1618.0,1662.0,6784887
2026-02-03,1656.0,1728.0,1653.0,1727.199951171875,8805868
2026-02-04,1535.800048828125,1584.9000244140625,1510.0999755859375,1574.0,28828622
2026-02-05,1520.199951171875,1551.0,1515.699951171875,1534.0,10628127
2026-02-06,1507.0999755859375,1525.0,1480.0,1522.0999755859375,13900866
2026-02-09,1497.199951171875,1528.0,1493.0,1522.0999755859375,8294615
2026-02-10,1497.800048828125,1515.9000244140625,1491.0,1500.0,8657000
2026-02-11,1471.9000244140625,1505.9000244140625,1469.0,1501.199951171875,7934411
2026-02-12,1386.0,1435.699951171875,1380.5,1428.9000244140625,26048896
2026-02-13,1369.0999755859375,1377.300048828125,1281.5,1293.9000244140625,45785709
2026-02-16,1365.5999755859375,1376.0,1338.300048828125,1373.699951171875,14621891
2026-02-17,1391.199951171875,1431.0,1367.0,1370.0,25347684
2026-02-18,1373.699951171875,1401.0,1345.300048828125,1390.9000244140625,20241373
2026-02-19,1370.5,1402.0,1363.199951171875,1385.0,14574228
2026-02-20,1353.199951171875,1365.0,1338.199951171875,1359.199951171875,12633552
2026-02-23,1327.5,1352.0,1318.0,1352.0,12887826
2026-02-24,1275.5,1303.5999755859375,1264.0999755859375,1301.0,27839061
2026-02-25,1290.0999755859375,1323.5999755859375,1286.199951171875,1286.199951171875,16669618
2026-02-26,1289.0999755859375,1314.0,1286.300048828125,1305.5,11493914
2026-02-27,1300.0999755859375,1335.0,1294.199951171875,1326.300048828125,23141724
2026-03-02,1288.9000244140625,1298.800048828125,1273.0,1291.0,9700361
2026-03-04,1307.4000244140625,1317.0,1292.0,1292.0,15154950
2026-03-05,1305.800048828125,1320.0,1290.0999755859375,1320.0,10362147
2026-03-06,1308.4000244140625,1327.199951171875,1303.0,1303.0,8724291
2026-03-09,1315.0,1318.0,1282.5,1290.0,10068514
2026-03-10,1295.5999755859375,1321.0,1284.0999755859375,1320.0,9600171
2026-03-11,1276.300048828125,1299.5,1271.300048828125,1288.0,7868891
2026-03-12,1265.800048828125,1278.5999755859375,1258.0,1272.5,7599940
2026-03-13,1248.300048828125,1269.5999755859375,1242.5999755859375,1251.0,7366098
2026-03-16,1249.800048828125,1254.300048828125,1224.199951171875,1240.199951171875,12314450
2026-03-17,1232.9000244140625,1245.0,1215.0999755859375,1245.0,11223276
2026-03-18,1267.0999755859375,1290.800048828125,1234.9000244140625,1238.0,12365381
2026-03-19,1220.800048828125,1255.0,1215.0999755859375,1244.199951171875,9156461
2026-03-20,1255.9000244140625,1264.800048828125,1229.199951171875,1242.0,27299975
2026-03-23,1256.800048828125,1261.0999755859375,1227.4000244140625,1238.199951171875,12420293
2026-03-24,1278.300048828125,1297.0,1251.0,1269.0,13612826
