Price,Close,High,Low,Open,Volume
Ticker,LUPIN.NS,LUPIN.NS,LUPIN.NS,LUPIN.NS,LUPIN.NS
Date,,,,,
2021-03-24,985.77978515625,1000.4339862705972,978.3309119426216,982.3230819888348,1513475
2021-03-25,966.1595458984375,994.1049132566889,957.7857000865483,984.8060350814404,1449925
2021-03-26,953.2092895507812,977.6006075646185,949.363139816238,977.6006075646185,4302151
2021-03-30,979.4507446289062,983.2968352170781,959.1002684600246,963.8714509280327,1875760
2021-03-31,993.6181030273438,997.2694403747339,978.3309099654149,988.21404768244,1332484
2021-04-01,999.995849609375,1007.7367631210324,992.3035500710349,1005.8380843685339,1089119
2021-04-05,1001.8945922851562,1004.280242947032,980.7652227689883,999.9959134115174,754402
2021-04-06,1014.504150390625,1019.616106110701,1002.186747597755,1002.186747597755,1688797
2021-04-07,1007.006591796875,1023.4136312606053,1004.8644863662964,1017.5226630356393,1891891
2021-04-08,1021.7095947265625,1029.1583493816868,1006.8118476951595,1007.0065413206955,1219057
2021-04-09,1051.0667724609375,1058.4182994539997,1018.2529316044345,1021.4174757380366,3350515
2021-04-12,1017.6686401367188,1071.0276466338767,1008.7592082990291,1049.6548518787195,3872497
2021-04-13,1008.7592163085938,1030.8622905888872,995.2246818157366,1022.3910976100613,1528367
2021-04-15,1022.4398193359375,1028.9636006293877,993.2285860055985,993.4233390509892,1780723
2021-04-16,1028.087158203125,1041.037491792025,1016.0619163623243,1026.2858263975945,1745500
2021-04-19,1036.6558837890625,1044.5428768451432,1001.6510896364751,1017.5225414152176,2241444
2021-04-20,1061.1446533203125,1070.1026993465912,1035.19536936841,1047.7074654203204,3814733
2021-04-22,1032.8585205078125,1077.7950710029415,1029.2071234284779,1071.0764766048492,5134587
2021-04-23,1047.950927734375,1055.1076420053234,1009.3434667639616,1018.4963255843496,4659292
2021-04-26,1034.6112060546875,1052.4786847612006,1028.8663177254107,1046.6850635948351,2024621
2021-04-27,1038.5059814453125,1044.7376035543293,1023.4621553319394,1039.9178073286364,1349263
2021-04-28,1027.016357421875,1046.2957829011225,1023.462306909212,1041.8653732556588,1483859
2021-04-29,1027.7464599609375,1036.8993181467254,1021.6120659479706,1032.1281360100365,1468236
2021-04-30,1041.37841796875,1054.4261002736205,1017.5226243827431,1017.5226243827431,1822879
2021-05-03,1044.640380859375,1054.426172977918,1032.4690567619768,1039.917930881702,1472210
2021-05-04,1030.132080078125,1049.5088507094356,1021.9043130012418,1049.5088507094356,1639164
2021-05-05,1168.933837890625,1177.2103373675682,1040.8427896179394,1049.752221650528,26466899
2021-05-06,1166.7916259765625,1187.1419806830181,1139.7225590879168,1178.0865886934887,9044946
2021-05-07,1165.087890625,1208.369072135079,1158.7100691706237,1163.4812520510911,6631281
2021-05-10,1190.4041748046875,1208.904586581669,1173.8024419553217,1196.6845302057986,4876282
2021-05-11,1165.86669921875,1214.016525787863,1161.6311024580139,1187.8238141229385,3814186
2021-05-12,1180.3748779296875,1194.3475326465734,1162.0205470315818,1180.0827186400434,3613876
2021-05-14,1147.463623046875,1201.358337480425,1135.3410326354365,1178.184090470736,5406128
2021-05-17,1157.88232421875,1162.604773773941,1139.2358335975805,1162.604773773941,2610218
2021-05-18,1155.69140625,1169.420633883176,1150.9689570210035,1164.552105016052,1888387
2021-05-19,1175.1168212890625,1187.2881437924927,1154.328226225318,1158.6125555186397,2944046
2021-05-20,1172.6339111328125,1187.9210442398687,1165.9639314926833,1185.6814734155173,1837382
2021-05-21,1182.6143798828125,1185.8762704109208,1173.8022951991811,1178.768170809495,1248152
2021-05-24,1167.278564453125,1205.0582783020016,1164.1626345664547,1182.6630448277735,3053876
2021-05-25,1179.20654296875,1185.8764044149636,1159.7810395201868,1177.8919449540458,1714228
2021-05-26,1164.50341796875,1187.2881577348473,1161.9231926561802,1186.557878376066,1187994
2021-05-27,1171.7088623046875,1175.2141794474162,1156.7625018982346,1172.2444480442398,2727038
2021-05-28,1177.1129150390625,1179.8392198460972,1159.245438145489,1171.7088005360044,1128334
2021-05-31,1187.434326171875,1192.6923617203981,1163.140411897339,1176.2367084998975,1983470
2021-06-01,1177.4049072265625,1192.6921583228375,1168.446862160887,1188.8946822487023,1062305
2021-06-02,1214.4547119140625,1234.3183365064217,1179.1578722212305,1179.9368845035137,7160455
2021-06-03,1199.9951171875,1221.8547660463648,1194.2502288818314,1221.8547660463648,1723616
2021-06-04,1199.1187744140625,1211.2900977434786,1190.8422745500595,1210.8032448103017,1507257
2021-06-07,1201.1148681640625,1205.155652249996,1190.9883038103367,1199.5568437553552,1039414
2021-06-08,1203.889892578125,1210.0241678918992,1186.363187920645,1202.4293338566683,1034753
2021-06-09,1187.77490234375,1225.700811568201,1182.3709068978271,1204.4739792641078,2217064
2021-06-10,1196.48974609375,1210.316321042525,1188.8947932364626,1188.8947932364626,1049039
2021-06-11,1197.9989013671875,1207.297839255692,1192.7895991349164,1197.6581281109773,1161116
2021-06-14,1161.2901611328125,1173.802255974782,1142.2541665920658,1158.7098171795858,2902671
2021-06-15,1155.253173828125,1168.3008550374586,1151.9912832409336,1161.2902209736276,1221666
2021-06-16,1145.9056396484375,1161.825705604773,1142.449055396829,1158.7098946088765,940258
2021-06-17,1132.1763916015625,1150.4821077436047,1122.6827602808871,1140.2094642575184,1287180
2021-06-18,1125.21435546875,1142.0595127056617,1111.0956219112973,1134.3672134091432,1379262
2021-06-21,1126.1395263671875,1132.9554671840658,1107.6877295537217,1119.7617056300212,954168
2021-06-22,1128.4764404296875,1135.243767961941,1122.5368580266975,1131.5436378823933,889616
2021-06-23,1124.0947265625,1142.936030779959,1121.222341707223,1130.4725477395448,1244350
2021-06-24,1109.7325439453125,1128.1356088503167,1101.6021236190363,1124.0947056760053,1157636
2021-06-25,1122.0498046875,1130.1316100103654,1104.1823278285256,1118.2037144936994,855782
2021-06-28,1133.636962890625,1138.6028386338576,1124.776263998101,1127.6486485264754,1302737
2021-06-29,1130.6671142578125,1143.3740223441664,1124.970959166215,1125.652624534625,833000
2021-06-30,1118.88525390625,1134.3671991082524,1115.4772837801736,1129.4013235537973,1016310
2021-07-01,1116.0615234375,1123.6077432727018,1109.5377422209726,1117.814241395065,821431
2021-07-02,1129.9854736328125,1136.3145607320052,1118.8365908253813,1121.660242288881,1226125
2021-07-05,1127.4539794921875,1135.3409727693281,1119.7616798325278,1133.3448283175717,744320
2021-07-06,1110.5601806640625,1125.4578078587317,1108.0771833679996,1124.6301817135673,826502
2021-07-07,1117.814208984375,1123.607710694031,1103.2086226300496,1109.7324036574219,1093022
2021-07-08,1110.1220703125,1126.9672298887162,1106.1298999036264,1119.7617824728613,772404
2021-07-09,1117.6683349609375,1120.2486794636754,1107.8826616196545,1110.122113956293,619863
2021-07-12,1120.491943359375,1125.506551974679,1115.8668408341027,1117.814252423691,461720
2021-07-13,1134.464599609375,1139.2357817838317,1120.638024844774,1125.6039006342817,1269535
2021-07-14,1140.988525390625,1144.006989655141,1127.746031173722,1136.8015428278434,722071
2021-07-15,1131.2513427734375,1146.9279809510504,1129.1091188925425,1145.0779163277284,852834
2021-07-16,1148.7293701171875,1150.871475244508,1130.8131603648612,1131.2513992731085,989827
2021-07-19,1155.447998046875,1160.2191801840893,1139.2357728913078,1145.954366606114,804486
2021-07-20,1143.130615234375,1160.219199658811,1135.827821695825,1159.6836139217553,941996
2021-07-22,1148.4373779296875,1153.3546402762809,1140.209610606606,1146.0518460153503,874999
2021-07-23,1150.141357421875,1154.8151932693906,1145.1268671432779,1148.43737210297,828212
2021-07-26,1140.9398193359375,1160.1705096981177,1137.6779285402906,1147.0254808429565,756766
2021-07-27,1088.4090576171875,1148.479110314994,1072.3511811243422,1145.1011342568113,2687649
2021-07-28,1079.9395751953125,1094.626636571686,1065.693197374397,1088.4091378270768,1356732
2021-07-29,1063.2452392578125,1086.8424247554408,1055.0694665438764,1080.478032178044,1395326
2021-07-30,1084.2967529296875,1104.0752800943328,1058.3496124933847,1067.2597387007527,1455348
2021-08-02,1100.795166015625,1103.4877937288054,1087.821596124847,1091.542365865228,1133501
2021-08-03,1120.3289794921875,1125.5184555875069,1102.6556209120042,1108.3835508699938,1528382
2021-08-04,1128.162109375,1134.6733972488917,1116.853143669032,1130.854737332175,1152007
2021-08-05,1121.4061279296875,1135.11405172405,1114.1114824820927,1128.1620804665924,775351
2021-08-06,1126.8402099609375,1131.4911124337723,1118.7134415646728,1123.119559696832,417014
2021-08-09,1110.048095703125,1132.2745878616236,1094.675685319798,1130.3651980916634,1073469
2021-08-10,1096.535888671875,1127.4766035176176,1086.8914101496307,1115.1883825651948,1482725
2021-08-11,1028.82861328125,1068.2388932570486,1013.7988782386793,1057.4193772803367,6367364
2021-08-12,955.589111328125,1011.4488853477791,952.7985340158253,1008.511473289654,9765212
2021-08-13,956.4703369140625,969.2970725988829,933.9012319939526,967.3877427332329,5364503
2021-08-16,947.4132690429688,964.3523928838221,938.5031431276973,956.4702894643889,2287661
2021-08-17,954.0224609375,963.7648896027254,949.4695080795234,954.6589241249707,3133363
2021-08-18,952.5047607421875,959.5545613082404,944.8675016963796,959.1139375675249,1850713
2021-08-20,907.2686767578125,947.5602040429172,901.7855313082167,943.8394939334199,3344255
2021-08-23,906.2894897460938,920.976549712345,895.8617130271352,916.4725418940812,2703012
2021-08-24,920.1932983398438,923.5223893386205,896.6450562886637,912.5560387234884,3109401
2021-08-25,921.1724853515625,926.2640119573892,913.7310647627584,924.1098976516388,1502010
2021-08-26,917.892333984375,925.0400247903843,914.5632430415094,925.0400247903843,1356807
2021-08-27,920.487060546875,927.7327013273995,913.1435299295077,917.8923822524883,2000385
2021-08-30,932.6283569335938,936.0553377727199,922.3474144162155,922.3474144162155,885514
2021-08-31,937.8667602539062,939.8740397880731,927.5858172736216,934.4887839412573,1286167
2021-09-01,942.1749877929688,945.3082395072811,930.1805543292495,940.9510660109565,1069926
2021-09-02,947.6090698242188,953.5818432291766,943.2029519610294,943.790470199867,1376857
2021-09-03,949.2247314453125,952.6027673104593,943.8884208481157,952.6027673104593,497046
2021-09-06,961.4639282226562,974.045819205734,947.6580557960853,954.6589117200863,1827279
2021-09-07,968.954345703125,970.8147306650969,957.6942656197679,965.4294749730566,679480
2021-09-08,961.6597900390625,969.394939390413,952.945443557754,969.3459944743656,1616070
2021-09-09,961.3170776367188,963.4711918472747,953.7777077806751,959.5546422869198,1039035
2021-09-13,963.569091796875,966.3107243273472,955.687047676278,961.0233584606414,694262
2021-09-14,962.1494140625,969.4439400653746,958.6244834773161,963.9607943930516,660129
2021-09-15,968.70947265625,974.2416223562587,962.4919746494496,966.9470374525883,1189843
2021-09-16,947.90283203125,964.4502769310304,937.4750552494313,959.5545902461014,2960830
2021-09-17,931.1106567382812,947.8049362771668,924.158745832061,947.8049362771668,2486651
2021-09-20,914.26953125,922.2495248250693,892.9732931726908,901.7855296184739,3490753
2021-09-21,910.6956787109375,917.4028058086581,895.2253196264987,910.5977888749201,1707370
2021-09-22,920.38916015625,924.3057097739361,910.304056843069,910.6956759477549,1577549
2021-09-23,920.7318115234375,928.2222363863397,910.597763543561,928.2222363863397,1054360
2021-09-24,906.8770141601562,927.2430588326312,903.5479233071458,923.3265094817014,1085830
2021-09-27,916.6195068359375,921.1724599182663,895.9596717053957,908.2968388821744,1699656
2021-09-28,929.1034545898438,933.7543569986901,908.6394600861992,920.389108276969,2237837
2021-09-29,927.7815551757812,943.9373209481566,925.2847669633195,935.0761401586985,3389317
2021-09-30,931.7470703125,940.8530953983384,926.4597645252204,931.0617219828569,1396059
2021-10-01,946.2384033203125,947.8049992490604,923.3265643510991,926.2639765388545,1266634
2021-10-04,941.2937622070312,958.3797226356501,938.6501389055373,949.6654352011188,1600549
2021-10-05,943.6436767578125,946.8258733331306,935.0762244396482,943.7905712737029,723349
2021-10-06,927.3899536132812,946.8747507828602,921.5640744996838,945.3570998612846,1112147
2021-10-07,936.104248046875,941.8811822951919,931.159616400055,939.9718525174058,693444
2021-10-08,927.536865234375,945.6019625705587,925.8233747508145,939.9719224102888,902738
2021-10-11,938.5031127929688,941.9300933821971,925.578488332662,932.1387202701161,625803
2021-10-12,946.1404418945312,955.6380864685568,938.2094529914705,940.9510257134049,1103519
2021-10-13,943.2030029296875,959.4567188937361,939.6291874379472,946.9237129295246,1254976
2021-10-14,926.70458984375,947.9518830473581,925.2848286833567,943.2030308737532,938940
2021-10-18,916.9132080078125,926.7045817710188,908.9332144860782,919.4099963650696,1494605
2021-10-19,918.8225708007812,925.774422517289,913.8289341453501,922.151602142597,1702179
2021-10-20,910.2550659179688,919.6058157052164,899.2397706749751,918.8225177736305,1305385
2021-10-21,905.0166625976562,918.3329667376332,889.1056802743437,918.3329667376332,1337084
2021-10-22,900.1209716796875,920.2422326672146,894.9315555745587,905.0166585263755,1490587
2021-10-25,908.786376953125,914.5143066823351,881.2725809057077,901.3448970587997,1886771
2021-10-26,910.4019165039062,920.2422351398287,904.7229316988497,910.6956457631363,1053103
2021-10-27,917.3048095703125,925.6274771099803,911.1852010852626,915.1997001085364,833917
2021-10-28,863.3543701171875,910.5488029821063,859.6826050046959,883.7204153221137,3498287
2021-10-29,903.6459350585938,935.0762218571326,862.8648382320399,877.3071149570585,7118661
2021-11-01,924.6483154296875,928.0752960911693,901.3938037982032,906.6811692949238,1016327
2021-11-02,911.3321533203125,929.201411228554,909.3249335624328,927.879599616776,675353
2021-11-03,916.374755859375,919.9975165852776,903.3521800715164,916.2768062580923,881906
2021-11-04,914.7590942382812,921.368271531413,912.5560351405707,920.3891341546528,63428
2021-11-08,909.9122924804688,916.4235795127879,892.9732289279453,915.4933871136282,602828
2021-11-09,917.7943725585938,922.8858987389469,907.1707561991366,913.2414197310269,673669
2021-11-10,922.3963012695312,929.7887760905116,915.4444501953482,918.332917244576,864332
2021-11-11,916.1298828125,924.207765926901,907.6603208544987,922.3963259775002,436182
2021-11-12,928.4669799804688,930.1804703205329,910.4508290716457,921.3682342859173,731054
2021-11-15,925.0400390625,939.8739942631163,923.3265486487827,923.4734431603939,1010685
2021-11-16,912.0665283203125,930.8659791816916,909.4228452713705,930.8659791816916,787318
2021-11-17,891.1619873046875,912.0665482690399,889.3016022172362,912.0665482690399,910638
2021-11-18,879.9507446289062,888.0775726467423,872.4113751138339,888.0775726467423,1054094
2021-11-22,853.1223754882812,883.6225283598058,850.3318578984471,883.6225283598058,1154119
2021-11-23,864.5782470703125,870.0613921164352,845.1423953189213,850.8703246932067,805986
2021-11-24,876.0341796875,882.2027329041703,866.7813199815946,871.2363828735344,841679
2021-11-25,880.4892578125,883.1818855122324,868.6906647533054,878.0903593640146,697779
2021-11-26,896.2533569335938,911.5768804943144,873.0478493534375,875.3487982405125,2236599
2021-11-29,874.3697509765625,911.136350613417,867.5157887628604,910.6957268044603,1471865
2021-11-30,865.9490966796875,879.9996937545246,858.8503508886217,875.2509015093598,1886499
2021-12-01,853.2203369140625,876.327955179436,846.0236413133284,871.3343784457045,1072115
2021-12-02,857.3327026367188,865.1658020112408,849.5975528614615,859.6826563537976,1015336
2021-12-03,854.7869262695312,865.5574373680018,852.8775964406237,859.4867737055943,836962
2021-12-06,840.3446655273438,864.431421432669,838.1905513155479,861.5919588568595,789195
2021-12-07,848.0798950195312,857.6264848057916,835.6937828280202,845.778886239606,817829
2021-12-08,870.6979370117188,873.2436703588727,851.3110283536416,853.6119773496537,1787822
2021-12-09,869.0333251953125,878.7268086659859,864.5293173825188,878.7268086659859,897841
2021-12-10,865.4595336914062,875.7894208546128,862.2283326041099,866.5365608793039,656745
2021-12-13,865.5574340820312,877.6497566828681,859.3888806105039,876.8175138240487,1374176
2021-12-14,923.37548828125,952.113206055363,864.1866220909151,867.270928722677,10436546
2021-12-15,899.680419921875,925.0890486422619,896.4492782967997,925.0890486422619,1634938
2021-12-16,884.5526733398438,905.6041255900709,878.7757392827363,904.7228781027836,804247
2021-12-17,856.5983276367188,888.2734582784677,852.0943195164182,885.6297753548984,1280895
2021-12-20,856.89208984375,860.0742862835624,835.7426868789922,853.8077832358264,1025474
2021-12-21,857.4795532226562,867.0261425962456,854.8358703668403,861.6408870521695,691188
2021-12-22,883.5245971679688,889.2525867384384,857.2837271513063,858.7034883146775,1276547
2021-12-23,893.4139404296875,895.0294812967952,879.9997459795027,889.0567670090553,1038358
2021-12-24,879.0206298828125,906.3875330690636,876.91546049856,894.8826682390742,1353165
2021-12-27,897.3305053710938,898.8481564279518,881.2236827725018,884.9443930362912,1580113
2021-12-28,897.477294921875,904.722935408875,894.6867773050427,898.8481111529732,595298
2021-12-29,910.2060546875,915.3955304407217,898.8480853567753,898.8480853567753,1206098
2021-12-30,918.2839965820312,921.613087682632,905.7021047611523,905.7021047611523,1055476
2021-12-31,930.914794921875,936.838563678721,916.570409465112,921.3682061756343,1433403
2022-01-03,925.5296020507812,937.0344661862974,922.4452954203687,931.1596419468849,773806
2022-01-04,912.8987426757812,931.3065738409537,910.5977936610371,925.578584120519,382536
2022-01-05,912.60498046875,919.9974557142644,904.7229365346345,914.5143103066545,453467
2022-01-06,903.8906860351562,921.4172090819744,902.0303011294628,912.5560278454918,637963
2022-01-07,896.9387817382812,911.7237919796528,894.9315620689335,910.5977600920221,666082
2022-01-10,918.724609375,922.1026453533433,896.9388022509098,897.8689947321644,982302
2022-01-11,926.3128662109375,932.1387453215573,915.0527868294271,922.2494821172987,1160947
2022-01-12,932.9710693359375,934.537725069376,917.5496549280659,928.5649509336885,902540
2022-01-13,938.94384765625,951.183065494822,932.7262891371719,934.0971054398143,1769485
2022-01-14,931.9429321289062,942.762388060658,928.7607356924027,938.943788193935,534975
2022-01-17,922.8859252929688,933.8033309814525,915.7382343734489,931.942946055283,710204
2022-01-18,924.011962890625,941.9301650976055,917.4517304536969,922.3474173824786,1620486
2022-01-19,939.433349609375,949.1267735915816,913.6330443820691,925.2848028410848,1270932
2022-01-20,919.8995361328125,939.7760122948707,914.563225647271,938.7968749493328,965567
2022-01-21,884.5526733398438,918.381855584942,878.8736291094131,917.89228692796,1198180
2022-01-24,902.7646484375,914.0247281089005,879.7549204133338,879.7549204133338,2304612
2022-01-25,896.8408813476562,911.1852078866023,889.0567273442094,892.5326530373028,1482316
2022-01-27,869.5719604492188,894.491020934187,863.5503008848684,894.491020934187,1677902
2022-01-28,880.9788208007812,902.76462659441,870.6489338262747,874.7613226026007,1123033
2022-01-31,889.1546020507812,895.7637791515407,871.4322399519838,881.4683977716555,1179252
2022-02-01,885.1891479492188,904.0375427593569,881.7621670746482,902.7646761011629,1225551
2022-02-02,894.490966796875,899.5824932689623,885.6297852100968,894.6378613127428,1014602
2022-02-03,881.2236938476562,894.0993750569307,877.3071440972221,887.0985184733073,1420412
2022-02-04,854.003662109375,881.174725273623,841.4707151967855,868.4948838446129,7628986
2022-02-07,787.911865234375,844.8976729628178,784.8275585685772,841.0790132586683,5308221
2022-02-08,771.1685791015625,793.9335232609023,768.0843322015726,787.9608091281194,3627659
2022-02-09,784.2401123046875,788.1077169861721,769.7488907403314,779.3933702234247,2378442
2022-02-10,789.5274047851562,795.0595549031817,783.3099063085534,791.5836291462981,1583276
2022-02-11,781.449462890625,788.6461579732972,774.9871805519549,788.6461579732972,1279333
2022-02-14,745.4661865234375,775.1830405147458,742.1861003540336,773.5184950919347,2849642
2022-02-15,748.2568359375,751.7817067806793,732.394797619581,749.4807577249659,2476433
2022-02-16,761.1814575195312,765.8813052035878,750.6067255281471,759.2721275898755,1201353
2022-02-17,756.1878051757812,768.9165914281001,751.0473338046525,768.9165914281001,1532083
2022-02-18,751.7327270507812,762.552183198598,748.844259813758,757.7054411923117,1434385
2022-02-21,744.8787841796875,750.4109344473608,737.1435747409274,745.906866507167,1027437
2022-02-22,736.5072021484375,739.1018805349314,720.9388927822448,734.3530878051808,1144344
2022-02-23,740.2278442382812,747.081805759006,737.6331063292861,738.9549776225069,995845
2022-02-24,698.32080078125,726.5199457529948,696.1666865638534,724.5616709665985,1977871
2022-02-25,726.4710083007812,728.4782280251025,698.8593215765012,698.8593215765012,1326234
2022-02-28,730.2896118164062,733.0312443681161,713.6932805610606,721.6242696607513,1245957
2022-03-02,712.9588623046875,733.7165256455322,707.9162812101582,725.5407529415315,1187558
2022-03-03,704.4893188476562,723.7293915575974,702.0904204030421,723.7293915575974,866031
2022-03-04,689.6553955078125,703.9997821503682,688.1377445083887,700.0832325973759,1472959
2022-03-07,686.1795043945312,688.8721323482326,664.6384807649199,682.458794083596,1348569
2022-03-08,693.6209106445312,696.6562124722977,678.0526031441549,686.1794310561941,1448596
2022-03-09,723.9742431640625,725.7366785942639,697.929151542442,703.9019257515437,1971153
2022-03-10,724.1210327148438,736.8987634883396,721.6242443644508,728.4782059798526,926663
2022-03-11,732.296875,738.759157843813,722.1627671963528,722.6033909724772,1375395
2022-03-14,729.6531372070312,746.0047422776855,721.6241992923951,739.2486709169042,1311545
2022-03-15,722.5545043945312,742.0883087775742,717.9036014348452,731.4646314231012,1167960
2022-03-16,733.9613037109375,735.332119849731,724.561609439149,727.9885900243343,931860
2022-03-17,749.3827514648438,755.0127912615054,735.3321543118087,735.3321543118087,1488416
2022-03-21,739.3956298828125,760.740813203341,736.9967313057462,750.851489628085,1072681
2022-03-22,741.4517211914062,749.6274937501379,734.9894389094457,742.3329686670363,1261865
2022-03-23,730.730224609375,753.9357927811021,728.037596778014,744.5360977108904,1304255
2022-03-24,758.4397583007812,761.524064820977,726.7157443986848,729.4573169934141,2161602
2022-03-25,740.570556640625,762.7969878147476,733.0312463880616,762.4543136257419,1026805
2022-03-28,736.7029418945312,750.019185513285,731.9051451320895,738.2695376984556,856392
2022-03-29,745.6131591796875,750.998415089718,735.9686793182644,738.2696283932821,2037295
2022-03-30,733.4718017578125,750.9983851063458,729.849041190602,747.7182987240972,2245552
2022-03-31,731.464599609375,737.437373744387,723.4356607916015,737.3883690638119,1413277
2022-04-01,749.5296630859375,750.9004793202737,720.4492709981721,729.4084019143058,1096987
2022-04-04,774.0570678710938,775.6237235848808,746.3474911079986,752.9566686284696,3218546
2022-04-05,760.0064697265625,778.9038097904886,754.5232643725258,777.9246723803184,1219898
2022-04-06,756.6773681640625,769.6019937519523,754.9149328024876,758.2929687732252,919222
2022-04-07,768.2311401367188,770.5810936790882,751.9774840476998,758.831445490843,1301142
2022-04-08,765.7344360351562,775.2810262376731,762.0137256521779,775.2810262376731,790354
2022-04-11,769.1124267578125,773.7143844845358,763.7271710644096,767.6437206596117,526049
2022-04-12,757.4606323242188,772.9310503100006,749.6275335007551,769.1123907288415,701114
2022-04-13,756.8732299804688,763.3845177653594,750.0192680013442,760.7897796828257,970871
2022-04-18,754.0826416015625,764.4614734360965,748.6483815890224,758.7824888518836,675700
2022-04-19,753.4462280273438,766.9583121721594,745.1235601414016,758.8314837182475,1627429
2022-04-20,760.985595703125,780.8620728785827,753.9357945034592,753.9357945034592,1613702
2022-04-21,766.1260375976562,769.6019632656432,752.9566281822897,769.6019632656432,936009
2022-04-22,738.4653930664062,767.5947289032438,733.0311927870202,759.8105751054095,1161567
2022-04-25,710.2662963867188,736.7519511984025,707.9163427136529,732.3947778005703,950013
2022-04-26,742.7735595703125,744.633944414398,717.7076676604256,718.6868049969337,1380761
2022-04-27,727.107421875,740.7174558744408,725.051257204261,740.1299973290312,559308
2022-04-28,733.0311889648438,738.7591184637191,723.6314347018634,732.9821842887062,756967
2022-04-29,729.1146850585938,751.8306248121263,726.9605708373301,734.353046216886,919619
2022-05-02,726.3731079101562,744.1444768879269,718.3931733900879,724.5617274961393,474601
2022-05-04,711.5880737304688,736.7519157411339,707.0350611187007,727.841729941229,715797
2022-05-05,711.1964111328125,728.8698886282567,708.4058935081649,716.2389925379719,529753
2022-05-06,708.74853515625,713.7911163299677,697.243671484265,705.4684489927871,699658
2022-05-09,717.756591796875,722.7991728386363,699.2019278548174,708.7485166094112,703947
2022-05-10,699.5447387695312,727.939723831744,696.9500007125724,717.5608313657142,759189
2022-05-11,701.845703125,709.5319678651158,686.4242884870697,703.9998174394849,1815949
2022-05-12,679.668212890625,699.9853128278972,668.3101838155995,699.1040653114397,1338840
2022-05-13,681.8223876953125,693.4252031567082,676.5840258715095,685.396263545668,894546
2022-05-16,670.7579956054688,685.7387843474157,658.4698344392958,683.4378355964735,1174257
2022-05-17,676.486083984375,678.5422487121132,660.9667196394308,675.6048363800261,1027474
2022-05-18,669.0445556640625,687.9908997069742,666.4988223965273,676.5839253957973,1432014
2022-05-19,621.6053466796875,641.090204599735,607.0651803769922,621.9970255394908,7828844
2022-05-20,625.081298828125,632.522718672493,612.9399719643664,622.7313453184297,2631657
2022-05-23,605.5964965820312,636.8799492228255,603.3444924597947,628.4103866027684,1858512
2022-05-24,588.3146362304688,612.9889087060986,584.1043576967152,605.3027046303553,2265789
2022-05-25,577.9358520507812,596.4905177877457,570.8371058798907,589.9302852360792,1315217
2022-05-26,587.9719848632812,591.3989656243494,572.0610027583215,578.866019364803,982546
2022-05-27,593.112548828125,595.3156082335947,583.6149029944045,592.3781956929685,920769
2022-05-30,600.1133422851562,604.2256715962832,596.3436274008835,597.6164940810802,964272
2022-05-31,605.6943359375,611.9608388318585,591.1541703115753,597.2737786998939,3069486
2022-06-01,595.2666015625,611.0306899905739,591.6437811858319,608.5828464606367,1686662
2022-06-02,599.91748046875,601.6799157880224,589.4406986239048,593.4061930327184,894347
2022-06-03,598.3998413085938,608.9255682775729,593.5530992635403,599.8685473972885,1497965
2022-06-06,592.8187255859375,600.6028795374505,586.5032776720005,598.3998204810865,1548501
2022-06-07,596.93115234375,598.252963956772,585.5731224082731,592.1822999969935,864321
2022-06-08,600.4070434570312,602.071588927914,590.4198303935364,593.5041369943428,908704
2022-06-09,605.4985961914062,614.8493464727741,596.2946806639567,599.9175010210083,955120
2022-06-10,605.7433471679688,610.3942495934119,599.2320598676278,600.8966053196203,489515
2022-06-13,599.4768676757812,604.5683940616481,591.3989841995458,599.2320833280165,795186
2022-06-14,596.6373291015625,607.065165937303,593.8468115177005,594.8259488821155,801599
2022-06-15,600.8966674804688,603.6382403993451,595.3155720402301,601.533070968493,524096
2022-06-16,590.4197998046875,605.4005887428945,587.7271721936379,602.6590162185491,1304335
2022-06-17,585.1325073242188,592.9166618858004,580.5306091885902,587.4824610732343,908185
2022-06-20,594.1405029296875,597.2248093358544,582.5866947178939,585.5730515367773,621098
2022-06-21,616.7096557617188,621.6543473471643,596.2457203478177,597.2738026459132,1735545
2022-06-22,600.3580932617188,622.7313579239188,596.5394336716156,616.7096392845566,1283868
2022-06-23,615.6815795898438,618.6189917632321,600.8966288885103,602.610119322987,556155
2022-06-24,616.2691040039062,623.8574188605454,608.2891102822027,620.577272710593,1133553
2022-06-27,616.8565673828125,627.5291890406655,615.3878612699963,617.1992415710811,819634
2022-06-28,620.2345581054688,622.0948831887799,608.5338549753841,611.9608356550524,503079
2022-06-29,607.70166015625,619.4023044489662,605.1069221033501,615.8284887434647,585868
2022-06-30,598.2039794921875,606.7714313556354,594.8259436622392,602.1694738309088,1191662
2022-07-01,615.1920166015625,617.3950757520421,596.0009474621064,600.3091161659618,908035
2022-07-04,615.1920166015625,620.9200062498919,608.2401649647708,613.8212600983466,386921
2022-07-05,614.8983154296875,623.9063918756049,612.5483616570806,619.7940026544462,707377
2022-07-06,616.8076171875,620.773111705815,608.1422153389403,612.9400125044799,528205
2022-07-07,619.7939453125,637.4184176910545,609.3661085838014,631.5435935648698,1702861
2022-07-08,621.7522583007812,627.8718671423244,616.9055161459181,626.6479453740158,679920
2022-07-11,629.1446533203125,631.1518728111232,618.4230880495564,618.4230880495564,551206
2022-07-12,620.0877075195312,630.5644897203514,617.8357034371767,629.8790815835118,440534
2022-07-13,633.5018310546875,637.4183802420426,619.6470143996997,626.1093564159144,908379
2022-07-14,633.7481689453125,644.1915659425188,627.6397408323787,640.2506523385059,1202079
2022-07-15,631.3836059570312,636.6546140595749,626.7037709838711,633.7481782074245,566608
2022-07-18,635.866455078125,639.1669462771488,629.0683548330783,632.6151531404939,708007
2022-07-19,634.2900390625,640.3984672382559,631.0880467263087,635.4723251825769,786644
2022-07-20,647.7876586914062,652.0733780833139,634.1915190984371,637.4427607199085,661743
2022-07-21,640.3984985351562,655.4724819355,637.4920625535514,650.2507831280049,1012272
2022-07-22,630.0043334960938,644.3393951692457,626.6052833755967,643.3541667362651,868452
2022-07-25,623.1077270507812,633.8466807623415,616.7529917069587,633.8466807623415,820286
2022-07-26,618.4771728515625,626.6053077396954,615.7677945555182,626.3097512250234,695563
2022-07-27,631.0880737304688,632.2703599011355,613.8958251937818,615.7677833084686,584598
2022-07-28,632.12255859375,635.4723594255465,627.8368388277977,635.4723594255465,485945
2022-07-29,634.5856323242188,639.0684699614584,621.6791634440242,632.6151753877875,1231092
2022-08-01,631.67919921875,642.8122678741984,625.6692700269996,639.511716724567,1124106
2022-08-02,629.2161254882812,631.4821387231353,620.0042041056809,630.1520443372918,1140729
2022-08-03,618.329345703125,634.4871161937868,615.422969908163,629.5609739873133,1186040
2022-08-04,650.2015380859375,654.438008462518,594.0927649272087,602.9598211201521,13258447
2022-08-05,658.2310791015625,660.1030371409125,644.290133128654,649.1670258029017,2986757
2022-08-08,656.8025512695312,663.1079770872109,648.3788001585531,660.1030424282442,1379795
2022-08-10,659.9552001953125,662.8616359161871,650.3492235790175,656.7532079898808,893159
2022-08-11,680.0538940429688,683.7485004937636,662.2705336865233,663.0587043693125,1089880
2022-08-12,672.76318359375,683.748504220753,670.940535121517,683.2066406317299,751684
2022-08-16,673.452880859375,679.7091174659264,665.029189815098,677.7879100019686,844454
2022-08-17,677.787841796875,682.270618672632,669.3148420769026,674.8814061960331,1022273
2022-08-18,678.6253051757812,681.7780480605786,668.3296564406382,677.7878850950303,890706
2022-08-19,678.7731323242188,686.1623454779037,674.8814680365639,674.8814680365639,1078615
2022-08-22,672.8125610351562,679.0194885061494,666.0144603889984,673.896288322596,974313
2022-08-23,685.1771850585938,689.1673485308778,665.0292498332273,665.0292498332273,1372908
2022-08-24,667.5907592773438,693.4037561376858,665.1276882054327,687.6894432775664,1473249
2022-08-25,655.0784301757812,670.9405844026495,652.171994178453,670.9405844026495,2373005
2022-08-26,643.05859375,662.0734899924134,641.2358851155635,662.0734899924134,1655489
2022-08-29,652.1719360351562,654.5857575849768,625.2752133758203,630.5461611381575,1442822
2022-08-30,659.2162475585938,662.0241843622332,651.9255940408714,655.0783367044972,1281083
2022-09-01,650.9404296875,659.1178135539061,648.7729151348987,656.1621282913326,608875
2022-09-02,644.0438232421875,655.4724487376344,642.4181723132731,651.8764011235183,531472
2022-09-05,643.5020141601562,647.836983448563,641.383748847093,644.0438778045102,341865
2022-09-06,642.9108276367188,649.2655633104018,639.0191631440312,643.8468067122118,393872
2022-09-07,656.4577026367188,657.9355453081807,637.5906139445302,642.9108114816502,693918
2022-09-08,656.9010620117188,663.0587397583603,654.2409331984552,663.0587397583603,477250
2022-09-09,658.6744384765625,663.7483888183635,656.1621180692276,659.1178032857557,584825
2022-09-12,661.7286987304688,664.8321322032668,657.7877850124487,658.6744545188606,315997
2022-09-13,663.9946899414062,665.0784171242813,658.6251831530112,664.0439393345243,528712
2022-09-14,656.5562133789062,661.5808540397047,653.7975258211046,656.1620979753438,417992
2022-09-15,653.10791015625,660.891178194698,647.5905952072367,659.8567004334978,540944
2022-09-16,622.8121337890625,653.9453260096942,620.693868754964,653.1079059544834,2005747
2022-09-19,631.7777099609375,636.2604871433032,613.7972917047393,623.6495756807383,1154043
2022-09-20,661.3345947265625,663.994723558881,632.762969777482,634.979733782152,1894583
2022-09-21,651.580810546875,671.8273032761509,650.2507761944516,660.1030606822463,1271390
2022-09-22,653.5020141601562,655.6695287612881,644.3394016677422,646.1128008382785,703087
2022-09-23,638.7728271484375,658.1325898092796,637.4427928242574,656.4576894552064,532388
2022-09-26,644.2902221679688,650.64495834089,628.0832004970546,633.9945717958503,1019861
2022-09-27,646.6546630859375,651.2852487845571,634.6841736099851,650.1522721577447,799635
2022-09-28,660.3001098632812,662.467624449292,636.8023755834932,641.3837118645256,1166934
2022-09-29,645.1275024414062,664.1423973011237,635.2752190805614,663.6497831330814,4410562
2022-09-30,669.8075561523438,672.7139921867176,650.2507949338979,650.2507949338979,4009424
2022-10-03,711.4334716796875,715.9655588336068,668.9208982308421,668.970147628842,6624301
2022-10-04,731.2858276367188,739.4632118638065,701.6304749143108,714.2906366273104,4221009
2022-10-06,712.5172119140625,733.9459302458515,710.2511985539669,733.9459302458515,2058528
2022-10-07,710.5467529296875,717.1477954112685,702.763424310073,707.0492040437484,1521206
2022-10-10,696.7535400390625,708.0836666965031,693.1081829138677,707.5910524940057,862977
2022-10-11,670.8912963867188,699.5121696095212,669.5612019559109,697.5417127937196,1687438
2022-10-12,669.2656860351562,675.2263062376103,663.3543152293691,674.2903873002194,696667
2022-10-13,676.9996948242188,679.7090728270124,666.9996028695715,669.2656160815583,1220383
2022-10-14,680.447998046875,688.4283237934145,671.5316331882065,683.7484890341749,1099831
2022-10-17,680.447998046875,685.4726386823158,675.9651608548545,680.7928039230761,441511
2022-10-18,683.5514526367188,685.6697177524503,672.1720766310564,683.8963186572355,682092
2022-10-19,678.9701538085938,687.6401514196158,675.2755474288768,684.7337157075251,478399
2022-10-20,669.6597900390625,681.1869749401988,661.3838469988691,662.0735189411473,1593310
2022-10-21,668.7730712890625,678.1819911210185,665.0292151416464,670.4479717094672,435914
2022-10-24,670.6942138671875,676.4577757867653,668.773006516139,671.9257493315048,79098
2022-10-25,674.388916015625,680.7436519405152,666.0637230680449,670.6943090980814,931457
2022-10-27,692.9111328125,697.0491041856163,674.9799636180429,676.8519216615101,1025154
2022-10-28,686.1130981445312,696.408687062735,682.8125468458287,696.408687062735,603938
2022-10-31,688.6746215820312,695.1278552940337,678.1326661348204,684.7337081538079,686201
2022-11-01,698.7732543945312,704.2412600793289,689.6598915420118,689.6598915420118,790993
2022-11-02,696.9998168945312,706.113179245266,694.2904388983668,699.0195230104131,662770
2022-11-03,701.6304931640625,703.4531418170212,690.9407279680707,694.438277080642,502147
2022-11-04,700.152587890625,705.7190922814327,692.122952361403,703.4530789836894,790358
2022-11-07,699.3643798828125,713.2561368835738,696.1131380770416,701.4826450695268,1088511
2022-11-09,683.994873046875,704.8324794768857,677.8864444369543,702.4679070686667,1396214
2022-11-10,708.7239990234375,742.8621858621751,697.1475657556914,706.605794122671,11685941
2022-11-11,735.965576171875,737.936032868453,714.2905525095173,714.2905525095173,3270406
2022-11-14,748.281005859375,749.5617908143818,726.5074812235449,737.9361071608583,1644409
2022-11-15,742.4188842773438,752.1234205613156,737.2464349301255,749.7588482348726,743769
2022-11-16,728.7243041992188,745.6701867602508,721.4335890444848,741.384466720348,1832877
2022-11-17,725.2266235351562,735.6700809771235,719.3152529529914,729.0690384669919,647445
2022-11-18,710.39892578125,729.0690159876475,708.379219587998,725.2266011742848,870179
2022-11-21,710.251220703125,713.8965178974233,702.4678918174964,710.349719495673,706128
2022-11-22,709.1181640625,716.1132618775588,703.4531005774575,713.7979991153612,1107748
2022-11-23,708.428466796875,718.5763072586988,706.7043171022206,715.2758161823593,1211257
2022-11-24,708.477783203125,712.7143138175682,700.8915719359402,709.5615706224191,641142
2022-11-25,709.1181640625,711.9753505692544,697.5909793792644,708.4777415281536,851624
2022-11-28,722.8128051757812,724.0443406169356,704.5860806466958,709.1181070167174,1247826
2022-11-29,740.3499755859375,748.1332447318453,729.069097123993,733.010011162501,3703760
2022-11-30,754.7835083007812,757.6406949228405,736.458282776103,741.2366168115888,1964647
2022-12-01,758.9215087890625,762.4190579708322,750.9411819160904,756.2121303881233,794733
2022-12-02,764.5372314453125,767.4929166184259,751.1381493806263,758.5766117062477,956797
2022-12-05,758.7244262695312,766.5077552931614,750.1036770936763,766.5077552931614,734449
2022-12-06,756.3106079101562,758.231755189897,750.7440433776162,753.6997285877643,370587
2022-12-07,758.5274047851562,761.5815889149568,754.2416249640297,757.6406751301446,274616
2022-12-08,743.6996459960938,762.1726788018545,741.8769974793535,760.8426444932679,527266
2022-12-09,740.3991088867188,749.5617205627952,735.5714658931126,743.8474081297041,526842
2022-12-12,740.8917846679688,745.7194280629839,734.8326057266305,736.5567554914828,594255
2022-12-13,732.9114379882812,743.8474492819118,726.1133379083034,743.8474492819118,744159
2022-12-14,747.5420532226562,750.2514313397729,732.1232046118188,733.0099342308484,668745
2022-12-15,739.7587280273438,752.3203902621841,735.7685649912262,747.5420565243198,306953
2022-12-16,718.527099609375,744.5864042492454,716.162587399478,736.6553272197821,899068
2022-12-19,717.8374633789062,721.2365137416652,713.4532446465217,715.2758933240136,393415
2022-12-20,715.2265625,719.216725456986,707.3939847645423,716.2117908910369,386644
2022-12-21,740.2514038085938,746.6061396121239,711.4334704021065,716.7537283151958,1647711
2022-12-22,754.9805908203125,759.6111768172495,737.7883413935183,743.8475207484091,2196207
2022-12-23,745.5715942382812,777.2467114595462,740.9410087158026,758.6258705827242,4165329
2022-12-26,731.2365112304688,755.9164699731625,725.1773326767681,749.3154278404597,1798553
2022-12-27,730.7439575195312,740.8425491890761,729.0690571183557,729.0690571183557,712581
2022-12-28,722.0739135742188,736.507473457346,714.8324488026082,731.8768879816655,1310549
2022-12-29,725.2759399414062,729.0690453808373,714.4876764999349,722.0246379835262,1528692
2022-12-30,722.8621215820312,733.9951909754818,720.3990504713753,733.9951909754818,589367
2023-01-02,722.0245971679688,725.2265894159998,711.876756839384,724.044363462043,518472
2023-01-03,727.0493774414062,729.1183332204458,717.5418984435332,721.1872558893612,631593
2023-01-04,723.748779296875,730.8424360065761,719.2167525806174,727.0493306114629,704874
2023-01-05,731.8768920898438,733.8966584145005,721.1871880149084,724.7339861976196,618678
2023-01-06,727.1970825195312,735.9163902338303,722.9606122833221,731.1379962524832,608556
2023-01-09,738.7735595703125,746.1135238514743,730.0543114825541,730.8424822482629,1247543
2023-01-10,747.6405639648438,753.3056273912192,738.9213164837636,741.8277523553139,1424939
2023-01-11,742.9114990234375,747.7883918666738,736.1627082095586,747.7883918666738,911085
2023-01-12,743.20703125,746.753889626281,736.7537971545726,742.3696111501731,560241
2023-01-13,744.5863647460938,747.5912993452159,738.0838813468928,745.8179002484856,434291
2023-01-16,745.7686767578125,748.7736114613048,736.1134501104204,740.6947262582974,443945
2023-01-17,742.123291015625,747.492797813046,737.9360703228717,745.7686481160299,463650
2023-01-18,755.8179931640625,758.625870058253,741.285874224635,744.7341736339906,961394
2023-01-19,748.3795166015625,755.9165383985551,747.2957893454598,755.9165383985551,283476
2023-01-20,743.896728515625,751.4829996009131,740.2021218312547,748.3795059326131,409353
2023-01-23,754.2416381835938,757.6406884092837,740.3991902985392,744.8327183841593,578775
2023-01-24,740.9410400390625,754.6849888735924,738.9213337535173,754.6849888735924,325246
2023-01-25,736.1626586914062,742.8621996589644,729.0690023178165,742.8621996589644,677388
2023-01-27,731.137939453125,741.876952594574,727.3448343332593,733.9951257409797,437112
2023-01-30,723.8473510742188,738.7242765506896,719.7586289711817,726.8030364112849,631438
2023-01-31,726.408935546875,738.2809265287888,716.5566508924115,727.5419723355676,1093687
2023-02-01,726.5074462890625,739.4139142769784,717.3940835881137,729.0690160759015,355127
2023-02-02,731.0394897460938,732.9114478029151,719.7093628834522,724.1428907862249,517666
2023-02-03,728.4779052734375,736.2611735774425,722.2216688338867,731.1379738548346,383860
2023-02-06,734.1430053710938,742.5666966125347,722.4187627339162,728.0345769394011,549673
2023-02-07,740.2514038085938,742.5667268461831,729.7095070453884,731.4336569073149,540725
2023-02-08,763.8475952148438,767.0003382401044,731.0395002879351,739.9065562213467,1479970
2023-02-09,762.9115600585938,774.1431874682253,755.2267908415882,756.2120192061676,1334519
2023-02-10,726.26123046875,738.9213929478253,715.325157772976,733.0100218042427,3057253
2023-02-13,665.177001953125,709.3644732100739,661.728702430576,709.3644732100739,4985583
2023-02-14,653.2064208984375,668.2804032001493,647.3935493588853,667.9848467106193,1916906
2023-02-15,659.2162475585938,660.6448406551579,647.1472005891613,653.1078800564267,820913
2023-02-16,671.679443359375,676.7040840087463,659.1177816023791,660.1522593674181,963547
2023-02-17,660.3001098632812,677.2953003850371,658.1818446723585,669.9553365097963,821339
2023-02-20,657.245849609375,665.0291781178115,648.8221587132634,660.3000937667989,577221
2023-02-21,660.5464477539062,664.093246235517,652.4675621751547,657.0981480670614,464576
2023-02-22,654.191650390625,666.7040629594486,650.8911593404251,660.9897503291357,685172
2023-02-23,648.6251220703125,657.4921780665359,647.2950877243078,657.0981227690692,555300
2023-02-24,649.6103515625,655.6695305564581,641.4822168861803,652.2704803923735,486352
2023-02-27,644.9305419921875,650.9897212261558,635.7679291117465,645.4724657655993,1267994
2023-02-28,649.5118408203125,655.42321138523,640.7925932904875,643.4034125431835,1559108
2023-03-01,651.6300659179688,652.7137930681266,641.679223332186,643.551181282714,721794
2023-03-02,650.0044555664062,656.7039968520854,647.2950773886001,651.6301065265184,408541
2023-03-03,653.0586547851562,657.0488781191339,649.2655493016937,653.2557125020988,289883
2023-03-06,652.6646118164062,659.6104605014696,651.4330762292116,655.1276829907956,329659
2023-03-08,654.43798828125,656.7532510512477,647.3443315189317,653.2064527368742,256788
2023-03-09,648.3295288085938,656.5069124036916,646.8516862263386,656.1128571285647,480016
2023-03-10,646.4083251953125,649.0684538856013,639.7580335363749,645.3245980154318,443979
2023-03-13,644.6349487304688,655.1276555472534,641.5315152608863,650.2507627995426,471640
2023-03-14,646.5068969726562,659.0193098509604,642.5659833186121,647.4921253861673,968618
2023-03-15,648.5758666992188,656.6055024974694,645.3246248906063,648.4773679091526,679462
2023-03-16,656.3591918945312,658.1325910412816,643.896028205366,650.8911861363965,596960
2023-03-17,647.2951049804688,659.1178466239477,644.6349760839713,658.1326181536577,698565
2023-03-20,636.8516845703125,645.3246250596519,631.3343692530184,645.2753756646059,538837
2023-03-21,639.807373046875,645.7679930826959,636.5560710877256,645.3246282579416,303443
2023-03-22,649.1177368164062,652.2212304710189,639.4132606883554,640.6447962443807,279093
2023-03-23,638.9698486328125,653.2064106349021,637.0979508061562,650.5955313956795,1304892
2023-03-24,630.5462036132812,645.1768219405669,628.920552628662,641.3837164878845,721966
2023-03-27,649.0192260742188,663.7976524743907,632.2703428206905,634.4871067807163,3965489
2023-03-28,634.8812255859375,652.1227231446261,631.4821754690818,652.1227231446261,998013
2023-03-29,642.7630004882812,649.2654835539074,633.6988876289489,634.8811736773082,946826
2023-03-31,638.8221435546875,641.334464046061,618.7234593565554,635.1275369104405,1991163
2023-04-03,642.171875,644.8320037726057,634.4871053163607,639.5610557554711,809470
2023-04-05,649.1177368164062,652.1719810754923,638.4772816390617,641.2359092578441,599687
2023-04-06,654.2901611328125,656.0143108453195,648.2802919026444,649.2655203097913,571100
2023-04-10,653.8961181640625,657.1473599421596,651.2359893879573,654.1916746650585,353296
2023-04-11,650.4971313476562,657.6400381288308,646.6547160602144,655.0291584933157,398086
2023-04-12,669.511962890625,674.881469823232,650.1522604568602,650.5463157459575,2326481
2023-04-13,661.482421875,668.3790211969407,657.1473925334934,662.319842024949,816473
2023-04-17,648.4281005859375,660.1030331638402,645.7187224647427,660.1030331638402,519751
2023-04-18,688.2313232421875,694.0934445593607,648.7729357591754,648.7729357591754,5365200
2023-04-19,676.7041015625,688.3790941666988,675.5711249841887,688.231285853473,1203963
2023-04-20,674.1425170898438,679.9060790429575,668.5267033131672,676.7040868171014,789119
2023-04-21,684.881591796875,691.630382731639,674.8814988193344,674.8814988193344,2210350
2023-04-24,691.6796264648438,695.0294272733064,678.6253494047866,684.8815861891841,1234488
2023-04-25,695.07861328125,699.5121409350637,691.4332562947341,694.5859990974928,640382
2023-04-26,697.2461547851562,699.3151103838305,689.1672698311861,695.0786402657639,595732
2023-04-27,683.5022583007812,697.4925147496526,669.9553666948199,696.5072862692191,1608022
2023-04-28,699.01953125,699.8569513143494,685.7189482029598,689.0194392019464,957872
2023-05-02,698.3298950195312,705.8176671233073,693.2066951871731,698.477703336584,645261
2023-05-03,699.1674194335938,703.4531392960432,694.586082918362,698.3299391400013,311850
2023-05-04,699.4136352539062,701.6796484501273,694.5859922472716,699.1673281644569,223675
2023-05-05,693.9456176757812,702.7141747190441,692.0244703522809,696.5564970576435,267403
2023-05-08,721.7290649414062,725.9655351083485,693.6993044473616,696.5072415163226,1480353
2023-05-09,734.5370483398438,740.8917837779514,715.2758444452031,722.1724434963277,1897240
2023-05-10,739.1183471679688,759.4140278651544,723.4531917779032,738.9212894640647,4835108
2023-05-11,754.1431274414062,756.4583902404491,731.4828731406186,739.4139501191798,1235913
2023-05-12,762.1726684570312,764.5864900709357,745.8671504151721,748.7735862305441,1453617
2023-05-15,775.62109375,788.1827564306129,760.4978611644165,771.1875657450778,1910389
2023-05-16,779.0693969726562,784.9807676736818,767.7392697956907,777.3452471848572,1231878
2023-05-17,769.4141845703125,780.0546400043454,764.0446773897945,776.3600332471414,466127
2023-05-18,767.7885131835938,770.7934479063872,760.2022421499252,768.4781851200312,597261
2023-05-19,762.9608764648438,772.4190447966821,759.8081336430417,769.4633596762867,365585
2023-05-22,762.9608764648438,769.8574750790998,758.2317321653568,760.9904197179134,451001
2023-05-23,765.3746337890625,778.1826025757683,759.512573105078,761.384470924533,344619
2023-05-24,766.4584350585938,771.3353275969184,761.926348402006,768.2810835196068,615201
2023-05-25,767.3451538085938,774.0447553717805,764.5372767810613,766.458484284223,479838
2023-05-26,768.428955078125,772.025002903536,761.7786629240164,767.345167683978,369378
2023-05-29,793.798583984375,799.7099547573004,768.4782004802968,776.3107787811375,1895651
2023-05-30,791.7295532226562,801.729645978614,786.3107967828623,798.0350393151181,1337941
2023-05-31,792.6162719726562,800.9907136280541,789.4142795750041,794.2419229356619,1122072
2023-06-01,800.1532592773438,805.2763987875107,793.1088522505112,794.0940806384,905122
2023-06-02,804.88232421875,808.3798728852023,794.1925603862582,802.9611168817062,586226
2023-06-05,808.182861328125,819.0696233481876,805.9168479876367,812.8134469312962,1487359
2023-06-06,809.512939453125,812.2715669482503,802.3207240214746,810.6951654270578,427490
2023-06-07,805.572021484375,815.1779983387158,800.6951289008421,811.3355835435519,548880
2023-06-08,799.857666015625,810.1533149964828,796.6556736614655,809.1188371856992,473303
2023-06-09,794.48828125,803.1090305685392,792.9118795801792,799.8577284329729,548968
2023-06-12,806.8035888671875,811.2863662163464,801.5325806637651,801.9759454858954,617667
2023-06-13,805.375,809.7592785830556,803.4537925160125,807.3947062745215,594446
2023-06-14,806.65576171875,811.3355966722328,797.98576372638,805.8675910164563,675571
2023-06-15,822.41943359375,823.5524703439534,811.2371149442266,811.828227949985,1320203
2023-06-16,818.1829833984375,831.1880110457274,814.7839331981636,826.3603675573878,1245895
2023-06-19,812.9613037109375,821.6805516989173,811.4341514612324,818.1830026242758,403683
2023-06-20,817.64111328125,818.9218982372998,809.4636690536656,817.739612072649,389177
2023-06-21,862.1241455078125,872.2227371479803,816.8036366836444,819.7100726458219,5768804
2023-06-22,839.7593994140625,856.11422687047,822.6657107941037,856.11422687047,3868670
2023-06-23,845.572265625,853.0107279419725,833.7987743390742,838.8727246004466,2171748
2023-06-26,861.0896606445312,862.0748890892046,839.7594407639237,845.3752549252764,971992
2023-06-27,868.6759033203125,876.7547883294553,862.0748609299067,866.015774579872,1365308
2023-06-28,876.459228515625,880.7942578650346,860.1537092585967,860.1537092585967,1444161
2023-06-30,889.4149169921875,894.9814813735082,876.853255190304,877.936982351157,1153481
2023-07-03,879.1193237304688,888.6760516115422,871.1882468265036,887.7893219633792,670830
2023-07-04,878.232666015625,889.5627932116821,874.6858075088898,886.656357252066,563185
2023-07-05,884.0454711914062,889.1686711293368,879.1685783645919,885.3262561424958,714726
2023-07-06,891.9273071289062,897.0505071149815,878.4296652861838,886.6563589549162,697077
2023-07-07,887.2966918945312,907.3953757362543,876.6069875801654,885.9174081852808,1494460
2023-07-10,887.5430297851562,895.227859842329,883.1588112665144,890.104659848738,472539
2023-07-11,900.6958618164062,905.523445145549,888.7745614806784,890.6465195907693,671785
2023-07-12,926.6073608398438,929.021182578475,901.5332846628113,916.2624620744867,2286940
2023-07-13,917.0014038085938,928.1837229549789,908.2821558515951,926.6073814472011,1070687
2023-07-14,921.1571655273438,925.065626777375,915.6160367953008,922.1466463302319,603409
2023-07-17,924.5709228515625,931.4972887450344,921.6519422892615,927.1435488833192,694918
2023-07-18,924.1256103515625,929.9635108679929,918.8813741611706,924.5708887926492,585709
2023-07-19,922.938232421875,931.9920060582533,919.4750495610049,925.1645642610057,334525
2023-07-20,936.1477661132812,937.4836014368424,923.7792560420609,926.1045721713197,707123
2023-07-21,926.8466796875,937.4835983133091,923.432958840594,934.5646178676036,417874
2023-07-24,926.9456176757812,934.910926177349,923.9771752235362,927.9350984931963,421864
2023-07-25,927.7372436523438,934.218391693965,921.7014344759328,928.0835981942453,254173
2023-07-26,931.4972534179688,935.65302448195,927.7371780467622,931.1014369389632,363219
2023-07-27,969.3943481445312,979.7344345437511,931.1508912130204,945.9436411952723,3313759
2023-07-28,963.7543334960938,980.5755076946909,956.0858570232039,974.6386226834213,1139010
2023-07-31,975.0839233398438,981.5650108794259,961.824855688862,961.824855688862,912283
2023-08-01,977.8049926757812,984.4345264807771,966.4259628469335,974.4407336126136,781270
2023-08-02,984.1375732421875,988.1944807321663,964.7437738432009,976.6670053284862,865195
2023-08-03,1024.4588623046875,1029.9010063869212,977.6069733176114,983.4943958124684,3961853
2023-08-04,1052.8076171875,1067.105567057554,1000.4640564238442,1023.12319189086,4976674
2023-08-07,1069.7772216796875,1083.184614431486,1032.5232443367404,1055.8749677275023,2597689
2023-08-08,1072.30029296875,1082.9867339065318,1060.1297516195193,1075.5161055637213,1136969
2023-08-09,1087.884765625,1097.334356868347,1075.4173300017794,1082.4426204827314,1698236
2023-08-10,1073.9329833984375,1093.8710460706766,1069.529842065699,1090.4078632020673,946674
2023-08-11,1065.5718994140625,1079.721402405387,1061.4655299301232,1076.5055898001456,975221
2023-08-14,1070.6182861328125,1094.3163043182076,1066.6603627090315,1068.6393244209219,2339896
2023-08-16,1101.1436767578125,1104.2605654142114,1067.0065893861365,1076.4561792774257,1494771
2023-08-17,1080.612060546875,1131.9166207609376,1075.91202629878,1113.1660061277712,3221359
2023-08-18,1056.36962890625,1085.361463315495,1052.9064462669448,1085.361463315495,1346398
2023-08-21,1074.9224853515625,1078.534114571365,1053.0549829656654,1054.786574434014,1497826
2023-08-22,1079.6224365234375,1082.4919548938383,1074.5265864359335,1079.8698067142268,886779
2023-08-23,1082.5909423828125,1093.079414930917,1074.9719883736072,1080.513056815414,778892
2023-08-24,1078.039306640625,1088.4288548000804,1073.5866431437157,1082.9371881727343,437569
2023-08-25,1066.2645263671875,1081.5520777787972,1060.921305687268,1079.5235937473626,640246
2023-08-28,1096.3448486328125,1099.4122152975508,1063.9393488198841,1066.7099436832732,831240
2023-08-29,1086.153076171875,1105.2005824544317,1078.880416112146,1100.2531782251963,1074379
2023-08-30,1089.2205810546875,1103.8648253385359,1086.4499863269723,1103.271160978665,541426
2023-08-31,1086.301513671875,1098.3237300089497,1079.0288536709547,1092.337322625488,1236209
2023-09-01,1082.3436279296875,1087.8352950850503,1075.9120022602035,1084.4215136041191,384388
2023-09-04,1085.856201171875,1090.9025288487603,1081.7498318947005,1083.4814232103333,513979
2023-09-05,1107.4764404296875,1117.0249547813924,1084.3720867588954,1086.4499723848978,1225586
2023-09-06,1127.068115234375,1130.976515946998,1107.1300536350195,1113.165862152557,2210022
2023-09-07,1124.2481689453125,1136.6662027611399,1116.2829200397125,1132.8567253900926,827172
2023-09-08,1116.7281494140625,1131.4219170143306,1106.8828625105612,1130.9766989119346,578212
2023-09-11,1114.650146484375,1122.9618095501603,1110.1479604277565,1117.5690665960947,1263543
2023-09-12,1126.4744873046875,1162.1453222229634,1120.141906145494,1125.9797468524853,2799580
2023-09-13,1133.4503173828125,1141.0692716382416,1121.477623215894,1130.3334285378692,831001
2023-09-14,1143.4935302734375,1148.1935641539826,1129.047134503114,1130.9765737816867,633507
2023-09-15,1138.595458984375,1150.518750423008,1135.973431606801,1150.0735323967626,967345
2023-09-18,1127.5628662109375,1145.5713680133483,1119.1027572646053,1133.4502285115875,706005
2023-09-20,1137.457763671875,1145.8188285710464,1122.4175822240707,1123.0607689362155,1089288
2023-09-21,1115.4417724609375,1137.754492395392,1110.9891087878611,1129.9870921451607,635556
2023-09-22,1085.90576171875,1122.3187070301246,1080.0183986981538,1115.3923407535447,1273489
2023-09-25,1098.867919921875,1103.271061043837,1082.3435185537871,1087.4393686880512,560175
2023-09-26,1098.867919921875,1106.8331676666435,1093.7225474345082,1101.292099499364,329870
2023-09-27,1120.4385986328125,1122.8628991487408,1093.475245896442,1096.3447644733394,983157
2023-09-28,1121.1312255859375,1128.0080685666562,1113.4132273286227,1122.0216616426674,451445
2023-09-29,1158.929443359375,1172.237912452081,1121.180724846388,1121.180724846388,1933854
2023-10-03,1161.848388671875,1169.0221249758702,1143.988331448844,1158.6820982039176,1043096
2023-10-04,1139.38720703125,1160.4136752461125,1130.0366612454886,1160.0673811033505,669860
2023-10-05,1137.111328125,1150.123025272309,1130.1355607047303,1139.7829988532555,328358
2023-10-06,1142.89990234375,1155.6641086600685,1140.4756017932482,1146.8578257376437,569805
2023-10-09,1137.3587646484375,1147.797836388711,1126.0787790922316,1126.6229211118775,281609
2023-10-10,1143.2955322265625,1149.6777558034885,1134.4397274571108,1137.8533878733012,500300
2023-10-11,1147.6492919921875,1155.9609549438082,1138.892410991075,1138.892410991075,880739
2023-10-12,1160.5125732421875,1180.4506362258817,1147.89669259518,1151.7061696529117,1474920
2023-10-13,1175.404296875,1179.1148499709604,1153.8335665626557,1159.572603665568,589089
2023-10-16,1185.6949462890625,1188.9107590391395,1172.980020786692,1179.1148745047346,673918
2023-10-17,1185.0517578125,1202.6150428059293,1181.093834433699,1192.126570009354,908050
2023-10-18,1178.5211181640625,1195.292768883156,1171.8915245404085,1181.093744006069,1827034
2023-10-19,1187.376953125,1189.3559147135418,1166.3009638925394,1172.6336651331187,654948
2023-10-20,1167.2410888671875,1187.327477306405,1161.0073113044652,1187.327477306405,450975
2023-10-23,1155.7135009765625,1176.1463023556958,1147.0060221752635,1160.759828578719,311340
2023-10-25,1131.669189453125,1177.4822007025152,1123.3081246617903,1177.4822007025152,1055178
2023-10-26,1129.59130859375,1137.3093074999208,1113.2154730793063,1130.9766059341187,490371
2023-10-27,1119.7459716796875,1139.6345116060372,1117.2227473247392,1129.5912573269752,453195
2023-10-30,1128.3544921875,1136.9135259175825,1115.6892094531993,1127.0187171628604,1570477
2023-10-31,1116.2828369140625,1138.9419723704552,1111.1869864166147,1129.0965655132773,822793
2023-11-01,1120.8343505859375,1130.1848956177603,1116.1343168933458,1125.0891662431957,1037234
2023-11-02,1156.9010009765625,1171.64429030182,1123.0608030664998,1127.8103596230396,2294662
2023-11-03,1174.0684814453125,1189.9001741089955,1162.5904076351587,1162.6399299892246,1320335
2023-11-06,1186.6844482421875,1189.1581504016299,1172.7821937916262,1181.4401513496744,666171
2023-11-07,1177.185302734375,1199.5970678357733,1175.5032336270122,1187.3770036636486,1726919
2023-11-08,1198.3602294921875,1212.015113493547,1183.0232763656363,1190.1476109348728,2038402
2023-11-09,1191.8792724609375,1225.4225785122503,1189.1086776123734,1209.1456659391058,4003157
2023-11-10,1167.73583984375,1199.9433687791143,1160.6610276662018,1193.8581582298018,2115284
2023-11-13,1160.908447265625,1176.3938472589755,1141.4157221634302,1166.6968862803383,1254592
2023-11-15,1157.9400634765625,1175.5033500620862,1156.455842074969,1175.5033500620862,1256791
2023-11-16,1181.4400634765625,1186.8326854685592,1158.5335590266177,1164.3715198459338,946578
2023-11-17,1183.7159423828125,1198.657078470013,1177.4821649597095,1184.9032710413883,1349231
2023-11-20,1185.892822265625,1202.9118449089674,1179.8074907600806,1183.7160126669087,1191689
2023-11-21,1208.7003173828125,1213.053936266006,1185.892736669299,1192.225437935167,1371835
2023-11-22,1205.78125,1227.2530553202614,1201.031814744874,1213.6970962114376,1916776
2023-11-23,1185.5465087890625,1211.0256407669194,1171.1001124850784,1210.135083841514,940782
2023-11-24,1230.12255859375,1231.903672458788,1198.8549875303568,1207.166650923471,2748793
2023-11-28,1231.8541259765625,1238.38479616298,1222.750950544338,1230.2215792161937,806664
2023-11-29,1236.40576171875,1240.8089028921934,1230.765648779321,1239.819422108388,982589
2023-11-30,1267.426025390625,1276.430276829618,1236.8510434395523,1238.8300051090555,2636118
2023-12-01,1283.0103759765625,1291.4703648228744,1263.0227902153817,1267.4260524959361,1377103
2023-12-04,1247.2900390625,1295.1808119366744,1242.7878532224024,1295.1808119366744,1725134
2023-12-05,1244.9647216796875,1260.0049026428528,1240.4626564122177,1252.5837964793204,1104617
2023-12-06,1230.4193115234375,1253.5731852099532,1225.6203540474787,1244.9646302209258,1449739
2023-12-07,1235.861572265625,1253.42485721976,1232.3488669603037,1232.942652094784,1598861
2023-12-08,1226.3131103515625,1242.7879912398162,1217.6551526100432,1238.0384346785436,560463
2023-12-11,1216.7152099609375,1234.0805272430691,1211.174141091308,1226.4615726456086,621598
2023-12-12,1227.1046142578125,1237.7415326496046,1215.5276166526833,1221.6624699643373,1159956
2023-12-13,1238.7310791015625,1242.7879263599812,1221.9099049390468,1231.557343061666,718971
2023-12-14,1243.13427734375,1248.1312040938571,1228.9352508968357,1238.8300596802242,760814
2023-12-15,1232.9920654296875,1251.8417239734022,1229.9246989459593,1246.745873428728,798901
2023-12-18,1244.51953125,1274.5997730578135,1237.6426877003023,1251.6932673673225,1846640
2023-12-19,1256.8385009765625,1261.5880572713718,1239.9679253098896,1250.5059202984621,798723
2023-12-20,1214.6866455078125,1266.4365413487665,1207.1666153399906,1261.489137187537,619789
2023-12-21,1243.57958984375,1246.6469563443165,1187.5254751170944,1204.2971273348405,769432
2023-12-22,1251.792236328125,1271.4829299847477,1239.3743237638312,1247.2901707987558,864378
2023-12-26,1269.1575927734375,1276.4302526136407,1252.7816369544826,1255.453307629367,869887
2023-12-27,1274.4512939453125,1286.3250637646788,1267.2280356573717,1275.440774763593,1004924
2023-12-28,1325.8548583984375,1331.593895823673,1281.3777411047047,1282.4661459167348,3519154
2023-12-29,1309.0335693359375,1332.6821844919705,1304.6799504672367,1332.6821844919705,1330415
2024-01-01,1299.0399169921875,1316.0095378213416,1294.8841457135622,1310.0726526883132,854557
2024-01-02,1379.6826171875,1389.923719962456,1317.9885095357722,1325.904356439891,7120785
2024-01-03,1391.6058349609375,1398.0374602241798,1373.4982878283934,1376.3678063338555,1485207
2024-01-04,1384.28369140625,1407.4375671567109,1379.6825813554797,1392.0510918219402,1534642
2024-01-05,1374.8341064453125,1410.0101986633017,1368.6993735445699,1410.0101986633017,1771551
2024-01-08,1367.808837890625,1386.658496522342,1360.5361777522512,1386.2131576651534,602440
2024-01-09,1381.612060546875,1386.2625718954162,1364.493994749307,1376.3677641017302,689292
2024-01-10,1390.4678955078125,1399.9668870395008,1376.021499971471,1399.1258525159558,1058982
2024-01-11,1385.7183837890625,1400.1153782188096,1381.6615365323892,1391.2100507248385,711634
2024-01-12,1383.046875,1390.1710888926234,1373.6468068100519,1385.7184250131743,337465
2024-01-15,1398.136474609375,1409.0207642206299,1383.2942615031184,1405.0628407256281,830307
2024-01-16,1373.0531005859375,1397.2953809682406,1361.2782545287148,1392.1995305265505,534845
2024-01-17,1385.0753173828125,1392.1995310609548,1364.7414379643367,1370.0846586160606,792567
2024-01-18,1410.6533203125,1420.8449000347782,1353.8570984915136,1385.2731137497672,1167361
2024-01-19,1415.2049560546875,1424.8028717840537,1407.1901854948967,1424.8028717840537,1242716
2024-01-23,1424.1103515625,1439.6946753680302,1399.1259594298247,1405.0628446890742,1235492
2024-01-24,1433.95556640625,1447.610450135556,1415.0071051951168,1431.7787569009909,1054529
2024-01-25,1438.754638671875,1454.3389616305963,1426.8808687985634,1428.5134155271571,1452501
2024-01-29,1467.697021484375,1475.2664535041736,1438.7051837045808,1438.7547060625325,979549
2024-01-30,1452.706298828125,1473.5347977433833,1450.0346281262234,1468.4884696881031,532307
2024-01-31,1489.514892578125,1494.0664800839359,1421.2407176322715,1421.2407176322715,1055599
2024-02-01,1497.777099609375,1505.3466521947237,1475.3654552061405,1498.0739921759516,1321923
2024-02-02,1486.9422607421875,1503.9612820565533,1482.2917493325149,1501.5371024297253,582622
2024-02-05,1556.601806640625,1567.733466083741,1482.3412213300544,1486.9423313904563,1484593
2024-02-06,1563.5281982421875,1571.9387855153716,1547.5480582658902,1564.3692328122584,1040818
2024-02-07,1577.529296875,1589.4030665436483,1558.8280854896325,1583.1692891531154,1966936
2024-02-08,1589.5020751953125,1682.1174593903825,1569.8609043120312,1682.1174593903825,6454212
2024-02-09,1605.036865234375,1637.4423631245024,1598.0610977022882,1598.0610977022882,3021386
2024-02-12,1577.677734375,1608.8959043263321,1567.1892612469717,1584.158882427096,1003802
2024-02-13,1591.8272705078125,1596.0325639963335,1567.683914322351,1582.3282787851058,1330003
2024-02-14,1594.7957763671875,1601.5736961020543,1572.8293495860712,1592.025181644237,866097
2024-02-15,1588.2156982421875,1613.942200505215,1578.3208896794847,1602.9589871578623,1156493
2024-02-16,1603.6021728515625,1621.5612745386911,1581.586223813554,1593.0641775817403,1846708
2024-02-19,1571.3944091796875,1617.6032342720623,1567.387084475545,1617.6032342720623,1389162
2024-02-20,1570.355712890625,1583.2189646089007,1536.960732468178,1572.779892784572,1507747
2024-02-21,1582.526123046875,1591.0356339294606,1573.1755776257387,1582.1303065621944,1419188
2024-02-22,1576.9849853515625,1591.0850863970588,1559.4712239463845,1591.0850863970588,1044785
2024-02-23,1597.9620361328125,1607.906366901064,1580.25042570486,1580.25042570486,679640
2024-02-26,1587.81982421875,1605.7789252666792,1563.379696268788,1597.9620026280886,1068565
2024-02-27,1605.531494140625,1617.9000039266002,1581.6355090768752,1587.0776533827043,981628
2024-02-28,1599.3472900390625,1625.6180539732616,1587.2261500638685,1603.1073654479012,1110003
2024-02-29,1603.9979248046875,1612.8537297918122,1576.242939606354,1593.0641134753482,3814024
2024-03-01,1607.461181640625,1620.5222806961121,1599.9905528228444,1603.9484762682937,833767
2024-03-04,1652.2845458984375,1682.1174171899652,1617.2074986603523,1620.7200831480377,1453829
2024-03-05,1661.0909423828125,1670.2436400549143,1639.6192566989698,1652.2845388437595,818763
2024-03-06,1647.88134765625,1664.059334570944,1626.0138461443908,1656.3908583747643,1219095
2024-03-07,1652.1856689453125,1660.4973323414524,1638.3824592380756,1655.896222176961,811352
2024-03-11,1659.0130615234375,1686.3227083358663,1651.7898031336308,1663.2677566303057,981480
2024-03-12,1628.7349853515625,1670.6394747774507,1622.8970242370428,1654.5108887674405,639229
2024-03-13,1586.632568359375,1643.7255660033054,1572.8293585955334,1634.6719127099461,897074
2024-03-14,1632.346435546875,1639.4707698139714,1573.6207739326644,1574.2639606131027,971139
2024-03-15,1619.582275390625,1656.3909140551343,1597.0220640890004,1627.7454922609686,1097700
2024-03-18,1597.41796875,1623.9855064190126,1590.5905264698022,1606.9169611116383,701925
2024-03-19,1553.6827392578125,1606.0758212837197,1548.5374872950315,1598.4567464783238,632899
2024-03-20,1546.4595947265625,1568.8713594132064,1535.2784131678227,1553.68273222677,521304
2024-03-21,1594.69677734375,1599.2978872840865,1554.5238804701448,1554.5238804701448,1219742
2024-03-22,1591.33251953125,1605.3830987792278,1582.1798219993586,1594.0535917704608,566433
2024-03-26,1597.91259765625,1612.8042115001708,1575.25346275956,1594.498816361319,939256
2024-03-27,1583.1197509765625,1606.1251794796515,1575.3029493184754,1601.227297854776,558090
2024-03-28,1599.7926025390625,1607.9062967682626,1576.3418351544578,1594.053565596105,865183
2024-04-01,1606.66943359375,1667.0277618149778,1591.6787754602483,1632.6433043446882,1537859
2024-04-02,1592.96533203125,1604.7895805234452,1584.4062980515837,1598.1105844192464,642641
2024-04-03,1588.512451171875,1603.9483270155195,1582.1797500911878,1595.0430000919291,520656
2024-04-04,1570.5533447265625,1597.0219551984073,1566.7932695039221,1592.0745513718944,654846
2024-04-05,1582.42724609375,1594.795756693201,1570.5534759182772,1570.5534759182772,948724
2024-04-08,1595.0430908203125,1605.1357469266422,1568.3766308856698,1601.9694565993088,1280283
2024-04-09,1588.760009765625,1609.8358801789789,1578.6178306777256,1602.7611884686078,542022
2024-04-10,1587.720947265625,1626.0139286206183,1583.2188818712482,1610.577930736365,1492491
2024-04-12,1605.185302734375,1624.6780270898557,1581.091468286856,1598.0115665994856,1318503
2024-04-15,1592.173583984375,1623.6885243534537,1580.9925230448916,1600.7326173457889,1385597
2024-04-16,1594.498779296875,1619.7305395774235,1583.2681964272888,1589.106157276897,762738
2024-04-18,1577.281982421875,1617.2569117569017,1573.5219069127459,1607.7085182731985,746904
2024-04-19,1531.2711181640625,1567.3376463711782,1524.7899703648898,1558.432318834978,1186398
2024-04-22,1586.781005859375,1598.011589467113,1553.484950751311,1569.61353708953,1301274
2024-04-23,1563.42919921875,1597.0220243406673,1560.8564524885965,1585.1482546429672,849166
2024-04-24,1563.3797607421875,1585.840927977596,1542.7491089428056,1575.154607148063,1363206
2024-04-25,1577.628173828125,1583.4166122120075,1562.0932531690873,1564.171259428218,1203147
2024-04-26,1598.9515380859375,1606.916907277021,1568.4260778900468,1573.274558233044,587789
2024-04-29,1620.225341796875,1630.0212262015204,1595.4883209701113,1607.9063537396405,1294998
2024-04-30,1628.5865478515625,1643.6266083894611,1623.2433271283335,1631.1096515359789,1171635
2024-05-02,1630.318115234375,1643.5276601700057,1623.3422270618448,1631.505443916994,386502
2024-05-03,1637.343505859375,1665.2963410553427,1630.6645098390995,1636.6013951904556,965116
2024-05-06,1661.9815673828125,1669.2542276197587,1619.4338899746028,1650.3551671608018,1633715
2024-05-07,1593.6578369140625,1666.2857556463962,1543.5901299337163,1666.2857556463962,5143705
2024-05-08,1599.1494140625,1613.8431797391759,1575.847092981081,1594.0535638012338,1693668
2024-05-09,1567.2882080078125,1604.5421876879843,1561.994509401511,1599.8916758176804,883851
2024-05-10,1591.6295166015625,1600.5348445146417,1562.3903083057896,1567.288190343487,731066
2024-05-13,1670.8372802734375,1680.138424092918,1587.1272274705775,1597.961994081772,2246490
2024-05-14,1619.9285888671875,1665.840524213111,1612.8537766711681,1652.6803806656555,1028097
2024-05-15,1621.8580322265625,1634.62235931063,1611.5674072600957,1621.709585942259,559501
2024-05-16,1645.45703125,1676.724720839829,1629.674860965584,1635.215929231779,1338360
2024-05-17,1634.3748779296875,1663.5645609319129,1621.0168874032454,1654.2634174451446,721714
2024-05-21,1666.1373291015625,1672.2226605739165,1604.1463287993706,1615.179064592949,1149511
2024-05-22,1697.751220703125,1709.8228382606112,1650.404467354944,1673.2120483210033,2665927
2024-05-23,1615.4759521484375,1682.1174639910714,1574.4124964098319,1682.1174639910714,3407879
2024-05-24,1597.3682861328125,1624.7274540813798,1594.5482900439365,1618.4442752341088,1083346
2024-05-27,1599.0999755859375,1631.2581031718873,1593.0641665655141,1611.3200399113512,1858205
2024-05-28,1586.5830078125,1616.8116958505152,1583.1693472220468,1607.7085204184827,518613
2024-05-29,1584.60400390625,1595.1915211054313,1561.6480972976913,1584.5050799819317,691049
2024-05-30,1562.7860107421875,1597.8630570360501,1558.4322710341157,1586.582951678938,925008
2024-05-31,1565.90283203125,1590.392480950393,1555.958502034441,1563.3300854148035,2897488
2024-06-03,1567.2882080078125,1609.1928203445298,1559.4714056027792,1597.8631916778984,1672931
2024-06-04,1548.2901611328125,1577.034628160142,1477.5918026647928,1568.376670716517,1709096
2024-06-05,1613.348388671875,1627.6958597762862,1558.4322061687844,1570.751193388771,2070212
2024-06-06,1590.3431396484375,1628.1412608374849,1584.4062543861007,1627.6960427573056,674620
2024-06-07,1612.4085693359375,1633.6328852790048,1601.177865046187,1609.8358224939104,799852
2024-06-10,1616.960205078125,1642.5382616826214,1592.3221069956376,1626.7065675941142,2027530
2024-06-11,1597.071533203125,1622.7485116429839,1594.2020147265102,1622.7485116429839,838976
2024-06-12,1588.6610107421875,1607.906364762855,1581.734644863209,1607.906364762855,526128
2024-06-13,1588.56201171875,1609.0937397362466,1585.4946451842272,1590.0957553791309,614981
2024-06-14,1587.2261962890625,1598.011561636301,1579.7556883952598,1597.0220807931823,923928
2024-06-18,1564.814453125,1596.873657051851,1555.6617551969496,1592.0251766948795,1347849
2024-06-19,1555.7607421875,1574.6598016993842,1549.5269647046548,1574.6598016993842,590220
2024-06-20,1539.3353271484375,1558.4323560802975,1535.6742962772203,1558.234508222592,743858
2024-06-21,1544.57958984375,1562.4891688743132,1526.7689347398502,1535.6742622918,1664344
2024-06-24,1550.26904296875,1573.2744715623503,1545.2721166156477,1549.477410014478,3334294
2024-06-25,1542.4521484375,1558.5312117243234,1538.2963773178603,1551.357475796356,493274
2024-06-26,1566.9913330078125,1573.1755881654017,1528.7478749560346,1542.4521602280054,1179302
2024-06-27,1566.743896484375,1584.8019207801754,1554.4743106138185,1567.387083150786,2802194
2024-06-28,1604.2947998046875,1617.801237966981,1563.379789595003,1566.7440487425188,1413997
2024-07-01,1599.050537109375,1606.3725985925023,1581.437730092769,1598.0610562834136,866625
2024-07-02,1615.6243896484375,1620.5717939273877,1598.0115821008803,1606.817985874659,849266
2024-07-03,1613.4473876953125,1637.5907436624464,1608.895800117908,1622.7485314842368,1236775
2024-07-04,1740.793701171875,1748.4126553737233,1633.7813234896316,1633.7813234896316,7086148
2024-07-05,1751.5789794921875,1766.2233446135629,1737.4294755897156,1745.4937687994004,1707589
2024-07-08,1760.1875,1766.4706792109023,1741.7336580764547,1751.5789441734705,1457380
2024-07-09,1795.660400390625,1802.3393962317252,1748.7095816443489,1763.2549020504719,1207407
2024-07-10,1807.6826171875,1815.2026476074213,1771.8633373876628,1815.2026476074213,1474195
2024-07-11,1798.18359375,1809.7109490025514,1788.437110766232,1805.8025479666524,836099
2024-07-12,1778.8392333984375,1805.8025870961749,1775.6234205721018,1798.2330342861678,527044
2024-07-15,1813.470947265625,1819.704724658155,1782.302301875437,1800.8055446338499,1242019
2024-07-16,1833.6456298828125,1836.5773471433345,1808.9988723688607,1825.1484296692283,868365
2024-07-18,1806.017333984375,1830.1174414814839,1801.0482396550742,1813.7194301947911,634064
2024-07-19,1775.6065673828125,1812.5269638939728,1765.6186388809288,1806.862123357164,496264
2024-07-22,1794.1412353515625,1833.0491466433746,1755.1338451211902,1774.4635734096748,1501880
2024-07-23,1788.8740234375,1812.6263194562991,1763.0844714592563,1805.7689447699652,992689
2024-07-24,1804.42724609375,1813.5703311233779,1780.923405678641,1784.8986811377454,1263788
2024-07-25,1789.2218017578125,1811.7318237210686,1782.9608155843398,1798.8121782419826,901199
2024-07-26,1829.3223876953125,1838.4655942997651,1786.5385571440202,1788.774649653119,1040578
2024-07-29,1849.64599609375,1867.832808447608,1829.6205217957306,1840.7512445046782,1330467
2024-07-30,1850.9876708984375,1870.3671391306627,1843.6333868958727,1849.4969425728818,1029403
2024-07-31,1900.0325927734375,1913.747341781014,1850.9876555329424,1850.9876555329424,2476336
2024-08-01,1941.276123046875,1947.3881335418675,1897.8462856656713,1899.18791691682,2080987
2024-08-02,1949.375732421875,1971.736657213867,1923.0395321113067,1937.4499058661459,2018905
2024-08-05,1936.2076416015625,1947.8850134936802,1888.3056198980817,1888.3056198980817,1342666
2024-08-06,1898.939453125,1961.798498217323,1889.7466283486522,1957.8232226383618,1611772
2024-08-07,1982.1220703125,2017.4026415069536,1938.9904268062746,2007.5141919097516,5796751
2024-08-08,2038.123779296875,2054.124117463505,1990.7185465904206,2007.4643702224687,4173443
2024-08-09,2100.48583984375,2111.865016938118,2038.421902342867,2038.421902342867,3325888
2024-08-12,2084.634521484375,2115.790596922764,2075.143502919294,2092.982502790461,2302275
2024-08-13,2084.68408203125,2118.374687730295,2074.6466568959377,2095.0696834596606,1551395
2024-08-14,2061.130615234375,2087.2183608038044,2055.565375091834,2084.8830320174784,1041002
2024-08-16,2073.156005859375,2099.442467757767,2066.1495339495377,2079.3176346348823,1346775
2024-08-19,2056.012451171875,2094.5229309681413,2046.8693664304265,2082.050456082008,1370074
2024-08-20,2082.299072265625,2089.8521930382,2056.4100411202826,2070.721179010703,1154392
2024-08-21,2104.411376953125,2108.8338222296206,2068.6836384657563,2083.044272063164,687825
2024-08-22,2096.162841796875,2116.0889598997974,2083.2929351602443,2111.8652294409153,842226
2024-08-23,2080.609619140625,2105.256376535241,2074.249032563412,2100.8336882983754,907713
2024-08-26,2103.119384765625,2114.846495626708,2079.1684962540476,2087.019568052672,1165852
2024-08-27,2158.12744140625,2165.531343549715,2108.038824182105,2108.038824182105,2255865
2024-08-28,2187.14697265625,2214.377513818222,2153.0091959440774,2181.929423363307,1631938
2024-08-29,2180.190185546875,2209.0109332988336,2164.140107558324,2187.146917762865,969172
2024-08-30,2226.35302734375,2242.7510390176435,2203.1475018569063,2220.191398756236,1986627
2024-09-02,2218.94921875,2251.7949829541503,2215.9180224833704,2243.0493278328295,1206137
2024-09-03,2226.40283203125,2257.9565826916637,2221.1852827094494,2221.1852827094494,1335680
2024-09-04,2263.174072265625,2270.0313255691885,2192.9608645842227,2211.247035148102,1807013
2024-09-05,2276.0439453125,2297.7092453739124,2253.9812147526095,2270.8761356744767,1824749
2024-09-06,2242.55224609375,2283.7957285723187,2233.409161154933,2267.0002869770424,917674
2024-09-09,2203.09765625,2225.8560106665564,2172.040817454725,2208.21572623084,1456758
2024-09-10,2208.812255859375,2237.434288850017,2199.3212367902024,2213.234701460362,709614
2024-09-11,2195.743408203125,2243.993364930836,2186.8985169345906,2215.22235594056,1202743
2024-09-12,2233.60791015625,2246.0306460303113,2204.1412777156,2211.346464522556,2107674
2024-09-13,2242.50244140625,2264.714389220018,2235.396733852954,2250.9499014272683,703610
2024-09-16,2237.93115234375,2270.329502402839,2223.6200148265425,2254.97504916205,1079633
2024-09-17,2256.3662109375,2271.8698819879396,2237.1359618460624,2245.881616217296,947808
2024-09-18,2211.197265625,2264.91322454475,2199.3211785509134,2259.9441301512775,503570
2024-09-19,2158.47509765625,2210.2531576189213,2132.0894008735554,2210.2531576189213,1099230
2024-09-20,2138.400146484375,2153.406909403372,2124.933851435592,2146.648892142534,1330836
2024-09-23,2168.76123046875,2172.2395965160135,2128.312850959742,2144.6611228555676,692016
2024-09-24,2202.05419921875,2208.6629977657203,2165.9785250886275,2176.46336287445,1092005
2024-09-25,2207.37109375,2215.22216543085,2179.891857603927,2206.2777959876566,1298533
2024-09-26,2174.624755859375,2223.7195557050964,2147.7916452277345,2219.197631127895,1238171
2024-09-27,2204.787109375,2213.2345695641766,2150.3755275682474,2156.5868953544064,1476470
2024-09-30,2177.556640625,2206.079193897112,2166.0282445876464,2169.506610660625,1594529
2024-10-01,2180.8359375,2205.2839777033646,2161.6056887713316,2178.4508693671814,786650
2024-10-03,2170.10302734375,2186.4015601027995,2140.9840853124315,2166.9226127874394,504882
2024-10-04,2184.662353515625,2226.1542917661777,2149.630237986715,2156.7359459278973,878040
2024-10-07,2161.45654296875,2197.1845251142595,2126.7723617847896,2184.662310417483,1166830
2024-10-08,2203.246826171875,2214.7254833284087,2143.7669088487755,2151.6179813354297,672622
2024-10-09,2271.919677734375,2283.7957647121143,2207.818360578617,2215.0235473906982,1064651
2024-10-10,2141.331787109375,2290.653076226095,2098.945508249668,2285.783460688559,2227752
2024-10-11,2210.75,2215.22218476062,2145.306932616968,2156.586873454709,1215960
2024-10-14,2230.030029296875,2236.0426818895057,2182.376463776902,2204.339957501534,815015
2024-10-15,2236.98681640625,2258.850831731718,2222.1292727000287,2226.0548087435163,745318
2024-10-16,2181.730712890625,2243.0492914272536,2167.8172480789362,2234.1049211911677,800070
2024-10-17,2162.84814453125,2193.3583365725744,2144.6612099336726,2193.3583365725744,596088
2024-10-18,2166.22705078125,2183.1219724164425,2140.3380193963026,2167.171130228667,692637
2024-10-21,2138.6484375,2193.30847455079,2118.47386620767,2166.226910739262,931913
2024-10-22,2118.87158203125,2158.8230522999465,2111.8651104326786,2140.7355972922,641471
2024-10-23,2061.72705078125,2135.716819476927,2055.217488449644,2107.2935018393578,661952
2024-10-24,2118.374755859375,2124.2381904026583,2049.453317081923,2057.205153141815,703917
2024-10-25,2143.369140625,2148.6861687120577,2101.926941649291,2124.586060752249,1043035
2024-10-28,2191.072509765625,2203.2965309263072,2143.7171355964947,2143.7171355964947,1339084
2024-10-29,2192.513427734375,2200.9608882246816,2154.9967649686023,2200.9608882246816,631970
2024-10-30,2144.90966796875,2197.532330860921,2137.7044808529045,2181.929422460508,905336
2024-10-31,2173.43212890625,2186.4015136841886,2135.070866108727,2156.040298683762,1397820
2024-11-01,2184.11572265625,2191.3706490683676,2166.7736315788247,2190.774260682662,60791
2024-11-04,2174.82373046875,2205.135207526438,2163.5437886749814,2199.1225545345824,1118307
2024-11-05,2168.264404296875,2196.836697925171,2079.5660666855556,2185.4077804738527,1792958
2024-11-06,2152.661376953125,2187.7927278585234,2132.238350979769,2180.4385653925024,1115766
2024-11-07,2098.448486328125,2168.3139994951493,2083.1437732034065,2168.3139994951493,1124923
2024-11-08,2091.59130859375,2143.3691265809503,2066.00047247421,2131.6420152891787,3459521
2024-11-11,2072.012939453125,2129.2072660028,2062.1244898676673,2126.772458210135,1335431
2024-11-12,2077.180908203125,2115.840365025318,2065.0066270985876,2072.261310712779,1313915
2024-11-13,2026.396728515625,2075.5410243861224,2017.6014555510408,2075.5410243861224,681649
2024-11-14,2003.3897705078125,2040.5586209854362,1992.2590475474396,2026.3967019063946,663815
2024-11-18,2023.166748046875,2032.160857273088,1987.6377237351098,1995.0913651991166,1117238
2024-11-19,2025.6015625,2041.7013795897349,2011.688098387367,2030.0737473933461,585164
2024-11-21,2030.3719482421875,2052.235963348075,1996.0851972806822,2011.986299175873,504433
2024-11-22,2058.546875,2064.3605699844566,2021.4276420426083,2028.3346348693904,410403
2024-11-25,2094.125244140625,2105.9020942925213,2064.8573282134594,2073.702461352183,990397
2024-11-26,2023.415283203125,2100.0883143917163,2017.6014668932276,2094.026164672259,671643
2024-11-27,1993.948486328125,2029.2290565805686,1988.1844096115606,2024.0115074587284,1000543
2024-11-28,1986.0477294921875,2008.5080125439704,1973.7243507730457,1993.5013713002427,941637
2024-11-29,2038.0740966796875,2046.8197514723818,1986.6439689200026,1989.227873781004,820811
2024-12-02,2056.7578125,2069.677457317307,2031.0674986375805,2036.8316963900738,633362
2024-12-03,2068.782958984375,2079.8641849922083,2055.813816802888,2073.70255650873,824015
2024-12-04,2088.659423828125,2097.901988255846,2048.6087156939534,2072.0626964884727,1114148
2024-12-05,2111.914794921875,2117.7782290820405,2052.7328339003966,2101.728151713219,842359
2024-12-06,2120.3623046875,2128.611049858436,2107.3431804005895,2121.306384090392,626159
2024-12-09,2091.6904296875,2128.759920337331,2084.48524321577,2122.7970073952097,599944
2024-12-10,2120.859130859375,2131.2444891465793,2092.2370999187856,2098.0510371493065,942624
2024-12-11,2137.10791015625,2148.4873298393086,2115.542090120231,2121.703718326015,531244
2024-12-12,2106.7470703125,2145.9034375127408,2097.5542455830832,2145.9034375127408,652699
2024-12-13,2063.913330078125,2098.9454451065367,2028.3843056166863,2089.0072564459942,487069
2024-12-16,2050.645751953125,2080.5100574158637,2045.3289665966236,2076.981951913701,607487
2024-12-17,2034.595703125,2063.813881159382,2028.1358804016822,2053.8756923542774,645265
2024-12-18,2086.125244140625,2099.939229096732,2025.402815380568,2025.402815380568,1002541
2024-12-19,2149.481201171875,2153.5059734173637,2066.3481086203938,2077.0814007486597,1863968
2024-12-20,2137.40625,2164.289099649267,2125.1822290591826,2151.6179087317932,1111341
2024-12-23,2146.947021484375,2176.463394333266,2113.4056335580062,2141.5802538372154,936403
2024-12-24,2156.040283203125,2172.984943338825,2136.710554849519,2156.586932103933,499489
2024-12-26,2168.6123046875,2185.3082679940367,2143.7170928775363,2162.5499123841646,909730
2024-12-27,2214.02978515625,2224.166689369691,2168.612310132878,2182.4262957354076,946808
2024-12-30,2297.0634765625,2314.355828859156,2213.085777136371,2214.0298565917697,3018421
2024-12-31,2341.13916015625,2359.226615810444,2282.603323349981,2295.970139176845,3424089
2025-01-01,2350.2822265625,2354.7544116258296,2322.356060968205,2339.44969757284,735846
2025-01-02,2381.28955078125,2388.0473251603485,2329.7599440354434,2350.381686101663,1205172
2025-01-03,2354.2080078125,2379.9478203736853,2332.840901376323,2374.084385892664,1034000
2025-01-06,2345.710693359375,2368.170853916622,2325.6850978404395,2355.350687732221,845909
2025-01-07,2343.076904296875,2377.46313340756,2332.9897400665677,2345.4622151052686,1249557
2025-01-08,2238.22900390625,2356.493445890179,2221.1851078494224,2348.0957252167905,1346484
2025-01-09,2238.925048828125,2278.8267813752414,2234.2044089626506,2264.9133165085805,931525
2025-01-10,2177.556640625,2248.614690401562,2170.0035200996217,2240.0677509981897,689347
2025-01-13,2141.133056640625,2179.395083862852,2125.430669669866,2145.6549811113828,746277
2025-01-14,2141.2822265625,2165.5810493192644,2123.194529089073,2139.692019323663,455763
2025-01-15,2115.542236328125,2153.605548588137,2094.970233698105,2153.605548588137,452989
2025-01-16,2085.92626953125,2130.996051049343,2066.8449962993013,2125.4803079522853,394270
2025-01-17,2100.08837890625,2112.8590492338826,2055.267290656198,2085.926459126578,289281
2025-01-20,2117.47998046875,2120.80937058203,2053.478145250759,2106.0510639918552,324879
2025-01-21,2091.243408203125,2142.1268870618655,2085.032040114129,2122.797158095224,433520
2025-01-22,2125.927490234375,2132.735246391275,2076.18705103026,2091.491764226672,679655
2025-01-23,2137.903076171875,2152.4129285334384,2103.914519796421,2130.7476289293936,528574
2025-01-24,2121.057861328125,2150.375517136573,2093.131454844406,2136.710508073313,984483
2025-01-27,2066.1494140625,2113.306070537278,2042.4964766209948,2095.9639799219876,735411
2025-01-28,2009.849609375,2057.2051037807423,1985.650143649238,2057.2051037807423,1614704
2025-01-29,2055.366455078125,2060.1865737819057,1992.6566282472058,1996.5324248934453,575970
2025-01-30,2051.6396484375,2081.007045578052,2040.4591857671048,2052.2360368325485,729992
2025-01-31,2067.59033203125,2096.3613385733825,2048.260604354409,2058.198792633664,882870
2025-02-01,2043.5400390625,2105.5047422843863,2016.1602808334906,2067.1432370820667,252855
2025-02-03,2019.6884765625,2062.074755952431,1988.6316356755135,2043.5401303637057,849366
2025-02-04,2098.150390625,2102.8710303493126,2028.9806201908605,2035.9374737319456,492215
2025-02-05,2171.59375,2187.39537327224,2087.4668355216995,2102.9207677619534,1351658
2025-02-06,2171.84228515625,2201.308919234685,2162.1028111633436,2185.7060106359504,752681
2025-02-07,2187.54443359375,2211.247112049699,2151.7669522302494,2178.4510874664898,776396
2025-02-10,2155.990478515625,2205.0852744278604,2134.8718283216426,2188.2895905770097,716552
2025-02-11,2054.820068359375,2165.1339669930803,2024.458852236127,2165.1339669930803,1125815
2025-02-12,2012.681884765625,2099.2436035789265,1987.091049400097,2066.1493873760296,2260417
2025-02-13,2042.5462646484375,2126.7724152038227,2028.5334426245033,2038.4715101648142,2612734
2025-02-14,1957.723876953125,2058.198943561056,1919.6605645260927,2052.4347454100907,1928965
2025-02-17,2014.421142578125,2020.334437739666,1918.0704501006758,1943.9594806089174,1109133
2025-02-18,2001.0543212890625,2012.4832384456674,1983.016484296134,1998.6691317062669,342738
2025-02-19,1966.022216796875,1974.718132074,1881.0507018032529,1937.946833187871,1650681
2025-02-20,1965.27685546875,1983.861220190106,1951.6615851986423,1966.0222196364373,465756
2025-02-21,1893.57275390625,1975.662168054301,1890.144127341537,1972.7304509230698,937687
2025-02-24,1891.03857421875,1933.7727851735403,1868.3794556978055,1893.5727395207878,1035104
2025-02-25,1887.4608154296875,1912.206930421838,1877.323911127257,1903.1632026515072,597879
2025-02-27,1879.3612060546875,1904.1569381160562,1869.4230174423908,1888.9514610129306,1100973
2025-02-28,1892.877197265625,1913.1013876721452,1848.006249546158,1908.132293158711,1321909
2025-03-03,1940.8785400390625,1948.8788305776907,1879.460605827154,1892.2311542171967,985764
2025-03-04,1941.126953125,1953.1025189408356,1913.200667360303,1928.0085926702561,575821
2025-03-05,1997.67529296875,2005.9240381435,1924.878060499103,1929.1017907106525,715504
2025-03-06,2006.0234375,2021.4276303567005,1993.6504407962536,2008.9055365557006,515993
2025-03-07,2017.4522705078125,2034.9931975170089,1991.6129803436731,2007.5140819831436,937498
2025-03-10,1997.9735107421875,2067.242759818758,1989.6751473152824,2037.1299990758143,1122775
2025-03-11,1963.885498046875,1995.488987496957,1954.8417703475695,1995.3896298704162,805222
2025-03-12,1954.5435791015625,1974.2212418176516,1925.4247581657585,1963.8855010103703,576820
2025-03-13,1956.28271484375,1970.9912827116136,1938.4934540440927,1965.7737336208606,374359
2025-03-17,1979.5380859375,1998.5697415033858,1948.8787981542216,1953.3509830556463,550930
2025-03-18,1979.5380859375,1979.5380859375,1979.5380859375,1979.5380859375,0
2025-03-19,2048.2109375,2055.068433234728,2011.7378337483983,2029.2787609463,337699
2025-03-20,2072.80810546875,2087.019764774242,2034.9436282852894,2062.1742913840726,508883
2025-03-21,2101.628662109375,2111.666329492266,2067.540627213932,2076.087566329951,999055
2025-03-24,2106.84619140625,2121.8032134040973,2085.4790864469114,2115.840300392189,392261
2025-03-25,2055.962890625,2111.8652048716012,2041.1550857705292,2107.0450860572655,702121
2025-03-26,2046.0743408203125,2085.0319920501324,2040.3598823101656,2066.1494334948643,681836
2025-03-27,2006.3216552734375,2041.3040322263682,1981.277346061326,2026.1482939150478,1546632
2025-03-28,2015.4149169921875,2032.2104800591908,1981.426360365151,2032.2104800591908,828442
2025-04-01,1943.3134765625,2009.4520507253276,1932.0336564543782,2005.1787022992464,1111639
2025-04-02,1997.2777099609375,2007.017183293526,1926.5675952822733,1947.1395971120776,1464336
2025-04-03,2082.74609375,2136.7105052698703,2057.2547375653317,2087.0195632868504,3329584
2025-04-04,1958.86669921875,2077.031663817192,1904.1569228211931,2077.031663817192,3086633
2025-04-07,1911.1634521484375,1944.853815241305,1784.1036108597868,1784.1036108597868,1989646
2025-04-08,1970.39501953125,1979.0909346996336,1913.4491493879796,1919.1636079272032,796915
2025-04-09,1907.8341064453125,1927.263314595367,1896.2064737645794,1923.03958424238,1112795
2025-04-11,1957.077880859375,2006.1725590844226,1937.9468669167356,1998.2220078355335,1084881
2025-04-15,2000.358642578125,2017.4522783809527,1968.0595297469029,2017.4522783809527,1250417
2025-04-16,1922.244384765625,2016.657176184679,1909.1260243789732,1995.7869801867828,2011566
2025-04-17,1925.225830078125,1949.7732284929941,1910.2191896876946,1923.0394771317283,1443207
2025-04-21,1996.7808837890625,2002.147530108014,1916.480389521454,1942.1208443318926,966828
2025-04-22,2034.049072265625,2048.2607309093587,1974.7181330989304,1990.619235328212,1256110
2025-04-23,2076.58447265625,2091.094324818123,2021.3281692430774,2039.3162660400214,1092068
2025-04-24,2091.094482421875,2136.2137642465636,2069.6278967403905,2076.6841081108373,1580520
2025-04-25,2007.1165771484375,2111.7656319726752,1998.7684743292023,2097.752931403908,725961
2025-04-28,2092.38623046875,2105.9022646612516,2002.6444559250867,2007.1166410081332,1393395
2025-04-29,2054.322998046875,2102.821162786645,2040.5087707477476,2094.671896916867,1122651
2025-04-30,2082.64697265625,2103.914599948879,2058.0994518534358,2058.198930795526,1018611
2025-05-02,2046.2730712890625,2103.7158510055197,2035.341063623118,2074.099999893285,577972
2025-05-05,2072.41064453125,2087.019734143943,2040.3102448559596,2057.2051665133154,1091556
2025-05-06,2036.3348388671875,2065.6524951612732,2002.1474459085553,2042.2977520117472,705896
2025-05-07,2058.596435546875,2062.0748018035606,2012.5826918550513,2012.5826918550513,687550
2025-05-08,2002.3463134765625,2086.7214387260406,1994.2962835541264,2065.9507213368047,878435
2025-05-09,2024.806640625,2035.5398118998808,1963.8854938445486,1964.8793127393958,558130
2025-05-12,2027.1917724609375,2032.3595820405478,1961.7984425173797,1985.6500953139434,1207946
2025-05-13,2051.6396484375,2101.2313573277943,2036.6331285655106,2038.7200026850433,1373008
2025-05-14,2058.596435546875,2073.1062889845357,2023.2166272006764,2053.428625634686,1196372
2025-05-15,2060.087158203125,2105.8028288779115,2051.0435515398835,2087.0197481967703,2268766
2025-05-16,2055.614990234375,2071.1186626890926,2028.3844484397496,2071.1186626890926,2099648
2025-05-19,2017.0548095703125,2064.161849562532,2013.0795339813621,2059.2922340186947,824580
2025-05-20,1954.742431640625,2028.384388355998,1951.3634230950524,2025.0053798104254,1568846
2025-05-21,1983.6624755859375,2004.4333143479646,1956.0342623195006,1961.7984603239684,1555298
2025-05-22,1956.5311279296875,1986.3456935281433,1943.5121252148508,1983.3642369682977,989503
2025-05-23,1966.668212890625,1969.550311916033,1934.8660086175041,1965.7737516322873,587965
2025-05-26,1975.016357421875,1992.507545877765,1959.3139702045987,1971.73670651074,1159667
2025-05-27,1958.0218505859375,1987.9358950364272,1952.8540410900257,1976.506978256511,672238
2025-05-28,1929.5987548828125,1966.171338984204,1926.4185829243368,1959.3139643007203,932231
2025-05-29,1957.922607421875,1962.7923443368043,1937.1517679705464,1947.8850607089298,1008723
2025-05-30,1945.59912109375,1962.7922357866992,1929.0023947655611,1957.8231415188848,1340964
2025-06-02,1948.9781494140625,1952.2578001907107,1929.4993239479472,1941.9220597446763,498677
2025-06-03,1941.922119140625,1960.5064839346444,1936.1579210283264,1957.8232214467919,681118
2025-06-04,1931.98388671875,1956.8293585129725,1923.0395168728298,1941.922075436439,551337
2025-06-05,1982.867431640625,1987.4390956583527,1936.9530467348454,1941.9221412621282,1130246
2025-06-06,1987.240234375,1995.488979714024,1973.5256064397213,1992.6068806608841,1289550
2025-06-09,1982.2711181640625,2000.5574098596167,1970.6434857686875,1997.57595321303,1044214
2025-06-10,1992.4080810546875,2005.128889558299,1975.513160587318,1982.2710559847992,733750
2025-06-11,2014.0733642578125,2016.8561057121133,1987.935999902261,2000.4580938150464,983172
2025-06-12,2010.6943359375,2036.8318213516138,2000.9549835748614,2019.439990722849,1391074
2025-06-13,1987.240234375,2006.520345164252,1967.7614083334415,1985.6501484092003,475900
2025-06-16,1998.470458984375,2002.5450922289795,1968.7552494816914,1987.2402568391099,513550
2025-06-17,1931.98388671875,2007.116569161323,1923.2382321208715,1998.4703935032455,1196883
2025-06-18,1941.922119140625,1948.779493773316,1920.5550129167134,1931.9839301992708,994189
2025-06-19,1919.859375,1943.7110282950453,1915.287711065824,1941.922105771604,617836
2025-06-20,1935.959228515625,1942.6177666582305,1908.7285662333059,1916.082850399448,753312
2025-06-23,1915.2877197265625,1936.0585588280778,1909.5236429436648,1913.2007243169653,615853
2025-06-24,1918.8656005859375,1952.257891709772,1914.2939365458046,1929.0025049449603,594546
2025-06-25,1923.3377685546875,1940.9283145845163,1911.6106569909457,1928.0086688653157,585479
2025-06-26,1916.7784423828125,1929.1018208676069,1898.194077687784,1928.0086443530374,1733659
2025-06-27,1923.23828125,1940.7295908925726,1912.206915754725,1923.3377601923423,3591856
2025-06-30,1926.02099609375,1949.7732916709622,1913.101350609117,1926.5179055354665,747414
2025-07-01,1948.7794189453125,1957.823146271533,1893.2249206331321,1936.9529502960495,1092022
2025-07-02,1956.233154296875,1971.736704931364,1930.6919356824367,1962.7923347981068,1446106
2025-07-03,1942.7171630859375,1956.3324329909062,1925.9216000279907,1956.2330753677024,739865
2025-07-04,1968.6558837890625,1983.6625249198385,1944.9035878096813,1949.8726823109835,934950
2025-07-07,1966.3699951171875,1978.4946581403765,1952.8540827263596,1972.7304601586889,475907
2025-07-08,1910.21923828125,1965.2768283031908,1903.1631485211683,1962.79228111191,1904205
2025-07-09,1902.3680419921875,1953.3509988058254,1895.1132369941806,1921.4494371815906,1578005
2025-07-10,1883.0880126953125,1910.616746419097,1870.3670828404372,1908.032841662388,2074057
2025-07-11,1882.988525390625,1892.032373972589,1863.410342584185,1883.2867195717495,1511071
2025-07-14,1914.1944580078125,1923.0394700141856,1876.9262512245919,1882.9885219315067,624180
2025-07-15,1938.6424560546875,1947.8850202382532,1902.3680666471894,1919.06427248983,989778
2025-07-16,1918.1697998046875,1943.9097331105656,1913.3000630199354,1937.9468198188154,562381
2025-07-17,1943.611572265625,1949.475128032935,1923.0395695824518,1926.0210262794787,582993
2025-07-18,1920.2568359375,1946.7918734382756,1914.5921167164563,1937.4499514864945,642199
2025-07-21,1909.1260986328125,1929.996295442437,1903.1631852586338,1915.089012006991,508571
2025-07-22,1891.43603515625,1935.4622598632777,1865.696223335725,1918.0704295435821,2218870
2025-07-23,1908.629150390625,1912.107516454862,1893.2249578204323,1893.2249578204323,374768
2025-07-24,1929.4000244140625,1943.810398372128,1902.8649871638793,1909.6230041670783,667641
2025-07-25,1951.0,1960.0,1924.9000244140625,1932.0,681217
2025-07-28,1960.5,1984.0,1949.0,1952.0,784930
2025-07-29,1984.5999755859375,1987.0,1947.699951171875,1954.9000244140625,907495
2025-07-30,1984.5999755859375,1992.0999755859375,1940.0,1986.0,754124
2025-07-31,1929.0999755859375,1969.800048828125,1924.300048828125,1935.0,1105512
2025-08-01,1867.300048828125,1931.0,1860.699951171875,1931.0,1243065
2025-08-04,1882.199951171875,1899.0,1857.0999755859375,1883.9000244140625,515426
2025-08-05,1864.5,1890.9000244140625,1855.5999755859375,1889.0,877812
2025-08-06,1851.800048828125,1908.0,1836.800048828125,1908.0,2735877
2025-08-07,1944.199951171875,1952.699951171875,1855.0,1855.9000244140625,4166570
2025-08-08,1918.0,1939.199951171875,1912.199951171875,1933.0,1159423
2025-08-11,1944.800048828125,1950.699951171875,1906.300048828125,1918.0,1016105
2025-08-12,1943.800048828125,1960.699951171875,1932.0,1937.5999755859375,1091418
2025-08-13,1989.800048828125,2005.800048828125,1943.800048828125,1943.800048828125,875771
2025-08-14,1961.5999755859375,2009.800048828125,1957.699951171875,1990.0,859101
2025-08-18,1968.300048828125,1984.699951171875,1950.9000244140625,1975.0,711882
2025-08-19,1968.5999755859375,1986.0999755859375,1962.0999755859375,1972.0,475802
2025-08-20,1940.300048828125,1970.0,1932.800048828125,1968.5999755859375,562011
2025-08-21,1962.5,1969.699951171875,1932.0999755859375,1942.199951171875,1128325
2025-08-22,1974.699951171875,1978.800048828125,1962.5,1970.0,380574
2025-08-25,1966.300048828125,1985.9000244140625,1959.300048828125,1984.0,322362
2025-08-26,1924.5999755859375,1963.0999755859375,1911.0,1963.0999755859375,1523467
2025-08-28,1902.4000244140625,1934.0999755859375,1893.0999755859375,1930.0,503381
2025-08-29,1894.9000244140625,1917.699951171875,1890.0,1902.4000244140625,865960
2025-09-01,1898.0,1928.0999755859375,1887.0999755859375,1887.0999755859375,482030
2025-09-02,1889.699951171875,1908.0,1882.4000244140625,1908.0,405325
2025-09-03,1951.0999755859375,1953.800048828125,1875.0,1899.0,607223
2025-09-04,1939.199951171875,1964.4000244140625,1931.0999755859375,1961.0,382655
2025-09-05,1943.9000244140625,1970.0,1932.0,1941.9000244140625,319959
2025-09-08,1947.199951171875,1961.4000244140625,1921.5,1935.0,329889
2025-09-09,1957.300048828125,1964.5,1934.699951171875,1937.0999755859375,486792
2025-09-10,1979.699951171875,1983.300048828125,1954.800048828125,1969.0,849638
2025-09-11,1988.0,2016.800048828125,1974.0,1982.0,565708
2025-09-12,2043.4000244140625,2055.0,2021.0999755859375,2022.0,1611446
2025-09-15,2046.0,2048.0,2018.0999755859375,2043.0,594605
2025-09-16,2051.800048828125,2062.800048828125,2036.4000244140625,2039.0,520267
2025-09-17,2031.199951171875,2057.800048828125,2015.0,2030.0,672304
2025-09-18,2046.5999755859375,2050.0,2022.5999755859375,2041.9000244140625,453509
2025-09-19,2055.60009765625,2061.0,2041.5,2052.0,712388
2025-09-22,2004.4000244140625,2052.89990234375,1998.5,2045.800048828125,548456
2025-09-23,2007.0,2020.0999755859375,1998.300048828125,2017.0,454836
2025-09-24,1990.9000244140625,2014.9000244140625,1988.0,2004.0999755859375,403694
2025-09-25,1963.5,2040.0,1959.0,2020.0,1382226
2025-09-26,1919.800048828125,1952.800048828125,1913.300048828125,1930.5,1121424
2025-09-29,1933.199951171875,1958.0,1920.199951171875,1925.5999755859375,1513775
2025-09-30,1911.300048828125,1957.5999755859375,1901.800048828125,1941.0,1027361
2025-10-01,1981.300048828125,1990.0,1917.0,1917.4000244140625,2121653
2025-10-03,1973.5999755859375,2006.0999755859375,1969.0999755859375,1984.4000244140625,763789
2025-10-06,1937.300048828125,1972.9000244140625,1929.199951171875,1950.0,1001317
2025-10-07,1924.800048828125,1946.4000244140625,1918.5999755859375,1946.0,665614
2025-10-08,1905.5999755859375,1942.0,1901.0,1932.699951171875,556107
2025-10-09,1957.5999755859375,1984.199951171875,1930.5999755859375,1933.0,2308301
2025-10-10,1959.300048828125,1985.0,1931.699951171875,1957.5999755859375,855550
2025-10-13,1972.4000244140625,1982.300048828125,1946.4000244140625,1950.0999755859375,530857
2025-10-14,1937.300048828125,1976.9000244140625,1932.0,1961.0,751565
2025-10-15,1940.5,1958.5999755859375,1931.0999755859375,1947.0,636814
2025-10-16,1951.199951171875,1955.0,1935.5999755859375,1955.0,375071
2025-10-17,1940.0,1960.0,1923.199951171875,1960.0,869998
2025-10-20,1943.800048828125,1964.0,1936.9000244140625,1954.0,882938
2025-10-21,1942.300048828125,1959.300048828125,1940.0999755859375,1955.0,45815
2025-10-23,1939.800048828125,1969.9000244140625,1934.0,1969.9000244140625,803342
2025-10-24,1931.199951171875,1957.800048828125,1920.0,1941.9000244140625,465760
2025-10-27,1922.9000244140625,1941.0,1918.5,1938.0,242757
2025-10-28,1918.699951171875,1932.199951171875,1900.0,1916.0,669159
2025-10-29,1955.9000244140625,1960.0,1918.699951171875,1918.699951171875,845205
2025-10-30,1945.800048828125,1956.0999755859375,1926.9000244140625,1956.0,943924
2025-10-31,1963.5,1976.0,1936.0999755859375,1945.9000244140625,1017447
2025-11-03,1983.800048828125,2008.0,1946.5999755859375,1967.0,1766857
2025-11-04,1997.0,2016.5,1969.699951171875,1985.800048828125,1202638
2025-11-06,1955.5,2011.0,1944.0999755859375,2010.9000244140625,1405493
2025-11-07,1971.800048828125,2002.0,1960.0,1984.0,3553381
2025-11-10,1990.199951171875,2028.0,1980.0999755859375,1980.0999755859375,1717376
2025-11-11,1975.9000244140625,1998.0,1971.5999755859375,1998.0,1666173
2025-11-12,2033.9000244140625,2040.0,1971.800048828125,1983.199951171875,1490995
2025-11-13,2052.89990234375,2068.300048828125,2033.5,2051.60009765625,1386426
2025-11-14,2055.300048828125,2069.199951171875,2035.800048828125,2053.89990234375,591657
2025-11-17,2052.10009765625,2076.60009765625,2043.0999755859375,2074.89990234375,989649
2025-11-18,2047.4000244140625,2064.0,2038.300048828125,2064.0,1357360
2025-11-19,2025.4000244140625,2055.0,2019.699951171875,2055.0,684024
2025-11-20,2030.800048828125,2042.5,2024.0,2035.0,603128
2025-11-21,2029.4000244140625,2037.9000244140625,2021.199951171875,2032.699951171875,2372385
2025-11-24,1999.5999755859375,2012.199951171875,1983.5,2010.699951171875,3126857
2025-11-25,2042.300048828125,2052.5,2001.0999755859375,2011.699951171875,1446889
2025-11-26,2071.60009765625,2074.0,2035.300048828125,2042.300048828125,615108
2025-11-27,2071.39990234375,2083.89990234375,2060.199951171875,2077.199951171875,684337
2025-11-28,2082.199951171875,2091.39990234375,2070.39990234375,2074.0,822625
2025-12-01,2081.89990234375,2107.39990234375,2062.39990234375,2094.89990234375,753627
2025-12-02,2082.699951171875,2099.89990234375,2074.5,2089.89990234375,1195482
2025-12-03,2080.10009765625,2102.800048828125,2053.60009765625,2082.699951171875,1097912
2025-12-04,2092.0,2095.199951171875,2066.300048828125,2086.800048828125,696481
2025-12-05,2098.800048828125,2105.0,2083.10009765625,2095.0,971873
2025-12-08,2070.699951171875,2099.39990234375,2055.10009765625,2091.800048828125,1254639
2025-12-09,2051.800048828125,2073.0,2036.699951171875,2070.0,948623
2025-12-10,2055.39990234375,2075.0,2050.800048828125,2064.89990234375,958328
2025-12-11,2081.800048828125,2085.89990234375,2046.5999755859375,2062.0,585053
2025-12-12,2113.89990234375,2117.199951171875,2080.0,2083.0,574240
2025-12-15,2092.60009765625,2121.89990234375,2086.39990234375,2121.89990234375,492484
2025-12-16,2090.60009765625,2099.89990234375,2077.60009765625,2096.60009765625,604167
2025-12-17,2113.10009765625,2128.0,2095.89990234375,2100.89990234375,784183
2025-12-18,2119.10009765625,2127.10009765625,2098.0,2116.10009765625,515063
2025-12-19,2125.800048828125,2146.89990234375,2111.10009765625,2127.0,595995
2025-12-22,2126.300048828125,2138.699951171875,2116.60009765625,2128.800048828125,476091
2025-12-23,2113.5,2131.800048828125,2103.5,2131.800048828125,212827
2025-12-24,2107.0,2115.0,2096.199951171875,2110.0,473286
2025-12-26,2112.39990234375,2117.0,2095.699951171875,2107.199951171875,987508
2025-12-29,2082.10009765625,2114.0,2078.10009765625,2112.39990234375,639376
2025-12-30,2080.39990234375,2098.800048828125,2065.10009765625,2091.699951171875,1710128
2025-12-31,2109.5,2115.699951171875,2077.800048828125,2095.0,645858
2026-01-01,2102.800048828125,2114.0,2082.0,2114.0,380593
2026-01-02,2105.300048828125,2122.10009765625,2095.5,2103.0,252908
2026-01-05,2083.699951171875,2112.199951171875,2073.60009765625,2105.300048828125,574277
2026-01-06,2149.699951171875,2160.0,2077.0,2083.60009765625,1795864
2026-01-07,2214.300048828125,2226.300048828125,2146.300048828125,2161.0,1368118
2026-01-08,2190.89990234375,2221.0,2185.699951171875,2220.89990234375,838882
2026-01-09,2182.199951171875,2195.0,2156.0,2191.0,929502
2026-01-12,2188.39990234375,2197.699951171875,2139.699951171875,2174.0,623831
2026-01-13,2179.0,2205.0,2157.300048828125,2190.39990234375,892652
2026-01-14,2195.89990234375,2216.699951171875,2156.39990234375,2168.199951171875,737880
2026-01-15,2195.89990234375,2195.89990234375,2195.89990234375,2195.89990234375,0
2026-01-16,2177.89990234375,2217.39990234375,2173.0,2205.0,1011431
2026-01-19,2177.10009765625,2188.60009765625,2145.0,2155.0,792609
2026-01-20,2168.300048828125,2180.0,2152.800048828125,2177.10009765625,873360
2026-01-21,2140.699951171875,2210.0,2132.0,2168.300048828125,1009184
2026-01-22,2163.199951171875,2188.699951171875,2147.10009765625,2149.0,635760
2026-01-23,2137.199951171875,2178.0,2130.300048828125,2167.0,578417
2026-01-27,2150.5,2162.60009765625,2121.0,2140.5,842777
2026-01-28,2129.5,2162.60009765625,2116.60009765625,2154.89990234375,926440
2026-01-29,2132.10009765625,2137.89990234375,2088.0,2125.199951171875,694722
2026-01-30,2152.800048828125,2168.0,2120.300048828125,2130.0,1149131
2026-02-02,2129.39990234375,2148.0,2078.199951171875,2135.300048828125,567484
2026-02-03,2185.89990234375,2225.0,2163.699951171875,2225.0,1252989
2026-02-04,2195.199951171875,2210.10009765625,2159.199951171875,2196.300048828125,984948
2026-02-05,2218.5,2244.5,2196.89990234375,2204.0,1046965
2026-02-06,2173.699951171875,2214.0,2162.10009765625,2214.0,600785
2026-02-09,2196.800048828125,2215.5,2168.5,2189.89990234375,619264
2026-02-10,2204.10009765625,2233.800048828125,2196.199951171875,2214.0,692201
2026-02-11,2209.10009765625,2230.300048828125,2198.10009765625,2215.0,560095
2026-02-12,2211.10009765625,2221.300048828125,2171.699951171875,2218.0,804229
2026-02-13,2199.300048828125,2219.199951171875,2160.0,2210.0,1126141
2026-02-16,2221.5,2238.800048828125,2191.89990234375,2219.300048828125,1256981
2026-02-17,2247.5,2263.0,2228.0,2235.0,932836
2026-02-18,2226.699951171875,2255.0,2220.800048828125,2255.0,381520
2026-02-19,2228.699951171875,2251.0,2205.10009765625,2234.0,492280
2026-02-20,2219.39990234375,2241.199951171875,2210.39990234375,2218.0,509573
2026-02-23,2241.39990234375,2254.39990234375,2210.5,2220.0,745467
2026-02-24,2250.199951171875,2257.89990234375,2235.0,2252.5,1074791
2026-02-25,2292.199951171875,2299.699951171875,2254.800048828125,2267.199951171875,1104224
2026-02-26,2323.199951171875,2331.800048828125,2288.800048828125,2292.199951171875,914955
2026-02-27,2301.89990234375,2336.300048828125,2291.699951171875,2330.0,955385
2026-03-02,2311.10009765625,2322.39990234375,2261.300048828125,2275.60009765625,580930
2026-03-04,2304.89990234375,2312.0,2268.39990234375,2311.10009765625,1343538
2026-03-05,2332.89990234375,2361.60009765625,2310.0,2310.0,1683119
2026-03-06,2343.800048828125,2369.5,2324.800048828125,2341.0,1374145
2026-03-09,2303.10009765625,2319.89990234375,2284.39990234375,2310.0,852490
2026-03-10,2337.39990234375,2358.0,2314.60009765625,2318.0,1118753
2026-03-11,2344.60009765625,2377.60009765625,2336.5,2350.0,985107
2026-03-12,2357.300048828125,2361.39990234375,2306.0,2337.0,870863
2026-03-13,2314.89990234375,2361.89990234375,2297.199951171875,2348.0,695882
2026-03-16,2290.39990234375,2312.0,2251.0,2301.10009765625,614808
2026-03-17,2298.199951171875,2312.199951171875,2285.39990234375,2306.0,723707
2026-03-18,2302.39990234375,2323.0,2295.300048828125,2295.300048828125,1168283
2026-03-19,2251.5,2295.0,2241.60009765625,2278.0,372325
2026-03-20,2322.5,2337.800048828125,2265.10009765625,2275.0,1089433
2026-03-23,2296.699951171875,2321.0,2282.10009765625,2319.699951171875,1092156
2026-03-24,2331.800048828125,2348.89990234375,2280.5,2325.0,1275794
