Price,Close,High,Low,Open,Volume
Ticker,SUNPHARMA.NS,SUNPHARMA.NS,SUNPHARMA.NS,SUNPHARMA.NS,SUNPHARMA.NS
Date,,,,,
2021-03-24,557.0888671875,568.2249455788094,555.0901092092149,556.8033386325017,7299582
2021-03-25,547.9991455078125,559.6111233882085,543.9539933264696,556.2322431848041,4710869
2021-03-26,558.897216796875,561.8477748539274,546.904496679926,552.8532492895374,5761818
2021-03-30,568.8912353515625,570.1285645240233,558.9449073735103,566.2737836780382,4637718
2021-03-31,568.9864501953125,576.7912275999797,566.9876919508523,569.3671937148786,5269919
2021-04-01,581.3120727539062,583.1680950837708,568.557924629319,571.0802188331458,6033653
2021-04-05,579.4561767578125,582.4543717976703,564.1797891921052,582.2164216546117,5353987
2021-04-06,590.5445556640625,591.9246778296867,574.4115276515469,579.4084796319455,7444994
2021-04-07,591.11572265625,598.1114915866506,586.4519347959451,591.068144247192,4757224
2021-04-08,584.6434326171875,595.8270880233771,583.7392105614333,590.6397638971673,3222479
2021-04-09,606.0588989257812,611.0558509781729,580.1223382728915,583.4536396411526,16755446
2021-04-12,589.49755859375,614.7202693687935,585.5476217623094,608.200459820861,15229597
2021-04-13,597.1121215820312,604.9168986227347,586.4043641432527,593.9236126042491,7399207
2021-04-15,602.7277221679688,610.5800770165841,596.3030682009197,603.0608291363485,8588761
2021-04-16,614.9107666015625,618.6703905938308,596.1602831449052,602.7277305285282,9804095
2021-04-19,609.77099609375,620.0028511756303,604.393300185492,612.9595044400895,11340358
2021-04-20,614.0541381835938,627.7124526188778,608.3433349755372,612.7691726058044,13831258
2021-04-22,609.1047973632812,626.2847863426223,607.343931421081,619.3366536751098,11295290
2021-04-23,607.201171875,614.6727829476,599.7771392111927,605.8210494602414,7668180
2021-04-26,604.1077880859375,612.959521104345,600.5861146224249,612.959521104345,6527947
2021-04-27,608.4385375976562,611.484311156578,601.5379832017501,602.2042552448421,5112384
2021-04-28,612.3885498046875,616.1005374131349,607.5343317259943,610.0566266378614,6069155
2021-04-29,613.4354858398438,620.5739903298341,610.1993405670621,617.6710101225643,5676290
2021-04-30,622.9059448242188,634.470287825137,609.2475706886906,611.0560151546621,10874266
2021-05-03,627.427001953125,631.9480550539877,618.7655811565439,622.4300485258557,6567597
2021-05-04,614.0541381835938,632.8521987434464,611.0559432620463,630.091953955568,5604638
2021-05-05,650.4603881835938,654.7434897964973,611.2937801971738,611.2937801971738,25296369
2021-05-06,646.6531982421875,663.119333116884,640.8947594967628,656.5994656898456,11153908
2021-05-07,646.700927734375,657.694213019294,644.940061772628,648.1762070421696,6466334
2021-05-10,664.547119140625,669.5916501599878,650.6507970176478,654.8387424450201,10924222
2021-05-11,673.969970703125,687.0572287410873,662.6435786026125,664.8327083284848,14760511
2021-05-12,668.9729614257812,680.4897823875026,666.2603532249681,680.4897823875026,7250661
2021-05-14,658.1226196289062,676.7303120909455,653.8870948051753,669.1159063290221,6851035
2021-05-17,654.02978515625,664.8326983924522,647.2719662507568,654.8387924037326,6318234
2021-05-18,657.5038452148438,662.310426643389,651.7454631828915,657.6942169541849,4080423
2021-05-19,669.4965209960938,672.685029557883,657.5037993733264,660.8351012529905,7745431
2021-05-20,653.744140625,667.8308342935798,651.9833329630732,666.2603402542354,6226376
2021-05-21,657.1231079101562,661.0254668384798,654.8387634051463,658.4080153859156,3434231
2021-05-24,657.6466674804688,664.7375939065253,656.3617017533492,657.6942458940729,3722957
2021-05-25,662.54833984375,663.7857270338085,657.6941802744118,661.5013824757109,2800233
2021-05-26,669.8771362304688,672.1139021143551,662.6434761434684,665.7844059682636,6235460
2021-05-27,665.7844848632812,675.5404405028075,661.0254821122928,673.1609391273133,9875654
2021-05-28,637.4684448242188,661.0255094145874,634.1847211717503,660.5496091198326,28316552
2021-05-31,636.0882568359375,643.1316037101897,627.2365238838526,639.6099302730636,13947126
2021-06-01,638.7057495117188,640.847300756102,632.2810957785691,637.8015273676534,6443084
2021-06-02,644.7972412109375,645.4158766616058,637.8491093857641,638.6581165494421,4978457
2021-06-03,642.9412841796875,648.0333939850948,641.0376830422199,645.320785601522,3604574
2021-06-04,641.4659423828125,646.5104732866708,640.3713485981577,646.177366357406,3747803
2021-06-07,642.7984619140625,645.1303848211212,638.5629960485426,641.4659760338103,2793705
2021-06-08,646.0345458984375,647.1767180402305,633.0424467104575,640.5616933917472,5695920
2021-06-09,640.4189453125,651.697816130897,635.4219926709209,648.2237210570536,4492551
2021-06-10,643.4647216796875,648.1761458119572,640.5617417495554,640.6093201562868,3099864
2021-06-11,648.4617919921875,653.2683738099495,641.5612370587094,642.6558310785823,3822099
2021-06-14,644.464111328125,650.746029640211,639.1816300405096,649.1279571313422,3640962
2021-06-15,640.7520751953125,648.5568505117252,639.3719529227834,644.4640620980273,3862284
2021-06-16,636.3262329101562,647.700260865842,634.7081603899957,642.4653579492186,4842448
2021-06-17,632.9949340820312,641.0852386282396,629.7588471195246,639.4195876922555,2776147
2021-06-18,636.2786254882812,640.5617276793018,621.2401894140228,634.850924757941,4158743
2021-06-21,638.9912109375,642.2749341192816,630.0918999385239,630.0918999385239,2932177
2021-06-22,634.6605224609375,647.4622500114647,633.7563004233001,645.3206990191445,4577152
2021-06-23,633.185302734375,639.9430632616783,632.2335022041467,634.66058193757,2631031
2021-06-24,632.757080078125,638.658255909361,629.6161494546085,632.1860229077777,3460776
2021-06-25,639.847900390625,644.749696312229,632.7569748888719,632.7569748888719,3010243
2021-06-28,643.7026977539062,647.1292145760835,637.2780440672807,642.4653686625485,3342385
2021-06-29,644.9400634765625,648.6521090547675,640.6569607755406,640.799754102894,2937766
2021-06-30,642.8937377929688,650.5081427221189,641.7515654349364,645.3683961576229,3768943
2021-07-01,651.17431640625,652.7447523296789,641.2279898513713,642.4653188467885,4102748
2021-07-02,648.4141845703125,656.2665398329989,645.6063610698433,652.4593372813933,5071894
2021-07-05,647.414794921875,651.935847877903,645.8918790701805,651.0316256680375,1600769
2021-07-06,640.7996215820312,650.0796755150797,639.9906144764647,645.3206734981318,2682423
2021-07-07,647.319580078125,649.1280244980641,633.9943713640885,635.8028157840276,2576763
2021-07-08,634.755859375,648.0810681108337,633.0425717771815,644.3690224399601,2548016
2021-07-09,635.7075805664062,639.8954679326915,632.1859070790284,634.3750366220062,1994075
2021-07-12,636.3262329101562,640.4189635717665,634.2798966259982,636.3738113180121,1555035
2021-07-13,650.0797729492188,656.123683179291,636.7545653045788,637.9918943957792,7744032
2021-07-14,652.8876953125,659.0268213853124,648.1762702755369,649.0804925502355,2663467
2021-07-15,650.0797729492188,655.0291474073155,648.4617004022821,652.9351745873558,1905193
2021-07-16,655.4097900390625,662.1200299258338,649.7466236339475,651.8881747229278,3479357
2021-07-19,656.0285034179688,658.1700545716727,645.3683260564284,645.3683260564284,1940882
2021-07-20,643.8455200195312,658.2652640862715,641.418440136347,655.790605792299,2724983
2021-07-22,654.1724853515625,655.0291290563223,642.9888292488415,647.2243531787435,2047831
2021-07-23,660.5494995117188,665.2609232666631,648.7471509228974,653.1254677641064,3956261
2021-07-26,669.4965209960938,671.019378618051,661.6917449736504,661.6917449736504,4715053
2021-07-27,655.124267578125,671.6856193902261,641.3707388384532,671.0193474266051,5327355
2021-07-28,654.6483764648438,658.5983718024029,640.1334187470866,655.124276717885,3332667
2021-07-29,669.1157836914062,671.9236069201501,647.8906431389154,654.6484037767168,4397443
2021-07-30,736.64599609375,745.973629216814,662.5959300689402,669.0681617404565,35893710
2021-08-02,737.6453247070312,763.2487792148225,727.2706769028691,747.1633288967994,18661462
2021-08-03,756.4910888671875,765.5807727815425,728.3653933653678,736.6460700245744,14678219
2021-08-04,747.8772583007812,759.4416578516265,742.1188767756668,752.8742110288488,5796169
2021-08-05,748.2579345703125,756.1102881523226,745.5452684769178,747.6392410507782,5026619
2021-08-06,747.353759765625,758.0615153268238,743.8796647240081,748.591088789594,4064324
2021-08-09,750.7802124023438,754.7777860657386,744.3079807104762,751.1133774287133,2873586
2021-08-10,755.1109008789062,760.2982252049869,744.4983601958434,751.8748140458474,5656020
2021-08-11,741.9761352539062,756.6814659273808,736.0273815909551,755.7296653413088,4275776
2021-08-12,741.1194458007812,743.5941037407146,735.8845433104466,742.4043531747294,2821380
2021-08-13,740.7862548828125,750.4946307804305,730.6496152710466,731.9345226000647,4319920
2021-08-16,743.1658325195312,745.259805276899,733.8857774729798,737.8357728583164,2310304
2021-08-17,746.3544311523438,754.9682145877316,740.691206210858,745.2598372727984,5686055
2021-08-18,745.1647338867188,753.2550392137335,741.7382167745913,750.0188938456076,4036305
2021-08-20,724.4630126953125,746.6399539169231,707.5209164113716,737.6454270905152,6238261
2021-08-23,724.65380859375,734.8172128228891,716.4944862564786,730.0456724798834,2375417
2021-08-24,736.1055297851562,742.4039981942349,719.7868845703974,725.0832828771985,2732537
2021-08-25,733.91064453125,740.5430975828396,724.892421191056,734.8172488901887,2254852
2021-08-26,725.7990112304688,735.8669500004771,724.5584223541393,730.1888634226991,1735864
2021-08-27,736.5350341796875,741.4974483144593,723.4610005974603,725.9899405472651,2432862
2021-08-30,751.2312622070312,758.6271491377003,733.0517066267187,733.8628451205797,3617125
2021-08-31,757.7682495117188,764.4007017063786,747.8911850915758,751.4698400621113,7435465
2021-09-01,752.4718017578125,767.1681671578935,751.0403398648045,758.7225070413468,2811619
2021-09-02,753.8557739257812,759.2953423127893,752.281142097896,754.1897584971024,2679549
2021-09-03,753.3307495117188,760.7743401736533,748.1774630746594,756.7662349722002,2860730
2021-09-06,748.4160766601562,756.8616794737559,744.1216905014433,753.3307863403305,4613445
2021-09-07,734.7218627929688,747.2232761711115,731.5725993231396,746.2689680278534,3851664
2021-09-08,741.9267578125,743.3582197962222,728.6618534648057,732.2405084241113,2548562
2021-09-09,740.8292846679688,746.5074288859437,736.2009141920113,736.9166451880668,2008287
2021-09-13,744.6466674804688,747.223311237454,736.3919366017088,740.8294347282979,1935832
2021-09-14,745.6963500976562,751.9947600687306,741.7836520581227,748.8455550831934,1996844
2021-09-15,744.9805297851562,749.8474770663721,743.2150251172498,748.8454653609847,1393824
2021-09-16,745.3623046875,748.7023829247174,742.7379575011148,744.3602928656031,1353677
2021-09-17,734.7218627929688,751.899409371615,731.6203613273798,749.1318924576277,4052622
2021-09-20,721.9340209960938,739.3501424543604,717.2578883745165,731.6679745014887,2206369
2021-09-21,729.5685424804688,731.3339891670048,716.7330868856639,721.9340776801499,2123997
2021-09-22,734.9126586914062,738.6344836517555,729.5685565268309,730.0457105860374,1817865
2021-09-23,734.674072265625,741.6882717940598,731.0954168673453,735.8669573983849,2109768
2021-09-24,735.2466430664062,741.1633645797618,727.1827284572123,733.8628847553757,1777859
2021-09-27,728.1847534179688,739.1115923525,725.3695329921479,736.200964419231,2862731
2021-09-28,739.6842041015625,754.8577265817052,720.4549303380912,731.6680508024845,4938824
2021-09-29,774.2301635742188,782.2940788111106,736.1055426556555,748.177563632706,18565413
2021-09-30,780.8626098632812,794.8909507089941,769.7448970995345,777.5702352393367,10478553
2021-10-01,788.8310546875,792.7437528578358,768.5043037416774,774.898179681421,5730355
2021-10-04,793.984375,800.5691244854377,788.6879764554592,792.0757587139423,4007435
2021-10-05,783.0098266601562,796.274733067258,777.7134281473733,790.1671376899566,2987134
2021-10-06,764.0191040039062,786.3499386675185,760.8698986657939,782.9621562849076,2910453
2021-10-07,785.6341552734375,788.5924871298922,767.3591315819615,771.1286602835597,4089061
2021-10-08,783.8687133789062,795.7020991238146,781.1966040447652,787.3996068272371,2753935
2021-10-11,794.5091552734375,797.9924029540144,780.4331115377942,788.2584491960301,2988841
2021-10-12,791.7893676757812,804.2430755590506,786.0635196148446,795.4157264651067,2407031
2021-10-13,804.0523071289062,808.1081167008098,789.4514043193232,790.1194316627882,4113083
2021-10-14,802.859375,811.1618669343613,799.9487470090922,805.340610952546,2300231
2021-10-18,797.7061157226562,812.1161438604213,794.1274605646344,811.1618358182822,2632795
2021-10-19,789.5467529296875,803.71826261852,787.9244758190339,798.7558490397337,2029762
2021-10-20,777.6657104492188,796.6564070933842,770.6038070612034,787.3519029214378,2089252
2021-10-21,781.0057373046875,791.1213794123889,773.0372300793272,785.4432348228266,3155655
2021-10-22,775.4230346679688,789.0696288427557,763.5896491809295,787.3995896684831,1709523
2021-10-25,776.0433349609375,783.7255032829663,759.1997742098048,772.9895374845695,2129988
2021-10-26,776.3296508789062,786.2544785648329,769.458620807599,779.6697292785083,1628608
2021-10-27,787.3994750976562,800.1395213211686,778.5244227121584,778.5244227121584,3569869
2021-10-28,770.6991577148438,791.2645427849703,766.3570677375507,786.3021292767751,1647229
2021-10-29,758.675048828125,779.2403796974031,743.7401016124014,763.4465900157232,4321416
2021-11-01,774.7073364257812,776.6636564635702,751.0405062023464,762.444500124955,1935341
2021-11-02,778.142822265625,797.8015451759697,746.9846405340793,777.4270912143307,17608860
2021-11-03,751.947021484375,784.4411981527483,745.6485535587025,782.5325820988486,9452138
2021-11-04,759.1044921875,760.5836582927514,752.4720383486002,760.5836582927514,485870
2021-11-08,763.4464111328125,766.3093351745605,747.2231748962403,761.5377951049804,4280584
2021-11-09,764.7348022460938,774.8982072031464,760.5835851489011,763.4465095597502,3232291
2021-11-10,774.039306640625,777.7611316735523,760.5835852071425,763.2079325839551,2900645
2021-11-11,758.53173828125,773.4189789667975,755.9073911159428,771.9875168766299,2107377
2021-11-12,769.6495361328125,771.605856224488,759.7247079046003,767.2160619579796,2076523
2021-11-15,773.6575927734375,782.1986619668796,769.7926565954548,771.3672300217136,2109222
2021-11-16,761.96728515625,780.0991383676379,759.295234226998,775.1844285407512,1512946
2021-11-17,755.1917114257812,768.2180406306655,751.4222409290799,763.4465000056304,1662900
2021-11-18,754.5237426757812,758.0546361428239,744.4557453553381,753.9034190957086,3177648
2021-11-22,735.5330200195312,757.72068491146,730.0934518161114,755.6688990530221,2894426
2021-11-23,749.3226928710938,755.5733989523438,726.7532841791593,734.8171988548213,2739763
2021-11-24,743.3582153320312,760.5357590335394,740.1135448898783,747.7003050073117,2404041
2021-11-25,747.1278686523438,751.2790857769614,738.9684874304421,740.16137260951,1861259
2021-11-26,732.2405395507812,762.396708237568,727.1827186425616,739.588723028852,5432649
2021-11-29,716.7330932617188,739.5887841102663,714.8244770446601,737.6801678932075,4664270
2021-11-30,719.1666259765625,726.8488534742053,711.9616108184716,716.6854479904482,5505266
2021-12-01,711.2935180664062,728.3756563316474,706.5219775729137,722.172653690107,3687799
2021-12-02,731.238525390625,735.5329115103742,712.009195355879,718.5939440380301,4896650
2021-12-03,717.4487915039062,736.6304185551681,714.6813330636504,736.6304185551681,3135454
2021-12-06,703.46826171875,718.1645719811049,700.1758870191522,716.8762793034277,2577704
2021-12-07,709.7189331054688,716.6853704633673,701.41644113259,707.2376971414117,2583462
2021-12-08,722.93603515625,728.6141795736426,713.2020816187684,715.9218944471024,2530785
2021-12-09,725.0355834960938,731.7634439937779,721.6000976132087,723.5564175811389,2604449
2021-12-10,726.5624389648438,739.5887676549817,719.7391710884779,719.7391710884779,2950388
2021-12-13,727.7551879882812,738.0139980083877,724.3197028149646,728.9480728743401,2491218
2021-12-14,721.5045776367188,733.6243013208152,719.1665113035665,722.6497589270729,3224172
2021-12-15,739.6842041015625,743.262859568922,711.2458336368811,718.1168637834805,6231786
2021-12-16,729.5208129882812,750.5632942025425,725.274130443652,750.5632942025425,6186549
2021-12-17,733.8152465820312,737.0598592690134,719.0711743570274,727.1827934440012,7171030
2021-12-20,729.043701171875,739.3025134794449,718.6417193475219,732.9086374152253,7474026
2021-12-21,742.9765014648438,748.129788100116,729.1390350976809,729.1390350976809,5599344
2021-12-22,761.0607299804688,764.4008084192545,741.9745674731216,749.1318784133769,5871235
2021-12-23,756.2415161132812,767.2160599978622,753.903449462514,765.2119779059126,4277384
2021-12-24,749.5136108398438,758.4840721014696,742.069961005154,757.1480756989353,3076272
2021-12-27,757.8160400390625,760.2018102926124,745.4577967227491,748.1775515132584,3598487
2021-12-28,777.8564453125,782.4371704144578,757.9114426036102,759.6291853936749,5477769
2021-12-29,800.4736938476562,805.102123492247,779.1926329735815,784.9184820830015,8748856
2021-12-30,796.3223876953125,803.4796982835386,789.5467653906527,798.4218771171273,5179861
2021-12-31,807.0584106445312,812.0685284105537,795.8929936881264,796.3224440030548,3346523
2022-01-03,810.1598510742188,820.7526473971164,802.477682727762,806.3903225326379,3726756
2022-01-04,799.4239501953125,814.9791614161642,794.3661286414136,813.5476991888524,3027262
2022-01-05,796.9426879882812,805.9609113746601,792.696063449893,801.6188210764318,2436343
2022-01-06,791.6939697265625,806.294930129428,784.4412515267986,799.5193077292615,2423850
2022-01-07,791.07373046875,797.8015910888305,787.49507500633,791.6939958010955,1475374
2022-01-10,788.9264526367188,796.8471975620195,780.194510945737,794.07968100249,4837873
2022-01-11,794.3662109375,803.0503927176643,790.4535121630186,792.9347485618893,4950526
2022-01-12,797.992431640625,806.3903311321408,789.6899396589899,806.3903311321408,3953446
2022-01-13,825.95361328125,831.2023075308708,796.1314868629495,797.9923992007195,7395140
2022-01-14,820.46630859375,829.1982501518175,817.6510883252889,825.9535796311609,2351963
2022-01-17,814.2156372070312,823.9495909339942,811.6389938313145,820.4663432645181,1750754
2022-01-18,808.0126342773438,827.5759492222776,806.3902989497152,815.9333794106585,3354708
2022-01-19,800.1873779296875,809.2533052884615,795.8929912860577,809.2533052884615,1677779
2022-01-20,782.5326538085938,804.2431634112102,778.3814368094885,800.9507887672587,2886894
2022-01-21,771.796630859375,782.246315594158,764.4961510216434,779.1925182030043,3218477
2022-01-24,764.2576293945312,787.3041936339915,755.4302793446956,767.2637232505808,5300160
2022-01-25,771.128662109375,774.6119100341355,748.9409983943964,754.8577203676597,3779497
2022-01-27,774.9935913085938,780.0514708787241,755.143994308893,765.3551027150837,3593525
2022-01-28,789.5467529296875,804.3862899121466,774.9935549633124,778.7153797089877,5073701
2022-01-31,796.3700561523438,810.9232537033602,782.580293380965,792.1710774948259,8041517
2022-02-01,851.0043334960938,854.1058351320481,801.4757148418519,808.6807883163026,12337459
2022-02-02,849.9545288085938,857.3981203064405,841.6997404815244,849.3342052477966,4404741
2022-02-03,843.1788330078125,850.4793126038146,840.2205014668516,848.713807832441,2292825
2022-02-04,853.1036987304688,861.5970054852454,841.0793822711441,842.5586063557455,4222492
2022-02-07,846.5189208984375,860.2609797402763,839.5047802217456,860.2609797402763,3494623
2022-02-08,853.2469482421875,855.0124533805251,841.6998421864689,845.5170750308521,4766558
2022-02-09,852.6217041015625,860.4125720491735,851.5636465850242,859.7874122814536,2874380
2022-02-10,860.1720581054688,862.0476547020787,846.4177809069225,857.3827620055993,3159839
2022-02-11,846.5140380859375,861.6149142364276,841.2720652398372,860.460696298346,2682532
2022-02-14,831.8460083007812,852.8141346930516,829.2971714838606,836.799500088287,5163415
2022-02-15,843.33984375,846.417738175465,826.2672132356653,829.5855672458393,3219287
2022-02-16,835.693359375,847.524019919958,834.010141995705,842.5705281499332,2136415
2022-02-17,829.6336669921875,839.0596711939414,828.4313690402812,839.0596711939414,2275289
2022-02-18,829.9703369140625,834.7795286711125,823.7183876298976,829.6336582674966,1797851
2022-02-21,811.6473999023438,831.0284692829365,807.463425883131,822.8528419809631,2305713
2022-02-22,813.5228881835938,816.600782733675,793.1319028335051,804.0968838225587,3171552
2022-02-23,808.1847534179688,820.4481935918207,806.0686970977591,817.4183790076615,1979574
2022-02-24,787.0243530273438,805.0107447277314,783.8983779007457,798.9030350260311,3679222
2022-02-25,799.8168334960938,803.135188230575,785.8701745387963,789.1885292732775,2098988
2022-02-28,811.6954956054688,814.6771713333957,789.6693715049798,789.6693715049798,4123139
2022-03-02,789.5731811523438,812.7053833738303,784.5716096354379,812.1282450992114,3807036
2022-03-03,789.5731811523438,801.0190231078071,785.8219878381748,801.0190231078071,2657776
2022-03-04,797.9893188476562,807.559564764083,778.4639507282853,785.1487399091073,4082674
2022-03-07,791.2564086914062,797.3640592454626,778.2234509874642,786.783836505173,3065234
2022-03-08,822.3719482421875,828.8162781742842,794.6710101478542,794.6710101478542,4864275
2022-03-09,835.1162719726562,851.9965257922124,827.1811044013641,830.451378761615,7276355
2022-03-10,836.3665771484375,848.2453167280432,833.5291420995301,836.7032558153004,2899758
2022-03-11,867.5783081054688,872.3875005007319,835.8857184794923,838.72315373389,7194497
2022-03-14,858.2005004882812,877.0044335882707,855.9882834246301,867.5303467542568,3861194
2022-03-15,857.6232299804688,873.3492642856077,847.716247528763,859.5949869526975,4039746
2022-03-16,855.2667236328125,865.6545666919241,846.8506375677522,865.6545666919241,3134307
2022-03-17,876.8118896484375,880.0821637940996,858.1522593227171,858.1522593227171,5484100
2022-03-21,878.9279174804688,895.4715496885157,876.5233214823793,877.6775393026537,3878744
2022-03-22,879.2164916992188,886.8150388332102,868.0591893134189,878.9279519093368,2174495
2022-03-23,866.424072265625,890.6624131775229,861.61487996985,882.967705504283,2578669
2022-03-24,874.1668090820312,879.7935989631418,851.707905854419,852.1888250559178,3141478
2022-03-25,867.9149169921875,880.034116896852,862.095806009524,877.0523824263411,1571676
2022-03-28,871.3294677734375,876.1386599816893,864.9812988349695,874.2149830983886,1545077
2022-03-29,884.2661743164062,886.8150697454562,866.7126222308807,873.3974113416293,3177777
2022-03-30,885.4683837890625,886.8149809952988,873.7340025888132,886.8149809952988,2084073
2022-03-31,879.8416748046875,891.6241951833236,876.0424013903848,885.4684059521024,1901705
2022-04-01,874.0226440429688,883.9295687084103,869.598151783419,879.1203762780054,1184766
2022-04-04,890.7105102539062,893.3555660667528,868.1553862177136,873.3493374780514,1876408
2022-04-05,893.6441650390625,904.80152733922,888.8831112254676,892.586166126256,2911697
2022-04-06,892.6823120117188,902.9739959755029,889.7006360651296,892.393772195269,1881754
2022-04-07,895.4235229492188,911.8228568937207,891.4799500534227,892.6822481242215,2728625
2022-04-08,889.3157348632812,901.531093923302,884.218003235197,901.2425541530247,1453271
2022-04-11,890.0853271484375,897.9242753102928,883.544778708708,884.8913760241724,1102625
2022-04-12,886.1417846679688,892.7304135151244,876.6196188881262,884.8914063784091,1420380
2022-04-13,901.002197265625,907.0136877731352,886.1417809898675,886.1417809898675,1825531
2022-04-18,892.105224609375,905.1381247748744,884.1700568433079,892.2013849786993,1287320
2022-04-19,886.8150634765625,901.9640192789007,880.1302744130686,895.4235294673373,2001066
2022-04-20,888.2577514648438,895.4715393760363,881.0920437318679,882.9676403299692,1455897
2022-04-21,908.0716552734375,909.8991718070196,885.4684517454618,895.4715950870351,2410164
2022-04-22,889.5081176757812,906.2922090648165,883.3042484143269,905.0899110957731,1745381
2022-04-25,865.6546630859375,887.1517304035193,862.3843886541162,880.6112402458406,1146270
2022-04-26,883.015869140625,889.4601991672147,869.5501294397967,870.4638878035461,3142879
2022-04-27,871.5217895507812,886.5265044822452,869.117193443748,875.3210631410859,1586283
2022-04-28,885.8531494140625,891.9607996545675,874.5996286086536,884.8913110325054,3150038
2022-04-29,893.2113647460938,930.1459286766922,884.4585989937909,888.7387921473819,4290688
2022-05-02,888.16162109375,889.7005390843775,868.1072548000029,887.2478628529582,2119174
2022-05-04,866.5203247070312,885.7570946309883,860.8454540970787,884.9875768692597,3925917
2022-05-05,844.638427734375,884.1218829345308,839.3001775656019,870.463765698403,4462293
2022-05-06,849.5918579101562,851.9002935822408,828.6237922615602,829.1047114677481,2350532
2022-05-09,851.6117553710938,857.3827858559958,834.9238236620107,834.9238236620107,2522123
2022-05-10,828.9605102539062,856.8538275113785,814.1963123603542,851.227095615964,6975331
2022-05-11,822.1795043945312,833.9139453552552,818.5245299853774,820.4482069066122,2768829
2022-05-12,817.5626831054688,823.1894145597518,803.3274857761186,820.3520380949185,2700591
2022-05-13,848.8224487304688,855.0743987777754,827.3253824348069,830.0185184063005,4870689
2022-05-16,851.8040771484375,860.6049221312408,841.656693607724,848.2934021559978,2739020
2022-05-17,857.719482421875,861.4225371646921,845.1675017373817,846.5621793036505,2317400
2022-05-18,864.8370971679688,874.3111827617147,854.1125745791009,856.9980900337599,2878378
2022-05-19,850.84228515625,865.6546210431507,844.8307947323392,851.2270440257648,2715634
2022-05-20,880.7073974609375,882.6791545360575,855.1224595476554,858.921733154424,2877917
2022-05-23,886.8631591796875,895.7601651240703,881.6211277199129,884.8914020359086,2195036
2022-05-24,875.1767578125,895.3272247330154,872.3874030524419,892.5860088563022,2911410
2022-05-25,876.4271850585938,887.4402467717831,872.6279115366692,880.0821593343095,2405811
2022-05-26,865.6065063476562,887.2478710108546,859.4026367363475,883.7371372608857,4113170
2022-05-27,869.40576171875,877.9660883386357,861.8072148022843,867.5301650792723,2374509
2022-05-30,854.4010620117188,880.5630789381847,852.6697645862379,870.463775465928,3541617
2022-05-31,827.7582397460938,849.1110674803991,818.7169925221398,834.1544896408316,24360628
2022-06-01,807.222900390625,841.608624178489,800.826651364485,841.608624178489,5999099
2022-06-02,826.748291015625,829.9704852924704,801.01911051566,804.8183844241375,3553217
2022-06-03,832.08642578125,841.6086499892266,822.227581595662,829.2490492974833,2618353
2022-06-06,826.9887084960938,840.5987463903853,825.2574109834745,831.9902803038525,2095566
2022-06-07,815.8794555664062,824.6803007622384,806.5976911512599,822.3718650271469,3031449
2022-06-08,814.9176635742188,821.410073404996,805.635898630056,812.8496873309194,3208941
2022-06-09,826.074951171875,829.2009262171406,803.5679660695398,813.7153502445173,2297715
2022-06-10,813.4268188476562,821.3619863522422,809.8680047104676,817.5627125937025,2124778
2022-06-13,797.8449096679688,818.5244341500198,788.4669857749457,807.9442123219937,2191412
2022-06-14,793.5648803710938,803.7604041788685,790.4869852837284,794.4786387306817,2461692
2022-06-15,790.9197998046875,798.3740483021709,787.8900437034823,793.757235167503,2008725
2022-06-16,783.5135498046875,794.4785312240614,775.7707623008988,791.2082571288914,2327414
2022-06-17,763.1226806640625,779.3777159047784,759.7562459525225,774.472363093205,5719089
2022-06-20,774.5685424804688,782.4556300252349,764.1806982852479,770.4326486173487,2745302
2022-06-21,786.2548828125,788.9960990176228,774.6166018981002,775.8189000066562,1342717
2022-06-22,778.415771484375,789.6692920155562,772.596661158947,782.9364235087244,2032073
2022-06-23,793.4204711914062,794.959389055048,777.6462989122882,778.6081372535527,1778752
2022-06-24,793.1319580078125,801.9808834401393,790.1502823116618,796.3060718400526,1404748
2022-06-27,803.7603149414062,815.6389961793228,796.4022274015086,796.4022274015086,2980249
2022-06-28,796.9793701171875,805.5397563838311,793.564855129828,805.0588371262885,2823691
2022-06-29,806.69384765625,811.5030394764184,792.4105127267767,792.5548119637638,2975927
2022-06-30,798.9029541015625,815.78326504008,792.2182241650419,804.0969049604844,3809670
2022-07-01,797.6045532226562,805.0107212011889,793.5167397150334,798.229771712089,2316527
2022-07-04,797.7488403320312,807.6076845238674,790.5350518989804,793.8052674317205,2097164
2022-07-05,803.904541015625,814.4847636530084,795.1037546817403,797.748810341086,2682730
2022-07-06,805.732177734375,810.4932903728661,799.528307248218,807.944394692936,2364840
2022-07-07,817.0337524414062,820.3521071167517,810.0123429016392,810.8779623565347,2327906
2022-07-08,824.96875,826.7000472583032,817.322123511045,820.9290172599905,2927832
2022-07-11,824.5360107421875,830.0665818261975,818.6206807960363,824.1031716987686,1768048
2022-07-12,819.1015014648438,827.1809669499922,816.6007452797016,820.4480986143528,1695338
2022-07-13,827.3253784179688,830.3070541744385,816.9374760404181,821.9871279771871,2663538
2022-07-14,846.3217163085938,849.2553119808799,831.2208401767074,834.298735105812,4934156
2022-07-15,844.8788452148438,851.1788747786933,839.540595312221,851.1307946015253,1413559
2022-07-18,849.1109008789062,861.4224202676849,845.0230878084085,854.6895516809827,2866600
2022-07-19,841.897216796875,857.2866326047227,840.1659192596846,846.4178694316228,1604458
2022-07-20,834.3948974609375,850.9385313765717,829.1528659028434,850.9385313765717,2885666
2022-07-21,836.462890625,844.3980583981577,830.7399397019541,838.7231876598167,2321107
2022-07-22,841.1277465820312,842.7148035485329,833.4330387802516,837.7613119187528,1939758
2022-07-25,835.2124633789062,844.4942286684109,823.7185399193188,836.7995204345301,2419358
2022-07-26,834.5391235351562,843.9170480732932,829.1047130127245,836.0299613359249,1560211
2022-07-27,859.8836059570312,862.769121413263,833.000208548614,834.3948860936517,2797789
2022-07-28,860.7010498046875,862.6247265623274,845.2154753880678,861.8071874227128,3183169
2022-07-29,907.2059936523438,915.6220796804635,845.4559564248334,862.7690476826798,11315800
2022-08-01,883.6409912109375,904.0800581683035,875.2729849977886,904.0800581683035,4219890
2022-08-02,882.246337890625,891.2395041158201,877.2447660981586,883.6410154153457,2043767
2022-08-03,862.7691040039062,882.7753323555582,859.4507495550067,880.0821963919445,2863168
2022-08-04,883.4486083984375,884.8913660604926,861.4224846086784,866.6164356744607,3151481
2022-08-05,880.9960327148438,893.5480140668391,877.1005983236681,884.4105478304183,3317738
2022-08-08,875.65771484375,884.698960704091,873.7340380173849,884.698960704091,2677742
2022-08-10,884.602783203125,891.6241917421033,878.3508336385903,878.3508336385903,3077870
2022-08-11,885.9013061523438,891.5280963942985,882.4387111618801,887.776902899662,1526395
2022-08-12,878.5913696289062,887.5845359174451,872.5317989576047,885.9013185806413,1384417
2022-08-16,879.6974487304688,884.362400573587,871.7142011021372,872.3874997781086,1635836
2022-08-17,885.660888671875,890.6624606673553,880.0822370525163,883.9295910942759,1828327
2022-08-18,881.765380859375,883.92951732726,861.0377744303792,875.2729714557199,2989998
2022-08-19,869.79931640625,888.5685046017358,866.5666026396224,883.9365345410848,1708425
2022-08-22,849.7276000976562,871.8260420456381,847.4116439900516,868.9792907791685,2860170
2022-08-23,857.302734375,860.7766974869922,842.0557457534679,843.551537133756,2314528
2022-08-24,850.1616821289062,868.4483725424058,847.3149314589512,860.776640702593,3223687
2022-08-25,846.5912475585938,859.4739835842003,844.3717678343122,856.9167198135648,5016244
2022-08-26,849.3416137695312,859.3293030529436,847.3633240101858,851.4163207116816,1542618
2022-08-29,848.4730224609375,850.161766037061,834.7218247696457,841.47679907414,2068888
2022-08-30,861.7899780273438,864.1542308630469,851.1267801465185,852.091776495891,3672052
2022-09-01,841.33203125,870.3302182405278,839.9328336829793,861.7417272981206,2939235
2022-09-02,839.1126098632812,847.2668412426816,835.6868844147634,842.3453831502989,1963435
2022-09-05,853.6356811523438,855.131472497284,834.1910415538019,838.5817628245244,2808538
2022-09-06,856.6754760742188,859.5222269746787,851.657483471515,855.9517288401374,2252661
2022-09-07,862.4654541015625,865.0227178885887,848.7142566515515,848.7142566515515,1698682
2022-09-08,862.9962158203125,869.2204539983761,855.9517543120285,866.8079631463129,1772605
2022-09-09,858.8467407226562,870.3302207030356,855.6622645873576,863.1892242431641,1405210
2022-09-12,856.6273193359375,863.8165543231742,854.118293347118,860.0048067488548,1571387
2022-09-13,858.991455078125,862.0311579956984,852.5742063098618,858.7019090775672,2216354
2022-09-14,852.8155517578125,866.2772630532779,849.245053368166,853.6357751222276,1889322
2022-09-15,843.6962890625,857.0615237230815,840.6082889919038,852.0917690080046,1780723
2022-09-16,837.6649780273438,859.3291554901301,835.4937364778178,847.9422115879115,5625488
2022-09-19,844.2269897460938,846.2535173159152,826.808818305664,841.862795929352,1920725
2022-09-20,880.0284423828125,882.730420411382,846.1087967654353,846.8325440355185,4408042
2022-09-21,873.6111450195312,890.2090932810426,871.0539401449903,886.3973460883376,4153228
2022-09-22,876.2166748046875,879.352912902832,863.9612095337361,868.4002280272543,2317690
2022-09-23,888.8580932617188,894.2621080322705,871.005661211787,871.005661211787,4802181
2022-09-26,869.1721801757812,893.9242999596415,867.5799127194949,885.8183663696657,3760536
2022-09-27,865.7464599609375,878.0018659348809,863.092720117986,873.562906484333,3096645
2022-09-28,885.7218627929688,893.586606485121,860.8249691220439,862.7067237556136,5559336
2022-09-29,898.1220092773438,922.0539041677889,892.7179950126007,892.7179950126007,8519098
2022-09-30,915.44384765625,917.6633275704135,897.4466414483678,901.2583889632928,4182345
2022-10-03,911.4390258789062,933.9716664319429,909.7502823158696,919.593256577309,4444578
2022-10-04,911.4873046875,922.8260119750868,910.0398101401485,922.2470377156277,1856830
2022-10-06,920.5100708007812,928.3265179223503,914.3823084461665,921.2820561253416,3449485
2022-10-07,921.7162475585938,927.8921885933402,913.0795188183846,919.6414819359841,1762328
2022-10-10,912.9347534179688,920.847734992774,902.5128049798185,912.838277345802,1683827
2022-10-11,911.6802368164062,918.5799837876216,907.0965044799385,917.5184525389044,2426935
2022-10-12,922.1022338867188,926.3964793467644,908.109787063252,912.8865306896241,2875040
2022-10-13,934.50244140625,939.6651480568901,918.1939803605966,923.3566870112365,4498223
2022-10-14,942.1258544921875,945.5998764324298,930.2564120517646,941.8363673885086,3307000
2022-10-17,945.6964111328125,950.5213928222656,939.2309238892049,942.1259129028767,2647369
2022-10-18,944.1041870117188,950.5214365131422,938.7002308306184,949.3151910353337,2065146
2022-10-19,942.7049560546875,946.3719303978681,931.2697139900403,941.4504136831468,2424533
2022-10-20,946.0340576171875,948.4465482612857,932.7171210415049,936.0463699100999,1669666
2022-10-21,943.4769287109375,957.1798884506073,941.5951740775447,946.6614048373779,1791608
2022-10-24,952.451416015625,955.2981670833558,947.7229102489736,951.4864196468149,191840
2022-10-25,956.842041015625,962.4390076093543,951.0038253540738,957.2280630836194,2119595
2022-10-27,976.238525390625,977.9272689068654,957.7588227820013,964.0312986994653,4379157
2022-10-28,955.3463134765625,968.3737632057884,952.9820608200373,966.92626879143,3934980
2022-10-31,981.3048095703125,991.3407951462286,956.504391653805,960.1231279578079,3546309
2022-11-01,1000.3152465820312,1012.2812255242599,983.4761064889863,986.1780846343813,5264069
2022-11-02,1015.1277465820312,1033.4626751245653,996.5033898462084,1002.4381402760334,5923662
2022-11-03,1007.6490478515625,1018.6500287780823,1003.1619094792383,1008.4210919787339,2386317
2022-11-04,1003.4996948242188,1009.7721708923223,995.345405257243,1008.710698501816,1576349
2022-11-07,992.35400390625,1013.1979021567158,985.261304072069,1008.4212171942333,2853521
2022-11-09,978.0720825195312,1000.363534541023,974.6463571035125,984.3445590751479,2268760
2022-11-10,975.2735595703125,986.5157314190658,971.5100503427547,974.6462883994857,2419991
2022-11-11,978.0720825195312,995.345482618083,974.5015840850544,980.1950863642503,2390487
2022-11-14,981.3048095703125,985.6472931351161,966.926340429593,982.9935531788473,1764788
2022-11-15,980.4844360351562,986.2261755492578,969.2905030032738,986.2261755492578,1703050
2022-11-16,982.9934692382812,986.9981684001837,971.847715254757,971.847715254757,1485506
2022-11-17,977.8789672851562,994.4286772244509,975.080513382308,987.4806921540599,1758031
2022-11-18,974.26025390625,982.2214734873636,970.7862907394261,979.712506633402,1130682
2022-11-21,968.0360717773438,977.3482508280974,958.7238338278896,967.8912987713873,1108922
2022-11-22,974.74267578125,976.9622142460971,961.3775014535202,970.9309877626998,1723123
2022-11-23,982.028564453125,983.4277620492371,974.115582560548,979.6643116030857,1311376
2022-11-24,998.86767578125,1001.0872144551179,978.3132657699001,984.9235259574294,1994268
2022-11-25,997.6613159179688,1001.6177768503005,991.0028184576402,1001.6177768503005,1948596
2022-11-28,998.5299682617188,1005.0436935922494,991.9679459949627,996.841224657507,1427648
2022-11-29,1013.101318359375,1014.4040397745018,997.8061509206987,998.7711471981848,1179559
2022-11-30,1009.434326171875,1021.2555296692204,1002.968780927547,1016.141002669781,3060171
2022-12-01,1009.8203735351562,1020.8213553778395,1003.2101721613096,1018.0711393665199,1878374
2022-12-02,1003.5960693359375,1013.1012585485354,998.5781361082139,1011.6055850851708,2284133
2022-12-05,1003.0171508789062,1009.3378057959485,994.6699095482963,1005.6708906327339,2294634
2022-12-06,997.3719482421875,1003.5961271038245,987.4324394797966,1003.0171528976671,1321211
2022-12-07,982.1249389648438,1000.845889879683,979.8089243923306,1000.2669156859033,2954262
2022-12-08,946.4683837890625,982.3662588591367,940.8714168837507,979.4712698841098,10021644
2022-12-09,958.0966186523438,962.1013771316814,945.6964389057651,946.4684242190086,4231753
2022-12-12,952.8374633789062,960.1714124167783,945.841239519588,960.0749363368217,1875104
2022-12-13,959.8336181640625,961.4740647975045,945.5033873994377,945.6963984441666,1863361
2022-12-14,965.2374877929688,967.8912274494853,959.7369974524498,964.0312424945522,1570685
2022-12-15,967.119384765625,971.7513556144335,963.1628642645161,965.9613773287466,1304660
2022-12-16,958.86865234375,969.9178134968951,953.0303772731495,963.2111359441417,2618988
2022-12-19,953.3681640625,958.3861569059285,939.6169659552786,953.0303799978374,1547342
2022-12-20,953.7540893554688,955.9736280105296,945.1174194100407,953.368126166672,1352408
2022-12-21,970.4002685546875,974.1637777339423,953.8023790941297,957.2763422605951,2043630
2022-12-22,975.2735595703125,997.8544971382564,971.7995374605588,984.2480136144486,5163443
2022-12-23,966.4920043945312,991.8713945671489,963.5005395109571,976.5762272161771,3612433
2022-12-26,965.0445556640625,976.3832623961905,954.091871018466,974.6462808042005,2307374
2022-12-27,965.14111328125,980.1950326299924,958.2413658888333,965.2375893557961,1870105
2022-12-28,960.1713256835938,975.2252445167408,958.2413330691544,963.9348348412307,1686511
2022-12-29,965.5270385742188,969.5317967886075,954.4778191321402,963.5970459694435,2162872
2022-12-30,966.3473510742188,971.5582959313023,958.9651055699728,968.8563179796254,1629162
2023-01-02,962.1013793945312,966.3473869754131,952.6444267629718,966.3473869754131,1616012
2023-01-03,973.7777099609375,977.3482079303764,953.4163122764559,958.2412936138874,1810117
2023-01-04,968.9527587890625,989.9897251941475,965.7200447518214,976.576253099019,2573870
2023-01-05,980.6292724609375,986.1297632663448,972.9575399348722,973.7777632476403,2246533
2023-01-06,973.3917846679688,986.0332127044396,968.9527663255902,979.4712496099455,1773153
2023-01-09,981.2565307617188,987.5290071378685,975.1288273998849,979.4713110449117,1567316
2023-01-10,976.4315185546875,988.1562475909556,974.6945369304594,980.4362769066512,1607654
2023-01-11,992.0161743164062,996.8894526418806,973.0539738840499,976.5762338601198,3258157
2023-01-12,996.6964721679688,999.2054391578325,985.4060618148777,995.8279518798676,1641398
2023-01-13,995.490234375,998.7712456011909,984.4410730281338,995.0560331263108,1491367
2023-01-16,999.2054443359375,1003.1137267539423,990.1827518346695,995.4902318704046,1437532
2023-01-17,996.5516967773438,999.7362318936514,990.8583124745627,999.2054367751309,1245848
2023-01-18,1003.6925659179688,1005.0435842137884,994.0909004465012,996.5515701806871,1238451
2023-01-19,1004.1268310546875,1007.4560207860317,999.7360512780926,1001.7625197144494,824263
2023-01-20,994.2839965820312,1010.8337080586548,981.2565454519197,1007.5045176665902,2963571
2023-01-23,1012.57080078125,1017.9747572279699,986.7088493468838,998.7713047178726,2106604
2023-01-24,1004.2716674804688,1014.1628801975287,998.3370340881589,1013.2461807719836,2088556
2023-01-25,1003.64453125,1009.048487413737,994.2358165533243,994.2358165533243,1753333
2023-01-27,1006.8770751953125,1014.2110228764253,997.806087206683,1008.3727486514729,3448013
2023-01-30,1014.886474609375,1034.6207179314758,1003.7890181104915,1005.4777614907564,3320916
2023-01-31,998.2886962890625,1023.1856485450538,990.1345244774845,1018.071120913447,5265462
2023-02-01,979.374755859375,1007.4078273361354,969.917745121794,1000.1703551790271,4717887
2023-02-02,972.3302612304688,980.146766703471,958.2413386228855,974.5980379047987,2117181
2023-02-03,992.1610717773438,996.3104856170473,966.5886671887396,971.7513743669565,2332076
2023-02-06,987.5289916992188,990.0379586509728,977.3000539436638,984.2962774846084,1215157
2023-02-07,971.1723022460938,992.4986969685833,966.9262949562669,990.3274552882923,2360600
2023-02-08,984.8809204101562,988.672687078018,969.7139724205668,976.9085259680679,1815142
2023-02-09,978.8529663085938,992.8532710200791,973.6028965474815,975.1584595861237,1474402
2023-02-10,978.6585083007812,986.1933817592434,969.0333507132372,978.8529685162817,1530150
2023-02-13,987.0684814453125,989.1101654765201,974.1862776736795,980.2627888867139,1355766
2023-02-14,978.804443359375,989.7907639570055,975.4015970204052,989.742163734635,1832842
2023-02-15,967.7694091796875,978.4640678494449,963.0540013434673,974.1861806451724,2251350
2023-02-16,967.5264892578125,981.9642568222417,963.6861221277965,971.1723961519546,1678410
2023-02-17,957.1719360351562,968.8388362204502,954.7413318298867,964.6582088555712,1847026
2023-02-20,957.0747680664062,964.1235205007752,947.8870719906645,962.6651579281471,2157871
2023-02-21,944.6300659179688,963.2971194919625,942.2481210897091,962.5193379557393,1771813
2023-02-22,941.6647338867188,950.8524302806218,939.1855292955835,944.5814591329784,2605147
2023-02-23,945.505126953125,950.1232753881146,937.2896720795368,945.9912478410187,2835983
2023-02-24,943.5606079101562,956.0538905227248,936.9493759516655,943.6578083477074,1823835
2023-02-27,938.2619018554688,945.553715080615,933.4006930387046,943.5606313339273,1548675
2023-02-28,930.0465087890625,948.908023985809,927.5187037730141,942.1023311908287,3819644
2023-03-01,932.6715698242188,939.2342021357207,924.6019745538176,924.6019745538176,1862513
2023-03-02,938.5049438476562,940.1577666810514,924.6990992112487,933.3520744713643,1510195
2023-03-03,940.060546875,942.8314120526283,931.5534317881627,940.2063475290762,2215832
2023-03-06,938.456298828125,952.3107430221688,937.0465364980902,943.0744468928063,1989152
2023-03-08,930.9215087890625,938.2133221738331,920.7129700503834,933.3521132506527,4734482
2023-03-09,926.2546997070312,932.7687311076193,920.8587700222556,930.9214481008662,2994556
2023-03-10,929.0255737304688,930.9214569731685,919.8378775088669,920.2267979374454,2001392
2023-03-13,927.6158447265625,933.2548944392012,921.2476730307274,928.5880864920618,1412106
2023-03-14,930.6298217773438,936.9979934182525,923.9213299168888,927.0325154078379,1879695
2023-03-15,924.9907836914062,938.1160467347034,922.9976407194993,925.574104979183,2189113
2023-03-16,940.5466918945312,943.0744967060323,925.2824845641967,928.7339309056055,2228093
2023-03-17,931.1158447265625,941.8105029300104,926.3032366668266,941.6646429454131,2218687
2023-03-20,934.518798828125,935.9285612592444,921.053214743132,923.6296791634857,1955757
2023-03-21,929.6576538085938,938.2133700820885,926.7895285292755,938.2133700820885,1687239
2023-03-22,945.067626953125,947.3524307807477,930.0464793205346,930.4353997757262,1626129
2023-03-23,950.5121459960938,955.6650152693975,945.0189565145515,947.9356816889791,1857923
2023-03-24,945.8453979492188,951.8247086705999,941.1300490226156,950.4635464335756,1534322
2023-03-27,956.1511840820312,963.442997383779,936.2688279444134,952.7969380950416,2473222
2023-03-28,956.88037109375,960.3804177629993,949.1996373005994,959.6026362077138,1394675
2023-03-29,964.3666381835938,968.8389266021343,951.8246955780126,958.2901271035503,3045795
2023-03-31,955.810791015625,967.5749511838038,954.15802759926,967.5749511838038,1822710
2023-04-03,951.873291015625,960.5748667067105,949.1024257134193,953.7691743312581,1671570
2023-04-05,969.4708862304688,971.2695097343467,948.227368355947,957.658125213545,1544121
2023-04-06,984.005859375,985.8531424512698,965.8249859761063,969.4708925680118,1423990
2023-04-10,980.6030883789062,988.7213432836465,978.7072642785557,986.8254598423639,1110974
2023-04-11,981.2349853515625,993.8741280907949,979.5821625097851,980.60300447823,1786844
2023-04-12,988.4782104492188,991.881056613312,977.3460304156423,987.3115084676298,3246327
2023-04-13,975.6446533203125,995.4297503563054,974.1862906098187,993.922787423648,1445693
2023-04-17,970.9778442382812,981.8669636688428,967.4291381266718,971.7070255482618,1768817
2023-04-18,976.9085083007812,978.3182707205641,960.8665192653633,971.2695179625774,1217390
2023-04-19,967.86669921875,981.3808837980556,965.4360947505965,975.6446335168414,2174563
2023-04-20,960.331787109375,974.2834324643933,956.4428201152596,971.3667072188067,1638094
2023-04-21,961.984619140625,966.6999679296684,957.6095312304466,966.6999679296684,1216575
2023-04-24,951.9705810546875,955.2275673443751,932.6229455217219,947.9357538531967,3485350
2023-04-25,945.505126953125,955.6164651576842,940.157797186295,952.7969402715296,2377746
2023-04-26,944.289794921875,949.6857247389576,936.4632607420592,948.7134829938642,2911028
2023-04-27,951.5330200195312,954.3524855119798,936.8035336557025,941.1300213451544,2777173
2023-04-28,960.2345581054688,964.9499067091889,951.9705034888157,957.6094935943469,2009995
2023-05-02,946.0398559570312,961.4499238364253,943.3661910513025,960.2346216065487,3152556
2023-05-03,936.8521118164062,945.4078865544693,932.8659444405243,943.5606035221771,3087472
2023-05-04,946.9635009765625,948.8107841090897,938.3591848939993,940.789789362625,1197830
2023-05-05,943.5120849609375,950.1233174608595,940.9842206273961,946.9635315496313,1062645
2023-05-08,935.1506958007812,942.1022479924106,934.3243140564568,935.2965557984511,2676958
2023-05-09,930.8729248046875,940.011962135116,923.1435906138264,935.1994126899683,6902170
2023-05-10,927.32421875,933.3035295678377,925.1852749177125,930.4354043841519,2180917
2023-05-11,934.3729248046875,937.1438494051522,925.5741488086728,927.3241720957978,1296607
2023-05-12,929.4630737304688,936.3659661274528,925.5741068947764,934.3242822750842,2014927
2023-05-15,926.5464477539062,929.2201127395549,921.7338389115523,926.5464477539062,1814239
2023-05-16,914.8308715820312,935.8312693025066,911.9627465982119,926.5463726099105,2625163
2023-05-17,909.9697265625,919.0601636759509,903.066774162889,915.1225962455505,2956985
2023-05-18,903.8445434570312,916.8239467504795,896.8443911682698,916.8239467504795,3014019
2023-05-19,900.1500244140625,908.4627390701356,898.6430615297147,906.1293350717767,1309343
2023-05-22,911.4280395507812,916.5809089527626,897.2332744095395,900.1499996568036,1382485
2023-05-23,905.740478515625,929.6576634926613,903.309873904601,911.4767291340149,3057684
2023-05-24,925.7200317382812,928.2964368428612,906.7126575245443,909.5321824143114,2953574
2023-05-25,918.7685546875,925.2825869963283,916.5324102850187,923.338103282704,2331464
2023-05-26,942.9773559570312,949.5885884017645,910.9905766478579,917.747669100572,4137189
2023-05-29,941.5675659179688,946.2343146047306,920.1296464868643,943.0259285913899,5344765
2023-05-30,932.963134765625,940.5952679048204,929.7547489440888,938.2132638124483,2624815
2023-05-31,948.2759399414062,952.1163066119979,934.0812345347041,938.2132618537491,5595631
2023-06-01,960.283203125,962.9568679786562,947.9357208417475,952.6024694453982,3261906
2023-06-02,971.8528442382812,975.8390710780283,953.7691711515947,959.165101077386,3734815
2023-06-05,980.7489013671875,989.4504772177638,970.7834230633326,977.4432555592932,3629780
2023-06-06,985.6587524414062,987.7490961060347,976.130794404055,980.8948030931965,1632644
2023-06-07,986.4365234375,989.2560484421598,981.9642348172789,986.8254439005328,1608613
2023-06-08,959.6026611328125,987.7976734659954,955.9567543655905,986.825431661403,3395935
2023-06-09,956.6372680664062,963.1998997848249,953.7691430768381,956.6858682850241,2306206
2023-06-12,958.095703125,962.4221910458452,953.8178154264481,960.4777074266726,593319
2023-06-13,960.672119140625,968.352853259275,958.1929143664306,962.5194023360262,2413311
2023-06-14,959.3109741210938,967.3805690094694,956.9289698970555,964.0749232282413,2139387
2023-06-15,960.9638061523438,967.186117985526,958.3387414588613,961.0610065946867,2731724
2023-06-16,964.4638671875,967.0403316981128,959.7971184080045,962.5193835842994,3611214
2023-06-19,973.9918823242188,978.75589116894,966.1653472286913,967.5265095674499,1327862
2023-06-20,964.415283203125,979.7766920588583,962.1304793263376,979.6794916134339,1445688
2023-06-21,964.3666381835938,966.2624621678244,956.2969839965532,964.4152384040484,1396686
2023-06-22,962.8110961914062,968.5473468666382,959.6999103902793,959.6999103902793,5384143
2023-06-23,963.9290771484375,968.3041649428408,950.171832902999,966.4082816970808,1218237
2023-06-26,967.3319702148438,975.936286225563,963.9291239871808,966.4083286562924,2066932
2023-06-27,973.9918823242188,975.498845337244,958.6304728226311,972.1932586217263,4647465
2023-06-28,993.4365844726562,997.0825502887025,967.3805180653134,967.3805180653134,5296330
2023-06-30,1022.409423828125,1025.7150695897144,991.7352077858316,993.3880306666263,4765060
2023-07-03,1004.0340576171875,1024.4025945003948,1001.4090522345595,1023.770613595137,2338356
2023-07-04,1019.6871337890625,1024.6455426806615,1001.3117420784572,1011.1313594288487,1549174
2023-07-05,1015.700927734375,1028.340070720584,1013.7079033187405,1025.7150654192678,1840716
2023-07-06,1013.5621337890625,1027.270720207534,1011.1315291516787,1011.1315291516787,2551103
2023-07-07,1006.9508056640625,1022.020553876499,1000.1937724867151,1004.8119211324617,1721224
2023-07-10,1015.9925537109375,1021.8260037800912,1002.4783706476957,1007.2423786072069,1221769
2023-07-11,1042.4862060546875,1044.9168104054795,1019.930245152079,1022.7983108132723,4369937
2023-07-12,1048.8057861328125,1053.6669948750273,1040.298670833937,1045.1598795761515,5088473
2023-07-13,1045.7919921875,1051.8685038807268,1041.9515655882592,1051.8685038807268,1541690
2023-07-14,1043.1668701171875,1050.0212227942868,1035.4375946999216,1049.9725632278912,2641580
2023-07-17,1047.687744140625,1051.0420495731785,1040.7848510693443,1043.8959773690633,1254025
2023-07-18,1037.52783203125,1048.9516728666197,1034.8055075934828,1048.5140928595551,2238739
2023-07-19,1051.81982421875,1055.8546516423385,1034.3194708766118,1037.5279164620838,2311282
2023-07-20,1067.18115234375,1073.8409844183948,1052.2572656131015,1055.9031720789856,5218991
2023-07-21,1066.695068359375,1073.5493015430907,1060.083776933266,1072.7715793459254,1879610
2023-07-24,1069.854736328125,1076.611768328773,1062.1740035500673,1063.6323660263374,2130036
2023-07-25,1064.6534423828125,1079.1884099814395,1060.5214146869378,1079.1884099814395,1702900
2023-07-26,1081.1328125,1083.4662164072338,1063.7296616559406,1066.5978459917385,1321572
2023-07-27,1103.44580078125,1123.2795575493697,1085.3135858717355,1096.688767637787,6366612
2023-07-28,1110.8609619140625,1116.0808282095568,1094.3719394101333,1102.4700152316484,2677679
2023-07-31,1115.5928955078125,1117.1539601908157,1099.5917145284275,1112.27555861793,1718336
2023-08-01,1115.6417236328125,1124.6180549177482,1108.3729521768753,1115.593011072998,1448567
2023-08-02,1107.64111328125,1116.4710680570563,1099.0550785920504,1116.129484654523,1731918
2023-08-03,1113.2513427734375,1141.2533227731062,1095.0548793889393,1102.7627784133897,8460399
2023-08-04,1111.2510986328125,1117.1540124527908,1093.7865154661458,1101.5431266892583,3527805
2023-08-07,1132.5699462890625,1138.3751974914173,1105.9338216040467,1111.2512325674938,3353219
2023-08-08,1120.71533203125,1136.2773870032058,1112.2268409634087,1133.9357301878838,3073468
2023-08-09,1124.764404296875,1131.1063268491525,1112.5683993886491,1123.1545078286672,1306791
2023-08-10,1122.3251953125,1129.7403424235056,1115.7880652673375,1122.6178279672445,1443067
2023-08-11,1104.8116455078125,1123.0081082674812,1103.0066606397806,1122.0812595546456,1756630
2023-08-14,1106.6656494140625,1114.2271735780114,1093.2500420264114,1103.4946876678905,1824622
2023-08-16,1115.8369140625,1117.641898983443,1094.5670336869457,1107.348423115583,1224080
2023-08-17,1116.9588623046875,1121.0078402945953,1109.8363484279823,1115.8368061321107,1964341
2023-08-18,1107.2996826171875,1121.349503852854,1101.5431445780787,1113.251309090866,1473774
2023-08-21,1109.7388916015625,1116.0808140919598,1099.7381676743973,1102.4700012862183,941384
2023-08-22,1109.88525390625,1119.1053857735053,1102.518819463,1107.3972213190311,1438879
2023-08-23,1096.3720703125,1102.9579133277032,1083.590680281096,1100.567543873943,3050418
2023-08-24,1091.103515625,1105.543515098633,1086.127449954077,1096.2745506473664,1575291
2023-08-25,1079.395263671875,1095.9818303106988,1073.4923496685906,1090.8106766003039,1515282
2023-08-28,1089.8350830078125,1096.8112221759484,1078.273293279665,1083.0541513942935,1959645
2023-08-29,1084.56640625,1097.6893802698485,1079.5416279182846,1097.6893802698485,1749707
2023-08-30,1087.7861328125,1091.9327746307947,1083.4931151097073,1090.3228781045457,1543173
2023-08-31,1084.56640625,1091.6400897854533,1074.9071456019533,1091.6400897854533,4782404
2023-09-01,1082.0296630859375,1090.3229472484536,1078.858701494387,1084.956704555061,2715249
2023-09-04,1081.9320068359375,1086.907952997922,1075.1997883336714,1086.907952997922,1205294
2023-09-05,1104.3726806640625,1108.37294652751,1080.273303059407,1083.0052558499438,1698118
2023-09-06,1114.5684814453125,1121.0567799275304,1101.592003582488,1109.3486151241098,2960249
2023-09-07,1105.4947509765625,1113.6903712488845,1101.152901633025,1112.275682276109,1863837
2023-09-08,1102.9578857421875,1110.373152232917,1101.0553565593589,1105.4459184596842,1789037
2023-09-11,1109.2510986328125,1112.2756841289809,1098.323406415489,1102.9578884326932,2032253
2023-09-12,1117.3978271484375,1125.7399410821288,1109.4460091423425,1114.275697930857,3989578
2023-09-13,1120.8128662109375,1128.5694777967362,1114.5197752339018,1121.0567863123981,2115524
2023-09-14,1115.983154296875,1122.9104604794052,1111.0559212316743,1120.8127240525891,2065163
2023-09-15,1121.83740234375,1125.7401240508402,1116.1784082278232,1116.1784082278232,2404169
2023-09-18,1119.7396240234375,1128.8622118546634,1114.763677852006,1121.0567687303444,962842
2023-09-20,1125.1058349609375,1127.8865001765184,1111.299933997452,1120.0810572687226,2303191
2023-09-21,1118.276123046875,1128.8133999885135,1113.3977210086316,1121.0567883883514,2088934
2023-09-22,1104.8116455078125,1120.0810671512324,1100.8602114618413,1114.714825104776,1585418
2023-09-25,1096.713623046875,1109.1535483939942,1094.3719662200358,1098.811240667255,1009279
2023-09-26,1098.4697265625,1102.5188239397687,1091.2984996253374,1097.640422063929,1966198
2023-09-27,1112.226806640625,1118.0321763892116,1095.8841602006835,1098.762488795848,2332018
2023-09-28,1104.762939453125,1123.9837952556554,1101.39677068866,1115.153840195686,2685663
2023-09-29,1130.47216796875,1139.0093718364399,1106.7143730258454,1106.7143730258454,2288577
2023-10-03,1113.6905517578125,1133.6920036721922,1111.5441021198496,1131.3504655586446,1946966
2023-10-04,1096.4697265625,1111.300021615938,1085.9323301655304,1110.4218853992545,1803871
2023-10-05,1091.8837890625,1101.2015834755732,1084.761394404216,1097.2988623143444,2348562
2023-10-06,1099.884521484375,1104.6165474273305,1095.7865924964494,1100.567450098226,1056281
2023-10-09,1095.7379150390625,1106.2264792833375,1082.0295578512496,1083.9809186408822,1080276
2023-10-10,1099.10400390625,1102.909181401881,1092.5669926688029,1094.7134419732024,1092093
2023-10-11,1101.29931640625,1106.8606473733685,1095.0549376579086,1100.567556063123,1456045
2023-10-12,1102.9090576171875,1105.0067941256389,1093.9327272116661,1101.543081348782,1221965
2023-10-13,1117.4468994140625,1119.3005970414968,1094.7134966295039,1098.7137627701252,1934884
2023-10-16,1107.6900634765625,1119.3493972234246,1105.494782462178,1113.7392346311085,1144308
2023-10-17,1109.1534423828125,1116.1782930902923,1106.4214898290136,1110.9584271658287,798807
2023-10-18,1125.349853515625,1133.5455931062281,1106.47046065084,1109.3486703342794,2178517
2023-10-19,1113.7391357421875,1122.0324188379461,1107.3972133748425,1119.4956737113296,1765065
2023-10-20,1114.4219970703125,1117.1539495657858,1105.543330112424,1110.3241874287023,957910
2023-10-23,1095.1524658203125,1121.251917675701,1090.8107354887545,1107.39730302302,702730
2023-10-25,1093.054931640625,1102.2262332258779,1085.7373277577367,1097.6405824332514,1800673
2023-10-26,1076.8583984375,1090.7618439902894,1070.8092276621937,1088.8104832109505,2223975
2023-10-27,1084.273681640625,1092.5669650825398,1080.712424342304,1084.9566102834322,1250965
2023-10-30,1088.078857421875,1092.7133398456976,1077.0049074505396,1088.5666976770142,1078813
2023-10-31,1062.1256103515625,1092.371701348557,1042.3680831680417,1092.2253254750246,6475786
2023-11-01,1089.054443359375,1105.0069135984252,1056.2716048811844,1065.4430247016867,3973264
2023-11-02,1105.299560546875,1109.885330067187,1083.5906707978613,1100.4211583560855,3454692
2023-11-03,1113.3489990234375,1117.8371055204216,1103.9824900076392,1110.812253533979,1741756
2023-11-06,1122.0325927734375,1123.0082732888925,1112.2757876188857,1112.3733318501063,1428537
2023-11-07,1142.4727783203125,1145.0096423342418,1118.6662747259359,1121.0566437756804,1811831
2023-11-08,1148.0830078125,1154.13229737817,1142.5216775181684,1146.4243988760443,1702301
2023-11-09,1147.59521484375,1154.4738091605668,1138.4726271148209,1152.278528306469,1849169
2023-11-10,1150.668701171875,1152.7664379346947,1141.6436571169484,1145.4976663094812,957539
2023-11-13,1149.1563720703125,1158.6692555506904,1145.2048189839745,1151.400365430361,816825
2023-11-15,1152.1810302734375,1155.595911738918,1142.5217703078986,1150.8150538669227,2246320
2023-11-16,1160.6207275390625,1165.8405941289416,1150.9126355955657,1153.2542924971015,2205723
2023-11-17,1165.5478515625,1169.2554849443618,1159.059552695051,1160.8646568240424,891965
2023-11-20,1159.1082763671875,1169.10900013214,1156.4251553570782,1166.913719305687,1054810
2023-11-21,1172.1826171875,1175.6950432890337,1157.4010332793496,1160.0841547474367,999135
2023-11-22,1174.816650390625,1185.2565012835742,1169.8407045751378,1175.6947864996173,1401782
2023-11-23,1169.6456298828125,1180.4756577499195,1165.6940768967586,1174.2801114607657,1177434
2023-11-24,1166.377197265625,1180.1831000565662,1163.791739241472,1170.8165911477092,1376695
2023-11-28,1162.3768310546875,1171.1579547327628,1160.81576622113,1168.0358250656477,886708
2023-11-29,1172.9630126953125,1180.0855277627218,1155.6935160272376,1162.962287883764,1813462
2023-11-30,1196.037841796875,1201.2089957619257,1163.3525471048847,1163.3525471048847,4672807
2023-12-01,1201.3065185546875,1211.648707198673,1195.2085159224303,1203.0627909534232,1749751
2023-12-04,1201.208984375,1209.84373235414,1190.8179639824418,1207.160611173516,1615837
2023-12-05,1209.4046630859375,1213.3560971653324,1190.8667358595565,1196.0866020740316,930042
2023-12-06,1210.18505859375,1227.405840026525,1203.3065838129087,1218.185708662197,1704590
2023-12-07,1209.1607666015625,1211.6975118196476,1199.0136666276103,1201.0625716460017,1478355
2023-12-08,1205.745849609375,1217.2588065213113,1200.7210718805416,1205.9897697020212,1612113
2023-12-11,1211.209716796875,1216.0392873133367,1185.5492736952303,1205.941018623343,1172972
2023-12-12,1188.378662109375,1219.6004331992765,1183.158796075603,1218.624752852717,2832873
2023-12-13,1203.111572265625,1209.4534953655834,1183.1589541533274,1188.6715726682307,2448178
2023-12-14,1201.3553466796875,1209.7461744566488,1194.476752090106,1208.8680382598661,2341190
2023-12-15,1205.697021484375,1216.1855854989064,1203.0139004574019,1210.8193434449602,3474624
2023-12-18,1222.28369140625,1237.0652741368149,1203.9896828539713,1205.697123652184,2135393
2023-12-19,1214.6732177734375,1237.1138660761999,1206.4287663637176,1234.0405682203675,2187458
2023-12-20,1202.1846923828125,1224.4789668838403,1198.574603250551,1224.4789668838403,1837031
2023-12-21,1203.501708984375,1207.8434388913458,1179.1585319479516,1194.3302898949391,1916222
2023-12-22,1213.405029296875,1220.5762568658108,1205.9898816126583,1209.8437717934496,2058127
2023-12-26,1217.161376953125,1219.6005781093438,1209.1608448013753,1213.405030992872,1796483
2023-12-27,1221.9908447265625,1224.8691733095552,1211.0632721073052,1219.6004754353528,2005268
2023-12-28,1231.4549560546875,1233.8941568870655,1219.1614076798228,1224.4299861964769,2043365
2023-12-29,1228.8206787109375,1241.0166841731589,1222.088578977084,1231.4062556892516,1840160
2024-01-01,1229.601318359375,1233.2112884754652,1222.03979467972,1230.3330787154705,733452
2024-01-02,1264.6768798828125,1267.4088326284295,1226.5766319333552,1230.3329776323708,3174447
2024-01-03,1267.0186767578125,1272.9215914387344,1259.7499046546554,1264.6770197314293,1699057
2024-01-04,1281.01953125,1296.1914090835303,1265.5063081990133,1272.2872393262503,2851729
2024-01-05,1268.57958984375,1285.9467483498163,1255.7006563931816,1285.9467483498163,2960339
2024-01-08,1273.5556640625,1278.092482606663,1267.701581707079,1273.653208281435,1678133
2024-01-09,1291.8009033203125,1301.0210358430927,1275.0679599441407,1282.970947692469,1712486
2024-01-10,1292.630126953125,1301.0697860560751,1281.2147141536816,1297.7037363874624,1278475
2024-01-11,1284.2392578125,1299.5086790761377,1278.3363440675728,1295.7035018993354,1320281
2024-01-12,1293.703369140625,1297.6549223719508,1273.7995844095917,1286.9224380515811,1538242
2024-01-15,1297.020751953125,1307.4117723221275,1289.459228643053,1296.8743760687362,1475983
2024-01-16,1281.5074462890625,1299.1673578101284,1275.7510268844646,1297.7038371272745,824502
2024-01-17,1267.4088134765625,1288.3371099845504,1262.8718758897542,1280.092658415127,2544642
2024-01-18,1303.26513671875,1310.7291158420103,1258.62775696589,1267.3600491894647,2842572
2024-01-19,1303.118896484375,1311.7049328182586,1296.8258046851,1307.4119146513167,1605745
2024-01-23,1344.7803955078125,1360.683915188274,1283.9954565720022,1283.9954565720022,4129729
2024-01-24,1348.4879150390625,1356.195814351021,1327.2668654260158,1346.4390099312295,1719845
2024-01-25,1335.0234375,1356.2931971425496,1315.7049194075464,1349.9025624691992,1870910
2024-01-29,1366.781982421875,1386.29559210517,1322.2421444994295,1331.8038608848929,3413149
2024-01-30,1338.3896484375,1374.9288334077405,1335.8529031045975,1367.8064376308073,1935332
2024-01-31,1383.953857421875,1403.906593663787,1333.6576027479975,1338.3407973480812,5796356
2024-02-01,1373.7091064453125,1395.6619144050653,1364.8792707046864,1392.2958648252122,2442481
2024-02-02,1382.19775390625,1398.9794102556336,1370.9774285640779,1374.7337745322202,1775449
2024-02-05,1428.200927734375,1430.3473768393314,1388.9785066493055,1392.100755194774,3481964
2024-02-06,1439.2261962890625,1442.0556933914122,1411.3705911287032,1414.7366410132258,1893995
2024-02-07,1459.8128662109375,1463.9595076250996,1444.3971884145442,1446.9339334593578,2259235
2024-02-08,1463.13037109375,1470.8382704274243,1449.2269247563763,1464.5451791995756,2213750
2024-02-09,1506.0107421875,1510.13191196876,1464.2588340710736,1472.7466039911415,6343881
2024-02-12,1505.6671142578125,1525.9297905641524,1492.567554249003,1510.9658463345634,4059288
2024-02-13,1513.271728515625,1521.9067081050352,1496.8359210618794,1508.6599379184343,4687838
2024-02-14,1491.8807373046875,1516.8043143514665,1479.7624195021447,1516.8043143514665,2105672
2024-02-15,1481.57763671875,1500.3684489948828,1477.3092570616939,1500.3684489948828,2161691
2024-02-16,1481.626708984375,1493.4507261807462,1476.622397392836,1486.5820303310318,3480879
2024-02-19,1501.3988037109375,1503.9991197350944,1479.124651644045,1486.4348587910483,777823
2024-02-20,1509.83740234375,1513.0755496813574,1483.8835927403584,1503.2631271801813,2230669
2024-02-21,1514.44921875,1520.434772147943,1504.244276026329,1511.162081372326,1993748
2024-02-22,1528.824462890625,1531.7190794783833,1506.2067821904666,1520.5328944037267,1981678
2024-02-23,1531.9644775390625,1539.029373894757,1521.3180229803293,1528.7754401959069,1340283
2024-02-26,1527.7451171875,1537.5085497242803,1519.649868392052,1532.700438604813,974892
2024-02-27,1553.0611572265625,1555.7104633655279,1519.9933416110382,1527.5488589559002,2140963
2024-02-28,1544.328125,1557.6729959359081,1533.3382594717345,1556.74086369023,578316
2024-02-29,1548.351318359375,1558.0166513318793,1527.3037178628879,1545.4567013389326,2350244
2024-03-01,1530.001953125,1552.2271136777301,1519.0120880181387,1550.3627294773128,4069161
2024-03-04,1522.986083984375,1539.6672023626936,1519.8461566724404,1521.4652303535047,2298105
2024-03-05,1544.6715087890625,1546.8303136168267,1506.5993811909898,1524.6542626260118,1408172
2024-03-06,1573.9124755859375,1576.6108916132823,1537.0177931318017,1545.456452024845,1761032
2024-03-07,1575.5806884765625,1589.5633910321708,1570.3801762364922,1580.536009926034,2440999
2024-03-11,1563.707763671875,1596.4812816708927,1556.6428667604782,1584.853583938129,2994345
2024-03-12,1554.582275390625,1573.7165008755892,1550.51009575438,1562.3339939934203,1294598
2024-03-13,1529.3641357421875,1562.3338511456716,1515.038022952759,1551.5401864743762,2881503
2024-03-14,1540.74658203125,1544.76977120862,1517.2458773086817,1537.8519652139248,3062556
2024-03-15,1519.1593017578125,1543.9847802001032,1512.2906055637225,1539.3238792112563,3421374
2024-03-18,1541.77685546875,1546.6830666237818,1514.4982735345548,1519.2082841556035,2281873
2024-03-19,1519.4044189453125,1550.1173473590889,1511.5054911958234,1544.4752047749364,3692624
2024-03-20,1520.2877197265625,1530.6888640558852,1491.9789035850547,1530.6888640558852,3412218
2024-03-21,1535.8402099609375,1541.3842522258772,1513.6151704411147,1535.4478089139473,2567975
2024-03-22,1578.720703125,1590.5937105679475,1536.7234862971056,1539.4710125496033,4941447
2024-03-26,1568.123291015625,1584.4118891911273,1563.2170795301995,1565.1305738778476,3649049
2024-03-27,1574.059814453125,1595.6471444353176,1562.2357971642948,1571.9501196123915,2530169
2024-03-28,1590.1522216796875,1603.3498824078497,1577.7884731512445,1579.7509577074352,4427587
2024-04-01,1598.6888427734375,1603.104432641463,1588.140489199821,1600.9947379706316,1148498
2024-04-02,1591.8204345703125,1602.3687900467378,1579.7021152581597,1598.6891311596128,1921533
2024-04-03,1589.465087890625,1598.3943675847354,1564.296202546816,1578.8186344176265,2098379
2024-04-04,1588.974609375,1597.4623787711405,1557.3786569208612,1590.4955827706929,2439461
2024-04-05,1578.81884765625,1608.1089061131531,1575.973221053649,1580.7813322400366,1548980
2024-04-08,1569.693115234375,1588.5330375324156,1567.0438091799138,1580.7812001182474,1170390
2024-04-09,1572.4898681640625,1578.6716226771773,1562.0886041422668,1570.9688947135494,1389391
2024-04-10,1573.961669921875,1578.3281499969025,1554.0424044498568,1572.9804276775499,1928878
2024-04-12,1511.1131591796875,1565.0814862932477,1505.2257053127537,1565.0814862932477,8258068
2024-04-15,1511.1622314453125,1515.1361908378549,1475.5921985547734,1489.1332702420127,2474028
2024-04-16,1508.7091064453125,1514.3512495213524,1496.5416782904379,1506.2068907341527,2058697
2024-04-18,1487.9556884765625,1516.5589224173525,1478.1922567678403,1516.5589224173525,3266796
2024-04-19,1494.23583984375,1499.6326725569254,1475.4940158699148,1476.7696787870693,2536516
2024-04-22,1511.2110595703125,1518.9628967592357,1493.401490022357,1499.7795642012557,1680307
2024-04-23,1456.8013916015625,1533.141969989396,1449.9816858093186,1532.7004588705727,9160422
2024-04-24,1457.880615234375,1474.8070433769246,1451.6006411268277,1456.8012727582052,4652803
2024-04-25,1491.6353759765625,1498.651281764692,1460.7262462271008,1462.0508992602545,3846327
2024-04-26,1478.29052734375,1503.2630941482903,1471.912452858134,1502.281851919734,1794350
2024-04-29,1493.0582275390625,1499.1420015362514,1481.7249510866986,1487.563294733624,1091667
2024-04-30,1473.9239501953125,1500.466600797629,1468.9196387089266,1498.3569060177226,1991646
2024-05-02,1490.507080078125,1501.300745569145,1473.8259606829122,1474.8072030002777,2494925
2024-05-03,1482.80419921875,1508.169286555722,1473.335187874702,1498.3568643920544,3183226
2024-05-06,1500.466552734375,1505.225553507413,1480.4491876494847,1489.52567811229,1240626
2024-05-07,1486.9254150390625,1514.20399741795,1481.7738932422997,1507.1389813712035,1532550
2024-05-08,1493.20556640625,1497.1796458899848,1474.071340321202,1481.6759686370544,1026357
2024-05-09,1466.6136474609375,1501.25142452696,1461.8546468467457,1492.6655554568315,1477007
2024-05-10,1478.29052734375,1497.8171518675845,1463.032162777481,1466.6137208678206,1528487
2024-05-13,1496.4437255859375,1501.3008274094489,1473.826041025485,1484.6197071048994,1628326
2024-05-14,1516.2646484375,1518.9139547079556,1487.612421485217,1496.3944920674244,2206236
2024-05-15,1498.7493896484375,1521.1707504023389,1491.8315840904615,1516.2645393060566,1207536
2024-05-16,1507.4825439453125,1512.2415449880702,1480.0077604466946,1500.3194274780956,2684392
2024-05-17,1502.6744384765625,1508.4637918343121,1491.6354629225889,1507.1881289691883,1341676
2024-05-21,1512.045166015625,1529.069814526163,1495.4131581336405,1501.3006115121193,1791791
2024-05-22,1510.4261474609375,1534.6627815852662,1477.1620133413126,1517.981664394122,3948239
2024-05-23,1467.0552978515625,1481.6758316698454,1439.4824139467967,1481.6758316698454,11618479
2024-05-24,1458.8128662109375,1477.456469741132,1449.3929641728446,1475.7884057585463,5307322
2024-05-27,1438.55029296875,1472.844662753556,1433.1534604270148,1458.8128502328236,3474806
2024-05-28,1437.4217529296875,1451.355344550151,1428.639563186889,1441.3957120548366,2616438
2024-05-29,1451.2081298828125,1466.9571153883296,1438.15768025638,1440.5616757774073,2843365
2024-05-30,1431.7305908203125,1449.6873725070577,1422.3106888619184,1448.3136093550822,3133423
2024-05-31,1432.41748046875,1451.6498045590222,1412.9888360606965,1437.5198922423058,5503924
2024-06-03,1425.794189453125,1469.9009834680653,1423.7825948011769,1468.4291199999732,1855318
2024-06-04,1403.029296875,1448.6080741688013,1351.3668651546072,1434.183740303603,5055952
2024-06-05,1459.4014892578125,1462.0507951354411,1405.1387507610416,1422.5066888044632,2487724
2024-06-06,1445.075439453125,1465.975947663357,1427.7566092559734,1465.975947663357,3004955
2024-06-07,1478.5848388671875,1481.7738761331234,1444.535781201566,1452.1404085280287,3404664
2024-06-10,1484.7176513671875,1493.156310913675,1476.8677132252362,1490.5070047029867,1433942
2024-06-11,1471.6180419921875,1496.394408426795,1469.2630366719968,1495.413166191761,1441589
2024-06-12,1478.5848388671875,1486.1404759501945,1467.7911742747885,1471.863353508939,994784
2024-06-13,1482.4608154296875,1486.1894640515413,1469.9008669189625,1486.1894640515413,1412477
2024-06-14,1487.5633544921875,1489.5258391287207,1477.3094201785239,1485.453659551803,937490
2024-06-18,1492.42041015625,1494.284794459729,1481.8720555592968,1494.0394838877069,1478241
2024-06-19,1475.7884521484375,1501.1535422136276,1471.8634828608087,1496.3454308801709,1537367
2024-06-20,1443.4073486328125,1460.0393568452203,1439.4823796358505,1460.0393568452203,4168375
2024-06-21,1439.7276611328125,1460.0884373935082,1433.496796932034,1452.3365998248933,4426556
2024-06-24,1466.466552734375,1474.7090116473055,1447.3814387525272,1447.3814387525272,3726155
2024-06-25,1476.9659423828125,1479.7134688844776,1464.3080118487667,1469.9501553806538,1833311
2024-06-26,1492.61669921875,1500.2213267921554,1467.2025005334533,1473.8258858393224,2563493
2024-06-27,1487.8084716796875,1499.3871774424035,1476.7694970340838,1496.3943408484902,3881458
2024-06-28,1492.3223876953125,1510.0828500796622,1487.1708654142394,1491.48835566306,2634599
2024-07-01,1491.58642578125,1501.3007486995348,1475.6412380908139,1492.3223575208087,1451094
2024-07-02,1495.4622802734375,1506.1087345963342,1479.9586050056155,1485.6007478723698,1336816
2024-07-03,1505.1766357421875,1507.4335410307306,1470.195442233684,1490.8505215703588,1061099
2024-07-04,1528.6773681640625,1541.531618043965,1497.3757155538449,1506.2068960518689,2630823
2024-07-05,1538.9803466796875,1545.2112109212921,1527.7941612347688,1532.7003724140711,2481046
2024-07-08,1527.2054443359375,1545.2603254849207,1521.8576022664593,1541.1390362138713,1120204
2024-07-09,1555.6614990234375,1560.0770891822638,1520.7292986119448,1535.4479324746987,1492840
2024-07-10,1568.56494140625,1571.116147454258,1538.1954200658076,1562.9227981279098,1899956
2024-07-11,1552.079833984375,1572.4406094262436,1542.8071432013787,1570.9687461412893,1707500
2024-07-12,1552.6214599609375,1562.5141445942818,1525.748550332855,1557.2478752429527,1426598
2024-07-15,1561.382080078125,1569.7490880778787,1552.6214266537504,1555.2298683136,832804
2024-07-16,1554.590087890625,1570.0443953164204,1550.3080525023652,1564.1382721992427,688481
2024-07-18,1569.3062744140625,1571.619482149193,1545.6817797702254,1550.3574610018181,1665636
2024-07-19,1544.106689453125,1564.8765316374668,1540.6614509812073,1559.9054966352612,1649335
2024-07-22,1562.5140380859375,1564.6304228661495,1530.719481268308,1530.719481268308,826636
2024-07-23,1576.5411376953125,1580.5278189419064,1549.6683490802811,1562.1695951931613,1502677
2024-07-24,1594.11181640625,1599.5257626562652,1567.0913509135091,1576.9348895499006,2923358
2024-07-25,1639.7366943359375,1654.9941790383104,1577.1316932353147,1589.583793492231,5329712
2024-07-26,1687.4285888671875,1696.8292162072228,1638.9491617114581,1644.313842134589,4591049
2024-07-29,1696.2877197265625,1701.7016657346844,1666.2649282269774,1688.4128891692942,3187339
2024-07-30,1674.9764404296875,1698.453255065579,1670.4484368780043,1689.2495708567535,1525840
2024-07-31,1692.44873046875,1703.867210843694,1668.6765614858525,1675.4686269324488,1594881
2024-08-01,1688.3636474609375,1719.1247047633856,1654.9941486275457,1698.5025400119764,5258291
2024-08-02,1704.556396484375,1714.5476122586576,1657.504233614562,1673.401572586208,2992406
2024-08-05,1693.43310546875,1730.494051595578,1688.1668364541615,1698.010374859142,5165558
2024-08-06,1680.8333740234375,1706.8694838882634,1677.2896042261648,1698.010299715833,1710278
2024-08-07,1707.3125,1709.6749732899702,1682.6545079669627,1693.0886348239173,1922313
2024-08-08,1709.8719482421875,1721.2904291708571,1701.3079974253963,1707.8539747323841,2480113
2024-08-09,1708.1494140625,1722.4225459745473,1702.9815559564138,1722.4225459745473,751683
2024-08-12,1706.721923828125,1721.1427319742554,1702.9814512394812,1707.8539548043084,1526788
2024-08-13,1712.8741455078125,1724.4403034826953,1698.6010143898718,1712.775734152869,2076963
2024-08-14,1714.39990234375,1725.572294479582,1705.4914519606925,1720.1583483189215,2207250
2024-08-16,1715.4827880859375,1723.7513850171242,1701.6034218945115,1722.2255883822993,2180718
2024-08-19,1720.4537353515625,1725.4246502794774,1713.4155811763885,1725.4246502794774,1363446
2024-08-20,1738.71337890625,1743.093825584569,1717.8451255905554,1724.3911026498006,1766597
2024-08-21,1737.0400390625,1744.2257500449111,1729.805062323617,1742.3063081086052,1184193
2024-08-22,1723.259033203125,1741.8140786154695,1721.0442371155948,1741.8140786154695,1369554
2024-08-23,1747.9664306640625,1753.5771998066004,1724.4896142786613,1726.3106449540192,3515492
2024-08-26,1744.718017578125,1752.1499375684837,1736.8924521570727,1752.1499375684837,933372
2024-08-27,1761.40283203125,1764.5527163386162,1739.5009585105272,1750.1811739256343,1231023
2024-08-28,1783.50146484375,1794.4770340925743,1758.4004421507382,1768.7854231329793,1768949
2024-08-29,1771.0494384765625,1798.2668470700282,1762.2395193861257,1781.5820970034213,3205924
2024-08-30,1793.148193359375,1799.5464933075689,1763.2730784025766,1770.0158781620587,3036374
2024-09-02,1787.5374755859375,1808.2581739283698,1776.9556708119962,1801.3184306403725,1617946
2024-09-03,1783.1571044921875,1810.7682796780687,1776.857215448379,1791.5241127108923,2148689
2024-09-04,1804.1729736328125,1806.2893584936423,1773.116681009439,1783.1570424584377,2473477
2024-09-05,1797.92236328125,1815.0501448392477,1791.52406305605,1804.5174862184558,1902919
2024-09-06,1796.0029296875,1821.0546880070094,1776.7587631635959,1791.081160260454,1701134
2024-09-09,1793.3450927734375,1806.683135915515,1784.4859078508314,1796.0029203464508,1544883
2024-09-10,1807.6182861328125,1813.425998258104,1797.134892915527,1801.36766281033,1460472
2024-09-11,1816.8218994140625,1828.4373232057144,1802.4503568680489,1807.6674804708248,1701900
2024-09-12,1836.2137451171875,1842.2182797313092,1811.6048982065367,1826.1241178838206,2744070
2024-09-13,1824.7459716796875,1835.8199526271706,1822.4327641360678,1835.8199526271706,1322430
2024-09-16,1833.802001953125,1844.0393062773085,1821.9406098647519,1832.86691383675,1284085
2024-09-17,1836.9027099609375,1840.3972142201903,1830.1599100672588,1833.851237033913,738265
2024-09-18,1807.273681640625,1838.7730050679127,1800.973792923091,1838.7730050679127,1202676
2024-09-19,1817.1666259765625,1826.9608995452045,1806.2894669533675,1816.3298290052458,1675819
2024-09-20,1836.558349609375,1841.7262077551336,1813.081532350721,1822.1375404657986,4229991
2024-09-23,1833.5560302734375,1845.663631761953,1828.4374378655082,1837.7888002664354,812520
2024-09-24,1838.8714599609375,1851.2251492242312,1826.9608020400597,1826.9608020400597,2528953
2024-09-25,1841.2830810546875,1846.647761294938,1829.4708352468308,1844.679053660295,956893
2024-09-26,1868.697509765625,1875.1942216194725,1837.8380383395559,1841.2832770669409,2452807
2024-09-27,1918.2103271484375,1928.6445742375151,1885.2837384543107,1887.9414458235608,3809008
2024-09-30,1896.5545654296875,1929.6780973997247,1890.9930621568226,1918.5057049356399,2608461
2024-10-01,1889.91015625,1904.478641525461,1872.5855522470085,1894.7335142236582,1275678
2024-10-03,1880.95263671875,1906.0045157156342,1866.3842710102826,1871.0599520624671,2492195
2024-10-04,1880.1651611328125,1921.7048464638563,1873.8652723204211,1880.9525721341208,2798189
2024-10-07,1875.440185546875,1887.9414314632731,1858.5093472751635,1880.1651321233626,1691999
2024-10-08,1887.1539306640625,1891.3865799503662,1871.7980352618426,1874.209654031924,2309881
2024-10-09,1900.6396484375,1916.5369874916573,1864.8584092465048,1864.9076750042254,1597182
2024-10-10,1858.2139892578125,1907.628504700873,1854.4242509491964,1899.4091740459926,2383012
2024-10-11,1872.1917724609375,1879.476015043389,1860.9209688491726,1869.2879766435224,1019117
2024-10-14,1879.869873046875,1885.775996486216,1865.44906428374,1873.2254841776166,676879
2024-10-15,1868.74658203125,1890.3532218699002,1865.0061093702523,1887.9907485174674,1383203
2024-10-16,1868.7957763671875,1884.7422606059836,1857.4757071397855,1879.0822259922827,1401914
2024-10-17,1859.9859619140625,1893.5524059099712,1850.2408342609565,1893.4539945519375,1447059
2024-10-18,1880.46044921875,1887.8923692294302,1843.3995008440684,1870.2724103837372,1203693
2024-10-21,1867.3192138671875,1890.500794607445,1860.970179733425,1888.7781754064604,660583
2024-10-22,1858.0172119140625,1876.1784929129958,1851.5696459440423,1862.3975386103818,1192915
2024-10-23,1810.5712890625,1859.9859260416238,1803.3363120609265,1850.634564161395,1673366
2024-10-24,1819.971923828125,1830.4553167459333,1800.8261686495018,1801.3676113509478,1739776
2024-10-25,1831.2919921875,1846.2541231794423,1821.1530991050695,1827.748342232607,2148004
2024-10-28,1873.1270751953125,1886.0220873554879,1806.289420823236,1834.0481529591975,2445724
2024-10-29,1842.316650390625,1892.6171083327952,1832.866877417755,1891.9281086986707,2295542
2024-10-30,1823.121826171875,1851.4712664318477,1791.5240901523641,1839.2652540932377,1900203
2024-10-31,1819.971923828125,1843.202651505273,1813.2782693392783,1830.8982279304714,2572932
2024-11-01,1829.3233642578125,1835.770810391495,1802.8934853168705,1830.8983065109048,107596
2024-11-04,1780.5977783203125,1816.132929770465,1732.5612603522018,1816.132929770465,5031861
2024-11-05,1775.380615234375,1804.320643033603,1771.2955226433294,1776.7587346839352,1658010
2024-11-06,1798.8572998046875,1811.2109880317719,1774.002366409143,1787.1435857386523,2060619
2024-11-07,1762.928466796875,1816.1328400673362,1750.9686637344926,1816.1328400673362,1909269
2024-11-08,1781.28662109375,1786.6514214260146,1762.9283986025696,1771.6400259031539,1644075
2024-11-11,1766.521484375,1789.2108898273102,1763.9129225087092,1788.9648013523845,1069649
2024-11-12,1772.673583984375,1796.445753188785,1767.0135494195335,1773.7072035777592,2471888
2024-11-13,1751.16552734375,1769.1792511529236,1742.7492537265953,1762.977773733927,1810332
2024-11-14,1740.534423828125,1767.8995088330114,1735.5635089980697,1751.8544930661983,1473358
2024-11-18,1720.404541015625,1770.8526787510282,1715.9256826744727,1770.8526787510282,1533025
2024-11-19,1749.44287109375,1778.4813095223706,1702.9321519157056,1702.98141767211,1933316
2024-11-21,1752.14990234375,1763.4207061795037,1730.5433827919237,1744.2750713219802,2014349
2024-11-22,1767.2105712890625,1786.5530289296892,1740.3869280217095,1757.0716782467896,1420813
2024-11-25,1770.7542724609375,1801.3676550251894,1756.2350522906527,1777.7431611887935,3137448
2024-11-26,1734.0377197265625,1778.4813201271122,1725.7691233468631,1778.4813201271122,1589883
2024-11-27,1722.0777587890625,1750.771696948305,1713.021751622685,1732.5611511043055,1982546
2024-11-28,1707.1156005859375,1733.1517108815951,1696.4353857445187,1722.0777304828107,3071758
2024-11-29,1753.035888671875,1767.7027858485048,1711.9882588489422,1715.6304403837553,2427677
2024-12-02,1780.2532958984375,1785.6179765952768,1764.1098678883209,1771.8370219798776,1948045
2024-12-03,1771.88623046875,1803.336288528219,1760.369218101897,1802.5980231262558,1543970
2024-12-04,1772.0338134765625,1786.4546219056908,1757.071682507599,1782.1727065434218,2320116
2024-12-05,1785.076416015625,1797.380838966904,1747.6218246481594,1780.400735294139,2742263
2024-12-06,1776.611083984375,1795.4122191417673,1772.8213455620303,1787.4389767112946,1590478
2024-12-09,1778.3829345703125,1791.4747688810555,1768.5885415154817,1786.405442603655,1528215
2024-12-10,1781.6312255859375,1794.4770915572894,1767.8995372665343,1792.5083838320484,2043634
2024-12-11,1785.6177978515625,1797.774543281156,1776.807879382763,1795.756690082125,1745911
2024-12-12,1777.2015380859375,1791.5239340846665,1769.9174160207083,1790.5395802747298,1082394
2024-12-13,1785.076416015625,1788.374097494872,1746.2929710014973,1776.512585705687,1391111
2024-12-16,1781.4837646484375,1793.9850113133236,1764.3067167237166,1790.2444183696116,1483330
2024-12-17,1761.058349609375,1787.340550029756,1755.2013719519834,1781.6805152437605,1608164
2024-12-18,1772.87060546875,1793.9356823941923,1764.7496859503647,1769.8682780674956,1732860
2024-12-19,1794.7724609375,1800.7769955181184,1762.780960132156,1772.8213215515254,1924091
2024-12-20,1780.5484619140625,1797.3808889474024,1766.0292424278111,1794.7724473375015,2513418
2024-12-23,1786.20849609375,1799.3988618924343,1768.5393923138286,1782.66484621838,1299181
2024-12-24,1790.5396728515625,1803.0901845771575,1774.937688189468,1786.503846054232,1121058
2024-12-26,1812.5399169921875,1816.1820982918753,1786.0116291014133,1791.5239865664648,1402706
2024-12-27,1832.128662109375,1836.8043430469274,1808.01199201042,1816.6250884743326,1668898
2024-12-30,1854.42431640625,1866.0888859644024,1825.9764649684644,1832.916207953389,6021550
2024-12-31,1856.8359375,1880.115931044752,1839.5605988162135,1847.4354299410084,1844944
2025-01-01,1860.3795166015625,1873.1761166918582,1849.2563901577657,1860.330371005137,1338092
2025-01-02,1848.61669921875,1866.3350701377794,1835.7708322382962,1862.3976543779952,2507223
2025-01-03,1820.710205078125,1854.5227373236849,1815.1485815418657,1848.616613956412,1515825
2025-01-06,1818.495361328125,1827.4529575024972,1797.0856646808427,1821.5468342894537,1397724
2025-01-07,1824.401611328125,1835.820092968127,1816.7728683144505,1819.6275187645492,1615649
2025-01-08,1808.996337890625,1833.4575077078648,1800.5800641761023,1833.4575077078648,1298188
2025-01-09,1797.774658203125,1812.1954663646106,1785.617911996417,1812.1954663646106,1199181
2025-01-10,1756.8748779296875,1805.8956297505906,1745.0133654438162,1796.88876758916,857827
2025-01-13,1719.5677490234375,1757.6130490134483,1715.1873023343808,1756.677840768189,1645287
2025-01-14,1743.14306640625,1756.136609882772,1714.8428919984221,1727.5410812430555,1962645
2025-01-15,1729.362060546875,1747.2281071961975,1720.355198666435,1745.0625767612908,857867
2025-01-16,1735.7113037109375,1747.8187847505599,1713.5633406575419,1747.2774621943774,2180496
2025-01-17,1758.5975341796875,1763.912949190176,1739.9439554019225,1751.1656140603568,1163986
2025-01-20,1750.42724609375,1772.2798536535424,1740.6329732814052,1761.3535498736462,1341246
2025-01-21,1735.1204833984375,1777.496964706741,1731.9705991424676,1744.3734336208743,2489267
2025-01-22,1770.8033447265625,1775.3806142498852,1746.0960866446023,1749.1968253642974,2262270
2025-01-23,1804.9112548828125,1810.9650552921403,1758.1052998671314,1760.1231532299835,1974760
2025-01-24,1793.6895751953125,1814.2625951258215,1779.9086210049752,1800.3832295804873,1277935
2025-01-27,1758.8927001953125,1795.70755920856,1746.539131141445,1789.6537588359963,1452975
2025-01-28,1678.8155517578125,1752.1499162292032,1666.6095395452621,1751.9530935162534,5972497
2025-01-29,1708.1983642578125,1716.7130487668567,1669.4640657732734,1678.8154269907534,1433336
2025-01-30,1711.8897705078125,1732.758144394765,1698.3057593629117,1713.2186241841073,2017991
2025-01-31,1716.6639404296875,1742.1587305399157,1679.3570236482724,1714.744498383712,4275269
2025-02-01,1714.941162109375,1761.0089685457685,1706.1805093164598,1712.775631788506,1477972
2025-02-03,1713.366455078125,1757.957736914368,1683.7866910849314,1753.5772897566355,2210231
2025-02-04,1737.630615234375,1748.4585074692302,1713.4155348139568,1721.9302195579874,2796294
2025-02-05,1725.326171875,1746.0468680167262,1708.0507141309702,1746.0468680167262,1787905
2025-02-06,1725.07861328125,1751.1726312742373,1719.434030122037,1735.971761815173,3421791
2025-02-07,1732.802978515625,1735.9718462530805,1710.5215372488285,1734.3874123843527,1371545
2025-02-10,1715.2747802734375,1733.0009282305343,1706.9563516410208,1724.3359235893818,1237839
2025-02-11,1683.239013671875,1717.3543258245982,1678.584716760651,1708.441749785153,2779274
2025-02-12,1677.3963623046875,1698.2913782758192,1671.6527745103654,1689.873945040826,1757284
2025-02-13,1729.3863525390625,1735.7242086574404,1683.437046786511,1683.486609452374,2750390
2025-02-14,1683.981689453125,1731.9610076703173,1668.6322532952165,1730.3765739212488,2123774
2025-02-17,1697.548583984375,1718.493161640431,1679.5749858623913,1683.981711172033,2277889
2025-02-18,1685.071044921875,1712.9476268063138,1681.9021773018378,1697.5486273920292,2163972
2025-02-19,1660.3138427734375,1682.4962781514014,1631.1003994506204,1648.9255513086105,2576319
2025-02-20,1653.0848388671875,1661.650717980516,1646.8459873142822,1650.955699312812,1670915
2025-02-21,1627.7830810546875,1668.0382427189738,1616.1472172053232,1661.7499489858033,2244190
2025-02-24,1623.57421875,1653.6789432928745,1611.24520396052,1613.9189283365738,2357441
2025-02-25,1597.9259033203125,1631.7937663322086,1590.6473234025875,1623.5743419259406,2836717
2025-02-27,1631.49658203125,1637.0421608038846,1589.458979455039,1613.1267239070628,2744489
2025-02-28,1577.7735595703125,1654.768315105597,1570.990122970159,1654.768315105597,3549979
2025-03-03,1569.7027587890625,1591.7861911944533,1566.8309043991671,1569.9008885758637,1425492
2025-03-04,1551.283447265625,1574.555174690293,1540.8854413950287,1569.6037433233423,1717135
2025-03-05,1567.0784912109375,1570.8911901349716,1537.9641709934328,1549.4019051118648,2428171
2025-03-06,1598.322021484375,1602.1841620700768,1557.274704416556,1582.7250129104102,2458676
2025-03-07,1593.667724609375,1612.9287439888355,1590.0531555879154,1608.224884259628,980890
2025-03-10,1595.8463134765625,1625.5053387117098,1587.181308671772,1606.1947565753194,1600589
2025-03-11,1639.2208251953125,1647.4401282749168,1589.755956069868,1600.4015329145766,3325416
2025-03-12,1660.5615234375,1663.9285209643763,1641.944213915485,1645.8557963652988,2389362
2025-03-13,1667.097412109375,1670.7615439253354,1647.2916862432883,1655.7586824048633,1666929
2025-03-17,1687.744873046875,1703.4408856424727,1671.949735120467,1677.5944391719095,2588408
2025-03-18,1687.744873046875,1687.744873046875,1687.744873046875,1687.744873046875,0
2025-03-19,1715.5223388671875,1731.0203426565547,1709.5311796627507,1730.8223337629315,2167448
2025-03-20,1733.24853515625,1740.0815345610301,1706.164229987911,1718.7903798654954,1602232
2025-03-21,1767.165771484375,1775.3851955195173,1733.2484682210857,1741.9134727044077,2483162
2025-03-24,1767.462890625,1802.3209171523695,1760.3327573231188,1777.068618587872,1182084
2025-03-25,1747.6075439453125,1778.5044245452243,1741.4182552927225,1767.462830296639,1471028
2025-03-26,1741.8638916015625,1753.5988799709714,1729.1387379005184,1750.776467547211,1762361
2025-03-27,1714.631103515625,1735.2786688284705,1703.2923741462057,1733.991248331399,3279881
2025-03-28,1717.8494873046875,1724.4349149589302,1688.6360433074972,1714.6310570338105,1956781
2025-04-01,1681.8526611328125,1717.1068281397131,1665.2653661235754,1714.1855319993706,4142445
2025-04-02,1697.0040283203125,1701.7573297106799,1669.523585338969,1678.5351658874724,3369489
2025-04-03,1752.806640625,1795.0918146184608,1733.000915872175,1737.9523470603813,5715573
2025-04-04,1692.7457275390625,1761.5706198924483,1641.9441169370045,1761.5706198924483,5345276
2025-04-07,1650.1634521484375,1675.5643183859863,1604.3627135400736,1604.3627135400736,5715334
2025-04-08,1671.9498291015625,1693.2409842799836,1629.0209427210527,1629.0209427210527,2807382
2025-04-09,1636.15087890625,1663.4333131976173,1624.0694351207574,1633.9722975300303,3481864
2025-04-11,1671.1575927734375,1720.1271989907707,1665.7604602343595,1693.389470509049,3801939
2025-04-15,1688.43798828125,1707.7485693788947,1680.3176897119565,1703.2922814332844,1993085
2025-04-16,1676.6536865234375,1686.1604106914103,1665.7605373782576,1674.6731139515866,2205374
2025-04-17,1734.486328125,1740.9231886061948,1671.0090050950514,1678.53515625,2683908
2025-04-21,1727.9505615234375,1743.89414652257,1714.4826922348705,1743.89414652257,1539511
2025-04-22,1730.42626953125,1737.9524210809573,1717.651552344684,1733.9912759616843,961907
2025-04-23,1771.424072265625,1773.89978786255,1725.1776323843349,1737.160071696542,1471029
2025-04-24,1786.37744140625,1790.3385865190153,1756.6688530605102,1772.6124379624794,2101177
2025-04-25,1770.0377197265625,1797.8647399968627,1747.063005516993,1788.457020343891,2036801
2025-04-28,1823.7110595703125,1828.0683430698152,1763.8977483287135,1770.0375953594596,3216482
2025-04-29,1787.9617919921875,1828.0683843907937,1779.5443590196405,1827.0780981587293,2886160
2025-04-30,1814.5015869140625,1821.037452140905,1785.7832849884787,1792.41815466574,2667314
2025-05-02,1806.876220703125,1833.2178100929195,1796.1812020112825,1814.501497161058,1885257
2025-05-05,1818.759765625,1825.39475626075,1803.7074624569946,1810.0453188536228,1219830
2025-05-06,1801.4296875,1810.144254826256,1781.524958114871,1802.3209692990913,1414772
2025-05-07,1763.996826171875,1808.658708849283,1761.4219853883812,1800.2412762935912,2015237
2025-05-08,1750.0338134765625,1771.5230976424903,1737.952369574651,1763.9969463158297,2647871
2025-05-09,1727.8514404296875,1749.1425941032496,1714.8785942744369,1734.8824483961403,1148956
2025-05-12,1669.820556640625,1695.7661278374987,1607.8286641572022,1679.2282756226243,9221075
2025-05-13,1683.4866943359375,1731.5155794390512,1674.8712519599235,1694.3798435345818,6988329
2025-05-14,1691.60693359375,1694.7759221426484,1675.6633490542597,1685.4672071623734,1639324
2025-05-15,1723.1971435546875,1727.4554229419255,1667.7411114916051,1684.575978367898,3880385
2025-05-16,1718.0477294921875,1724.6825993616694,1702.3021531137006,1723.0981654554037,1448249
2025-05-19,1713.3931884765625,1747.8551976682609,1709.8281822219678,1728.0494730487903,2074023
2025-05-20,1691.2108154296875,1731.020272191486,1686.7545275436112,1726.8611185182995,2706777
2025-05-21,1714.977783203125,1741.6163867307562,1691.2109131047398,1699.727350713084,2754306
2025-05-22,1702.0048828125,1723.0980277124547,1690.6165912500326,1717.3543192662605,2670554
2025-05-23,1667.2459716796875,1673.088684960634,1620.7025161051683,1641.8946668628182,8339783
2025-05-26,1659.8187255859375,1685.8633017834197,1650.807145071694,1676.6535914924873,2282131
2025-05-27,1667.0478515625,1675.5642889012822,1644.9644204412464,1659.8187137825698,2800622
2025-05-28,1650.2130126953125,1670.5138805929525,1646.846015306111,1667.0478787567702,2657712
2025-05-29,1683.28857421875,1686.7545760075059,1654.1741350162908,1658.7294274760316,2377583
2025-05-30,1661.30419921875,1696.9545044418328,1652.8867660410776,1685.4672080468613,3640641
2025-06-02,1658.3333740234375,1667.1469460589315,1644.37036170529,1662.6906578158278,1819538
2025-06-03,1651.30224609375,1678.5351167189842,1641.4983884917563,1678.5351167189842,2556920
2025-06-04,1648.7276611328125,1652.78781072701,1632.982085014284,1639.914089013738,1700482
2025-06-05,1666.750732421875,1677.842010747808,1645.8557171096074,1645.8557171096074,2037073
2025-06-06,1662.888671875,1672.5935257661272,1652.7878001797906,1668.63238064886,2500047
2025-06-09,1677.9410400390625,1682.2983237000342,1657.0460244174062,1663.5818894665877,2589656
2025-06-10,1672.3955078125,1690.319665194212,1661.4032334639328,1685.269229373942,2369135
2025-06-11,1674.177978515625,1678.5352623706667,1662.9878159638881,1678.3372534663927,1999978
2025-06-12,1671.009033203125,1710.7194874320173,1664.770181508742,1678.436180037128,3588365
2025-06-13,1671.4051513671875,1683.486595048421,1644.9644364318735,1650.6091404871777,2404272
2025-06-16,1668.929443359375,1673.385731425313,1639.6168740402327,1648.826584396991,2249326
2025-06-17,1634.1702880859375,1665.3643043250918,1625.158707571536,1663.680866088227,5408285
2025-06-18,1631.99169921875,1645.162554368449,1622.583980078836,1629.0208405429876,1455885
2025-06-19,1631.5955810546875,1639.2208576156943,1620.1082848742983,1632.0907241735367,1696525
2025-06-20,1648.9256591796875,1653.7780861242686,1629.615076736919,1631.5956492951518,2567882
2025-06-23,1646.350830078125,1650.8071180392387,1631.1994026565192,1647.0439820738125,840643
2025-06-24,1645.55859375,1670.0187363655616,1642.6868603667087,1654.2731610004403,2066326
2025-06-25,1653.3818359375,1662.4925416217097,1641.9935444956482,1645.5585506831444,1372945
2025-06-26,1653.5799560546875,1662.5915363574031,1634.3683794706653,1658.5313870874484,2102627
2025-06-27,1671.20703125,1679.228325601745,1651.9954540538424,1653.9760265300536,5313904
2025-06-30,1659.4227294921875,1687.9430237145828,1655.3625797780876,1679.5255900380948,2160184
2025-07-01,1651.0052490234375,1667.939241235612,1641.3995203951588,1659.4226824613615,3298070
2025-07-02,1661.205078125,1665.6613659649777,1639.9139251117736,1639.9139251117736,1611046
2025-07-03,1663.3837890625,1676.3566358267922,1658.2343488442164,1661.2052076358154,1553777
2025-07-04,1660.016845703125,1670.3157257254463,1655.3624279194328,1670.3157257254463,1264399
2025-07-07,1669.05810546875,1671.5419707006272,1652.267152244763,1663.891593016956,1550620
2025-07-08,1661.7059326171875,1671.1446210236827,1638.45692849627,1669.1575287275784,1860328
2025-07-09,1658.6259765625,1669.9524269938443,1636.3705184185847,1649.2866184425322,2178705
2025-07-10,1651.7703857421875,1659.818084868856,1636.569081949883,1651.273612693844,1741718
2025-07-11,1661.2091064453125,1669.0581450205405,1651.4723059926273,1655.0491690372774,1298302
2025-07-14,1671.74072265625,1685.948481071095,1664.686569269172,1669.554969645884,1309704
2025-07-15,1716.3509521484375,1719.7290332716816,1677.0065493687105,1693.9961640596734,3332578
2025-07-16,1690.02197265625,1720.1264690066841,1687.0413342565037,1718.834810520466,2285143
2025-07-17,1692.406494140625,1705.918697188592,1685.054228556699,1693.0025975593248,1461039
2025-07-18,1682.669677734375,1698.3677548795465,1675.81418527775,1697.9703121766654,1253929
2025-07-21,1681.378173828125,1690.4194194057986,1666.6736425079068,1670.250384339653,2390289
2025-07-22,1667.17041015625,1682.172932498894,1662.0040187807986,1675.2181095721396,1244491
2025-07-23,1671.641357421875,1678.6955106617793,1660.6130196769561,1667.6671729168602,1229173
2025-07-24,1681.080078125,1685.054262706856,1669.2568547374815,1671.6413897430925,1079045
2025-07-25,1688.034912109375,1691.0155505651303,1671.34328824415,1679.0929967421093,1088592
2025-07-28,1691.214111328125,1699.0631497208833,1682.9677515240733,1691.1147809753018,2168507
2025-07-29,1699.460693359375,1706.9122895009684,1686.1471506632306,1687.0413664567195,1325544
2025-07-30,1722.6103515625,1729.2670622088262,1701.050327485951,1708.8993662735888,2318723
2025-07-31,1695.6851806640625,1736.7186855343634,1683.0671929606474,1704.4284353742567,3233087
2025-08-01,1619.18212890625,1684.0607416859682,1597.6222257410245,1679.0930108845346,8774548
2025-08-04,1631.0052490234375,1636.7678649006018,1603.1859582998518,1619.2814778451302,1898762
2025-08-05,1621.566650390625,1633.9859772903794,1609.644096566861,1630.3099050410478,1622897
2025-08-06,1584.90478515625,1619.1821276597536,1580.7319397992544,1619.1821276597536,2376257
2025-08-07,1588.0841064453125,1595.038929127571,1560.860919118262,1570.7963800929167,3435674
2025-08-08,1576.6583251953125,1591.6608469998002,1570.6970486147889,1579.7382938387532,1654424
2025-08-11,1598.0196533203125,1649.2866104488512,1573.9757636996972,1576.6584110765473,1140902
2025-08-12,1611.73046875,1626.1368875025048,1599.7085849440618,1601.2982344809448,1679088
2025-08-13,1629.217041015625,1632.8931132931275,1606.8622524247546,1613.7176238999627,1313668
2025-08-14,1630.806640625,1640.4439895646522,1621.6659434674307,1629.216991074875,1738094
2025-08-18,1622.1627197265625,1638.953673598573,1614.9099057390576,1638.953673598573,3080173
2025-08-19,1616.10205078125,1627.4285004990954,1608.650455082994,1622.2621093279643,2656391
2025-08-20,1622.5601806640625,1625.9382618042353,1605.5705658879585,1623.4543964485918,1831706
2025-08-21,1629.6142578125,1641.8349233037904,1613.4195292205059,1620.2750215379986,1727099
2025-08-22,1631.2041015625,1640.7421202523267,1624.5472696533852,1631.4027622775534,2098310
2025-08-25,1646.0078125,1649.7833362781898,1623.4543640340632,1638.556216581851,1904984
2025-08-26,1589.971923828125,1636.7679223969371,1585.8982876602297,1634.3833874232264,4502371
2025-08-28,1575.466064453125,1589.6738227570108,1557.482903589684,1582.8183301398738,4993739
2025-08-29,1584.2093505859375,1591.3628344180145,1565.6300859249247,1570.7964774389259,3176534
2025-09-01,1553.210693359375,1589.8724480539984,1546.15641890205,1588.6802412264847,9366820
2025-09-02,1555.098388671875,1560.1655710733091,1547.944904890128,1555.8932741065087,2855840
2025-09-03,1568.51123046875,1570.8957654426454,1548.2429863968566,1552.0183889299112,2091370
2025-09-04,1572.088134765625,1586.6932147794025,1550.9255530811818,1586.6932147794025,2298657
2025-09-05,1583.3150634765625,1588.9783490975083,1565.3319030644045,1572.1873955095048,1814479
2025-09-08,1570.79638671875,1594.144720107675,1568.014409121119,1587.2892277497494,1369139
2025-09-09,1581.4273681640625,1586.6932113044306,1567.3190612603253,1569.802926650595,1709406
2025-09-10,1583.116455078125,1591.2634849715168,1572.1874474598008,1581.824796573873,2408379
2025-09-11,1599.3111572265625,1606.5640924898203,1580.731893105321,1582.2222123005806,1762484
2025-09-12,1606.1666259765625,1612.028572314202,1592.753753418016,1599.6092458711034,1878894
2025-09-15,1591.660888671875,1606.6634108691514,1585.1035085181136,1606.1666378077682,2005917
2025-09-16,1600.1060791015625,1604.5770367892105,1589.6738444970506,1592.1577098790772,1480567
2025-09-17,1609.743408203125,1611.6311701264297,1597.0260903751814,1602.1924817923948,2128406
2025-09-18,1637.9600830078125,1640.6427302584464,1617.1949451750547,1624.5472106020936,1832386
2025-09-19,1645.3123779296875,1657.3342617486428,1632.4956087001874,1637.9601123708476,3191406
2025-09-22,1633.389892578125,1647.200208505448,1624.7460894698136,1639.3511695583372,1785320
2025-09-23,1620.67236328125,1633.3898019799758,1614.6117562773588,1632.5949165803738,1967731
2025-09-24,1616.598876953125,1625.3421313727292,1614.512454345545,1619.4801849743005,1131058
2025-09-25,1616.89697265625,1632.1976070917785,1612.2272331438078,1617.3937457140107,2762750
2025-09-26,1576.4595947265625,1592.5551147894816,1538.0094080385923,1574.7706148198765,7256759
2025-09-29,1579.04296875,1608.4519109812734,1569.8029409013186,1570.7964870664462,4180922
2025-09-30,1584.0106201171875,1593.9460812700709,1575.7641388473005,1578.8441075481974,2257443
2025-10-01,1625.64013671875,1640.8414410892474,1601.4970384204441,1601.4970384204441,3109095
2025-10-03,1620.67236328125,1634.8801211423663,1589.6737732165213,1589.6737732165213,4041865
2025-10-06,1644.020751953125,1648.988482661006,1609.5447493534264,1619.4802107691883,1756916
2025-10-07,1642.4310302734375,1652.2671608996916,1636.3704233324065,1638.7549582239958,2174852
2025-10-08,1621.06982421875,1644.3188276700992,1618.4866285647079,1634.383366475718,1846507
2025-10-09,1647.7962646484375,1651.5717884738617,1621.8647347853546,1634.383391827965,2197566
2025-10-10,1660.1162109375,1665.7793752224488,1638.3575269836463,1644.3188036130591,1454056
2025-10-13,1657.63232421875,1664.1897041697284,1645.1136677155218,1651.770378019208,1375179
2025-10-14,1643.7227783203125,1659.1227436781396,1635.5756271034522,1656.8375390152728,2108287
2025-10-15,1644.418212890625,1657.9304163093134,1639.450482127689,1641.8350171503962,2088737
2025-10-16,1648.29296875,1652.1678227702848,1632.5948919631978,1643.3252382836047,2895957
2025-10-17,1668.2633056640625,1681.0800751745505,1646.0078477882328,1647.498167003813,1594147
2025-10-20,1677.7020263671875,1685.9485080320117,1671.9395313920309,1674.0259540775617,1647622
2025-10-21,1679.5897216796875,1685.0542253586216,1673.1316718773107,1679.0929486179662,74296
2025-10-23,1678.99365234375,1700.9509978610427,1671.3432742684568,1693.9961748557698,2687094
2025-10-24,1688.034912109375,1690.9162202064363,1675.1188121344358,1679.0929967421093,994307
2025-10-27,1682.669677734375,1697.473539118685,1679.092935973414,1690.0219432489805,2067904
2025-10-28,1676.1123046875,1691.7109302608092,1668.3625964373616,1681.0800352882336,2440939
2025-10-29,1704.8258056640625,1710.8864127185896,1676.4104109869058,1679.0929369886273,1016738
2025-10-30,1692.406494140625,1705.8193668325564,1669.2568209074827,1704.7264903511925,1986233
2025-10-31,1679.788330078125,1693.9960877138794,1675.9135973433574,1689.0283572513754,1560918
2025-11-03,1695.3870849609375,1701.7458042411731,1670.3496505354751,1677.3044732176897,1099955
2025-11-04,1679.093017578125,1700.156147747174,1671.343308983999,1695.983302370331,1597993
2025-11-06,1675.0194091796875,1712.77416131628,1656.24136346578,1688.0348389492265,3389867
2025-11-07,1680.48388671875,1698.9638198004336,1672.2374056301176,1683.0670823052249,1512908
2025-11-10,1686.8426513671875,1692.1083730346895,1674.9200979249385,1686.5445390181371,1235665
2025-11-11,1705.0245361328125,1707.9058442452217,1684.0607364721645,1690.618116853257,1315353
2025-11-12,1720.9212646484375,1732.8438184656877,1699.162579675458,1710.2903693410517,1833097
2025-11-13,1726.18701171875,1736.5199153752737,1714.2644585648725,1723.3057037833998,1727602
2025-11-14,1745.7598876953125,1748.7405260971425,1723.5044300384848,1726.187077369624,1667322
2025-11-17,1752.5159912109375,1756.5895059671477,1736.4204716107533,1754.4037530586884,1430618
2025-11-18,1747.448974609375,1753.1121390135681,1738.705720189144,1752.615365950657,1429522
2025-11-19,1772.5855712890625,1778.745629873463,1739.7985500161499,1750.6282267536994,2131124
2025-11-20,1765.928955078125,1780.4347046429366,1761.656658110908,1778.4476123386478,1513894
2025-11-21,1768.2139892578125,1775.864367185946,1762.2527125108188,1766.5250093591587,2199311
2025-11-24,1769.3070068359375,1774.374067871133,1760.3650916153026,1774.374067871133,3434492
2025-11-25,1765.332763671875,1780.533946272675,1754.7017476042085,1773.479793200475,1848114
2025-11-26,1793.25146484375,1795.2385571376026,1762.153421931962,1764.0411838676196,1158948
2025-11-27,1798.6165771484375,1803.1868650124306,1790.4694262511168,1790.4694262511168,2902053
2025-11-28,1819.779052734375,1821.170041561623,1795.8346154515186,1798.6165931060145,1623103
2025-12-01,1795.7353515625,1837.0668475095704,1789.3766318900682,1829.1184782396533,1869293
2025-12-02,1787.88623046875,1803.1868648665188,1777.0565535797946,1792.3571879775634,2948688
2025-12-03,1795.039794921875,1804.2798227031194,1770.9960264142678,1793.3508149664815,2114510
2025-12-04,1806.56494140625,1811.4332203221738,1786.694019194368,1796.7288106548715,1713961
2025-12-05,1793.64892578125,1808.4526664948564,1788.581743354456,1807.2604596194283,1777401
2025-12-08,1784.6075439453125,1794.3443447164593,1774.1753093830075,1793.6489109253014,2410074
2025-12-09,1764.5379638671875,1789.5752783550101,1760.563779263883,1784.4088868837098,2401728
2025-12-10,1773.9765625,1780.1364998103056,1756.4901753871322,1776.3610973977736,2321746
2025-12-11,1795.5364990234375,1798.8152497314682,1763.6436928373055,1766.525000840956,1280916
2025-12-12,1781.9249267578125,1800.1068688641526,1779.4410615128197,1796.3313451787706,1442309
2025-12-15,1785.501708984375,1792.953304888502,1766.127559633645,1767.5185484589124,1396948
2025-12-16,1769.8037109375,1780.3352753082418,1766.823072646772,1778.4475134676177,1533979
2025-12-17,1781.328857421875,1785.9984756587708,1760.0669462616247,1769.505634373104,1910628
2025-12-18,1734.6322021484375,1773.479831340348,1724.7960712643385,1773.479831340348,3461351
2025-12-19,1733.638671875,1748.6411942280731,1729.9624784130965,1735.7250944979794,2768986
2025-12-22,1758.3779296875,1761.755889388824,1731.850176147664,1733.6386076339388,1467257
2025-12-23,1744.567626953125,1763.1468905709062,1740.394660549985,1760.5636949589527,1124853
2025-12-24,1725.7896728515625,1747.647688282037,1707.9058420448107,1744.5677194551502,2224786
2025-12-26,1708.402587890625,1725.7896453422597,1696.9768072795507,1725.7896453422597,2507337
2025-12-29,1706.1173095703125,1716.3508828842944,1699.2619385257333,1708.4025141068273,1800816
2025-12-30,1709.0980224609375,1711.9793305250298,1695.9832619186739,1711.9793305250298,2639497
2025-12-31,1708.6011962890625,1714.4631425926211,1704.4283511414358,1709.0979693438983,1428439
2026-01-01,1709.9921875,1714.8605877007226,1697.8709734579827,1708.8993110343238,877515
2026-01-02,1716.84765625,1720.8218406394676,1708.3031840691413,1709.9921639216718,974123
2026-01-05,1717.741943359375,1734.7315580737024,1712.277439596829,1716.8477275780972,1416698
2026-01-06,1748.83984375,1751.2243787106395,1714.5625023779553,1714.5625023779553,1658801
2026-01-07,1771.0953369140625,1794.9404444357126,1737.2154375668824,1743.6734875206625,3059500
2026-01-08,1749.336669921875,1767.1211703866902,1746.3560314512074,1754.6025130663838,1910656
2026-01-09,1718.7354736328125,1753.8075792337372,1715.8541656008417,1753.8075792337372,1585689
2026-01-12,1724.7960205078125,1733.0425016073348,1703.037336776016,1720.9211664817421,2327272
2026-01-13,1717.5430908203125,1732.545733923659,1701.050249852691,1731.7508485323951,1770082
2026-01-14,1689.723876953125,1725.8889808162357,1678.2980963081786,1725.8889808162357,2479677
2026-01-15,1689.723876953125,1689.723876953125,1689.723876953125,1689.723876953125,0
2026-01-16,1658.129150390625,1696.9767795776202,1648.5911318579272,1696.9767795776202,3697596
2026-01-19,1664.587158203125,1676.4103810354632,1589.6737580963386,1639.3510630368492,2975272
2026-01-20,1603.384765625,1663.2955234676385,1592.4557583823232,1663.2955234676385,5019166
2026-01-21,1602.4906005859375,1634.3834075652107,1597.3240878654785,1626.4350384098784,3947877
2026-01-22,1623.653076171875,1635.8737423777015,1602.788606940213,1603.6828227352105,2279862
2026-01-23,1621.367919921875,1638.2582037789198,1614.9098702118285,1629.4156191502054,1678658
2026-01-27,1628.32275390625,1647.4981211771765,1611.8299126357558,1647.4981211771765,2666522
2026-01-28,1600.205322265625,1638.655629053745,1589.6737578761918,1629.316271469726,4124391
2026-01-29,1579.04296875,1614.5125183320524,1573.4790131992938,1614.5125183320524,5796513
2026-01-30,1585.004150390625,1596.1318182576413,1574.8699073464832,1579.042873758477,3962196
2026-02-02,1617.393798828125,1623.4544060753358,1587.8854054586088,1623.4544060753358,2721280
2026-02-03,1691.1148681640625,1713.8670991278223,1660.2156073290382,1698.8645766035488,8520586
2026-02-04,1693.4000244140625,1717.8412346118464,1684.3587790147078,1703.8322586323532,3952775
2026-02-05,1702.5999755859375,1710.0,1684.300048828125,1699.0,3074842
2026-02-06,1695.0999755859375,1709.0,1689.5999755859375,1709.0,1277116
2026-02-09,1704.5999755859375,1713.4000244140625,1696.0,1706.699951171875,2647031
2026-02-10,1707.800048828125,1719.800048828125,1702.0999755859375,1709.5999755859375,1869988
2026-02-11,1711.0999755859375,1716.699951171875,1702.5,1715.0,1175501
2026-02-12,1714.9000244140625,1719.0,1701.199951171875,1714.800048828125,1359444
2026-02-13,1697.5,1719.0,1694.5999755859375,1714.9000244140625,1148165
2026-02-16,1700.5,1715.0,1693.4000244140625,1697.5,1247403
2026-02-17,1717.0999755859375,1719.0,1693.9000244140625,1696.0,1053855
2026-02-18,1724.4000244140625,1730.5999755859375,1717.0999755859375,1720.4000244140625,1262429
2026-02-19,1713.4000244140625,1727.0,1710.0,1722.199951171875,1143429
2026-02-20,1724.4000244140625,1727.0,1708.0999755859375,1710.0999755859375,1203988
2026-02-23,1732.300048828125,1735.800048828125,1720.199951171875,1732.9000244140625,1550400
2026-02-24,1731.800048828125,1745.9000244140625,1723.699951171875,1732.0,2769363
2026-02-25,1764.199951171875,1770.4000244140625,1733.4000244140625,1742.0,1200997
2026-02-26,1785.699951171875,1792.199951171875,1760.300048828125,1764.199951171875,2076586
2026-02-27,1737.0,1788.0999755859375,1730.9000244140625,1779.0,3041489
2026-03-02,1752.5,1759.9000244140625,1712.0,1712.0,3919270
2026-03-04,1750.5,1757.199951171875,1721.0,1721.199951171875,4914857
2026-03-05,1784.5,1794.9000244140625,1748.0,1750.0,3600895
2026-03-06,1799.4000244140625,1805.5999755859375,1771.800048828125,1784.5,3669921
2026-03-09,1807.4000244140625,1815.0,1770.0,1772.9000244140625,4112775
2026-03-10,1812.800048828125,1825.0999755859375,1803.300048828125,1810.0,3298680
2026-03-11,1825.9000244140625,1843.0,1818.0999755859375,1823.0,2510495
2026-03-12,1825.300048828125,1833.5999755859375,1808.4000244140625,1828.0,2606057
2026-03-13,1801.5999755859375,1833.300048828125,1797.0,1822.0,2554627
2026-03-16,1783.199951171875,1818.0,1768.800048828125,1801.5999755859375,2452391
2026-03-17,1794.4000244140625,1806.0999755859375,1781.0999755859375,1794.0999755859375,1979497
2026-03-18,1778.300048828125,1805.0,1773.199951171875,1799.5999755859375,2436459
2026-03-19,1744.4000244140625,1784.0,1737.9000244140625,1760.5,2301164
2026-03-20,1777.0999755859375,1781.300048828125,1754.300048828125,1755.0999755859375,3591446
2026-03-23,1758.4000244140625,1775.0,1741.0999755859375,1774.800048828125,2783613
2026-03-24,1753.300048828125,1779.9000244140625,1745.0999755859375,1775.0,2040132
