Price,Close,High,Low,Open,Volume
Ticker,TCS.NS,TCS.NS,TCS.NS,TCS.NS,TCS.NS
Date,,,,,
2021-03-24,2743.687255859375,2771.1144147890072,2734.940268188996,2734.984264961801,2207104
2021-03-25,2694.239013671875,2752.258091028489,2681.1846354192803,2735.8631775195627,3179786
2021-03-26,2695.953369140625,2740.962068326735,2675.0752905252434,2716.9192266843957,3697370
2021-03-30,2776.6083984375,2802.892712023387,2690.766409978978,2710.194095407423,4694008
2021-03-31,2793.574951171875,2817.441806052853,2753.269184573334,2773.487955724415,3530069
2021-04-01,2782.279052734375,2826.2329082278093,2764.6975105370016,2805.2230511493217,4285076
2021-04-05,2847.242919921875,2868.428765267552,2769.9721236157084,2787.5536667678234,5317862
2021-04-06,2869.92236328125,2878.9768984351203,2839.4184372352483,2878.9768984351203,2291562
2021-04-07,2875.812744140625,2881.219197086175,2843.6386509952085,2864.912273928864,2491268
2021-04-08,2916.206298828125,2931.7219227066266,2871.1096038400187,2874.581915217592,2578118
2021-04-09,2920.513671875,2948.7321304719153,2907.986824159079,2948.424367663105,2911129
2021-04-12,2853.96728515625,2934.4468220123777,2824.649983332408,2920.5133666529578,3791828
2021-04-13,2728.69921875,2825.3536995556697,2701.4478296130287,2825.3536995556697,8654596
2021-04-15,2829.704833984375,2845.791985824758,2714.1062098015173,2778.1470543691926,6062760
2021-04-16,2808.78271484375,2854.3629419100944,2797.7504704864327,2838.539556337448,3224657
2021-04-19,2779.465576171875,2803.376426569832,2755.994264254095,2785.794887362746,2679106
2021-04-20,2764.3017578125,2835.331225793192,2748.302598557501,2835.02346298085,3141893
2021-04-22,2741.66552734375,2767.3345341010545,2729.753990475635,2767.3345341010545,1988980
2021-04-23,2733.489501953125,2741.840732140793,2717.270576775486,2729.5336560747555,1615309
2021-04-26,2725.841796875,2771.7295698556877,2714.6335659788188,2726.9406430412923,2490260
2021-04-27,2753.269287109375,2756.873588817901,2727.7760529694733,2730.4132840873945,1471417
2021-04-28,2746.32421875,2769.9713014232066,2735.687302452878,2769.0482277580213,1639037
2021-04-29,2738.544677734375,2775.5539060045367,2729.9736768169814,2765.224751052806,1621395
2021-04-30,2668.570068359375,2753.3132218090022,2654.812598851763,2724.259683391263,3072305
2021-05-03,2669.7568359375,2685.5802218600797,2640.7472950794368,2659.1199184421807,1545831
2021-05-04,2680.96435546875,2716.347195146631,2667.997973226545,2692.436350138913,1990777
2021-05-05,2721.358154296875,2724.6106957094466,2683.294083870649,2698.765922236356,1939289
2021-05-06,2735.203857421875,2755.0270850191914,2702.2824694795772,2729.9733926378744,1791671
2021-05-07,2754.059814453125,2777.7511075730526,2735.51142144039,2754.147807986654,1912540
2021-05-10,2765.136474609375,2781.575170224942,2747.115397601112,2765.5320163029514,2137153
2021-05-11,2745.005859375,2749.8407827575666,2717.358716701784,2747.1155582763954,2415625
2021-05-12,2714.238037109375,2742.720044026913,2699.2937291771773,2742.720044026913,1978558
2021-05-14,2682.503173828125,2723.8197883357184,2672.393789427331,2723.8197883357184,2043935
2021-05-17,2698.546142578125,2703.3370684555102,2668.8772990853286,2685.579759125718,2890462
2021-05-18,2715.29248046875,2746.235941106845,2705.798408043172,2725.1380977692766,2098538
2021-05-19,2709.31494140625,2740.961709054084,2696.216781754915,2711.073095164463,1986041
2021-05-20,2689.975830078125,2715.293292579016,2683.0312070831365,2696.2173631129313,2329027
2021-05-21,2707.99609375,2714.7649422146983,2685.6676287837586,2690.854096078153,1685566
2021-05-24,2708.875244140625,2729.5335495883955,2700.52401427876,2708.875244140625,1652260
2021-05-25,2750.83544921875,2763.42356904899,2722.655814602885,2731.4011589545203,1841613
2021-05-26,2790.146728515625,2795.88867999112,2741.826041540108,2756.136708237692,1923753
2021-05-27,2809.13818359375,2842.4856573140846,2793.0607691986384,2793.193189449468,5959785
2021-05-28,2776.984619140625,2825.0402519814484,2769.961597949591,2817.5315458708037,1763701
2021-05-31,2790.720458984375,2800.6144542582383,2763.7334632434854,2782.637645424478,1652799
2021-06-01,2785.287841796875,2800.261039677647,2766.736923725916,2799.068610059735,1377441
2021-06-02,2764.484130859375,2790.9854410639764,2751.719376244468,2783.388528206253,2240078
2021-06-03,2774.908447265625,2786.657406387697,2758.4775461573736,2786.657406387697,1281706
2021-06-04,2777.11669921875,2788.689025250581,2760.5533789450797,2763.203510188867,1836060
2021-06-07,2811.965576171875,2818.370059314613,2768.1502071066175,2778.2206184706743,2559821
2021-06-08,2826.939208984375,2854.1914794488234,2815.4995183950705,2825.0400344405252,2574057
2021-06-09,2827.027587890625,2844.4742857613664,2814.616096398298,2828.5734978285386,1710925
2021-06-10,2841.6474609375,2848.007732839972,2820.6230431011263,2835.640453603074,1874324
2021-06-11,2891.99951171875,2923.0943373291366,2836.523395939516,2837.0092963972816,3452954
2021-06-14,2894.25244140625,2922.8295591519113,2888.952179184316,2896.593304286982,1847360
2021-06-15,2882.23828125,2913.377320224504,2872.3445020711756,2913.377320224504,1304985
2021-06-16,2892.486328125,2910.4629254092747,2873.6261379397656,2881.6649570245504,1635552
2021-06-17,2930.82373046875,2946.9895709854272,2879.808714137028,2884.6672871210017,2273413
2021-06-18,2912.759033203125,2966.3799741161924,2893.059682915584,2960.1079111317467,3380431
2021-06-21,2891.380859375,2902.7763344939044,2872.4764653489665,2884.2254206094335,1130569
2021-06-22,2916.204345703125,2939.0397292718317,2901.8936802765033,2918.677844637311,1708688
2021-06-23,2881.04541015625,2940.7617764131733,2876.6285255416315,2940.7617764131733,1467104
2021-06-24,2980.1611328125,2988.464791457915,2896.151882587873,2901.010456738928,4155204
2021-06-25,2986.52099609375,3003.17252309465,2959.312941438819,2981.618210624291,2722861
2021-06-28,2947.608154296875,2995.973044219031,2944.2954906035766,2995.973044219031,1355238
2021-06-29,2951.230224609375,2973.7121267952775,2938.553678014563,2952.2460219223417,1497322
2021-06-30,2955.55908203125,2987.5815035282635,2949.1545977318474,2955.779926317436,1693146
2021-07-01,2951.80419921875,2969.913427434816,2943.7213860627653,2966.3799194902176,990310
2021-07-02,2937.62646484375,2950.2145890791703,2910.904306379086,2942.5292511006683,1682274
2021-07-05,2933.69482421875,2980.513802142145,2916.910662321684,2952.245739999718,1972858
2021-07-06,2881.84130859375,2939.8791439938736,2876.364413418277,2926.6284867943823,2159420
2021-07-07,2893.015380859375,2899.8615524149545,2863.554888146933,2893.059592841762,2640710
2021-07-08,2878.48388671875,2913.377277397096,2854.985972804783,2913.377277397096,2485811
2021-07-09,2834.006103515625,2899.2435873844856,2827.6900436373367,2870.9755207189455,6365067
2021-07-12,2820.710693359375,2858.607473787245,2816.5146533406823,2857.7240969412046,1892226
2021-07-13,2815.808837890625,2839.174120044837,2804.7224116808825,2839.174120044837,1809339
2021-07-14,2839.6591796875,2846.240294279619,2813.5553498698278,2815.3221036217087,2044279
2021-07-15,2835.587158203125,2861.1725983413016,2827.6637229336393,2857.410052686177,2232968
2021-07-16,2828.37255859375,2850.5494928663315,2825.8936612771254,2844.485066943422,1256526
2021-07-19,2819.341796875,2832.7983868188567,2811.728089019713,2815.2693082754054,1597058
2021-07-20,2838.110107421875,2846.2548681714516,2794.1545954042767,2819.3416893105386,1811945
2021-07-22,2847.4501953125,2855.0636869502946,2824.122327250977,2824.122327250977,2859334
2021-07-23,2844.35205078125,2869.760259222906,2838.8629872655824,2859.534943981816,1776193
2021-07-26,2830.806640625,2854.444237512469,2824.8751412021347,2832.9755943366367,1259611
2021-07-27,2817.88134765625,2841.8288897839234,2798.581656516541,2832.975840283039,1121367
2021-07-28,2831.028076171875,2836.9152673506533,2773.129005543344,2822.3520448513914,1660654
2021-07-29,2829.25732421875,2855.5065269494357,2824.388147472567,2833.1968876310666,1731997
2021-07-30,2804.1591796875,2853.7805664074917,2799.6442540307867,2849.7966940486167,2999943
2021-08-02,2850.149658203125,2855.0188337003055,2803.759781740064,2815.268742006127,2608669
2021-08-03,2908.1376953125,2912.652836316746,2849.751886091919,2858.6492426950676,3804735
2021-08-04,2898.443603515625,2926.109378484922,2887.1559673281517,2921.505836757805,2929598
2021-08-05,2907.29736328125,2934.7861272484197,2888.307613920956,2899.373926617971,2534521
2021-08-06,2930.18212890625,2942.7534149481066,2890.5204271376556,2897.2045221954145,2292362
2021-08-09,2941.602294921875,2954.26219713046,2930.3589668869713,2942.6646174826997,1510489
2021-08-10,2951.51806640625,2965.682945510539,2935.3171588418413,2935.3171588418413,2040777
2021-08-11,2960.636474609375,2974.624334648893,2945.4978911610087,2965.7712860338665,1929707
2021-08-12,2967.3203125,2981.706515253226,2944.523714291042,2944.523714291042,1310205
2021-08-13,3066.1650390625,3080.861187504432,2972.4113324845202,2975.2885735360687,4363584
2021-08-16,3074.619140625,3093.564792280831,3042.34982516594,3063.1544871451047,2083489
2021-08-17,3145.532470703125,3152.3935833564606,3065.810724967882,3082.720134220687,4336019
2021-08-18,3152.172119140625,3182.670826952774,3130.96911193571,3163.9467164708954,2631309
2021-08-20,3151.2421875,3164.9644108196376,3098.5665560471975,3103.878384428993,2836148
2021-08-23,3220.207763671875,3251.7247026771975,3153.3672477306477,3169.3913519151556,3744176
2021-08-24,3198.783447265625,3246.7228346734682,3182.139672824167,3237.559843001873,2511141
2021-08-25,3239.330078125,3273.6356371649954,3193.338539620441,3195.950145403457,2123263
2021-08-26,3250.706298828125,3264.6498484951503,3229.5030773757558,3240.2153511945357,1902533
2021-08-27,3293.466552734375,3301.744239038429,3232.33642943804,3245.5273844523076,3944728
2021-08-30,3276.77880859375,3311.3500054128417,3264.650175657606,3288.907441529894,2033114
2021-08-31,3352.162109375,3367.787867811746,3278.681815520326,3283.9493355267155,3207480
2021-09-01,3288.86328125,3378.943051708718,3281.8251507662603,3360.6172841404705,2643336
2021-09-02,3396.69287109375,3416.5236102881754,3295.1041548735093,3305.727811471704,3403717
2021-09-03,3401.385009765625,3414.531655047008,3368.186083087115,3386.290521208027,1746812
2021-09-06,3410.1943359375,3432.858226910187,3376.552751107379,3408.1580915226373,1723693
2021-09-07,3378.234375,3426.0851408991393,3371.461879985868,3420.817620761608,1585039
2021-09-08,3341.2734375,3377.4382295061014,3325.2052398492574,3373.011704958911,4147175
2021-09-09,3356.544921875,3371.860739920555,3333.172958897649,3355.0399467680836,1441148
2021-09-13,3404.306640625,3410.5478660799704,3334.9429283566787,3334.9429283566787,1691473
2021-09-14,3440.20654296875,3449.5908622331617,3386.2915560225442,3408.3798720948303,1991188
2021-09-15,3500.982177734375,3523.513141909009,3422.588393623173,3436.8418875120715,2461369
2021-09-16,3455.610595703125,3525.062720600188,3445.6952242336656,3479.2481928696525,2946666
2021-09-17,3388.814208984375,3492.527584251267,3368.584906990132,3470.3949633117786,6477148
2021-09-20,3384.962890625,3427.014868473748,3371.1079570103802,3372.1259710711715,2002008
2021-09-21,3419.888427734375,3427.5021361240147,3383.325293125468,3415.506211825673,1568129
2021-09-22,3419.1796875,3449.8999355392543,3410.592274568024,3419.489630621101,1744067
2021-09-23,3425.466064453125,3434.0977874300374,3395.1443709188434,3426.130043143657,2003869
2021-09-24,3427.280517578125,3491.9961688146536,3412.850006101466,3443.8356741205457,2320754
2021-09-27,3396.870361328125,3456.230094055496,3366.7256883097275,3452.6888746968325,1673362
2021-09-28,3345.69921875,3408.423144104183,3320.9993037196923,3408.423144104183,2253075
2021-09-29,3356.98779296875,3369.470679366263,3295.237771979313,3328.5696334225463,2489161
2021-09-30,3342.5126953125,3368.5848793374157,3319.981730608833,3368.5848793374157,2252412
2021-10-01,3302.364013671875,3373.0113819065105,3297.760471811483,3348.001520610222,1578374
2021-10-04,3340.52099609375,3349.6837720532653,3282.2235824322406,3297.583708781848,1356860
2021-10-05,3393.63916015625,3399.570659485388,3312.456747791628,3323.4344415906635,1877966
2021-10-06,3373.807861328125,3415.01884159684,3359.7316019415425,3396.0290975092903,1678154
2021-10-07,3446.4033203125,3451.8037665978186,3381.9089887502187,3390.717729179186,1647233
2021-10-08,3484.25,3532.277788850689,3452.688968067958,3474.821589658137,2934339
2021-10-11,3262.879638671875,3326.532970873897,3240.21574807677,3324.319708750894,11845402
2021-10-12,3233.8857421875,3281.8249109047315,3214.1877102836343,3280.9396061000634,5752877
2021-10-13,3235.966064453125,3253.893486668199,3226.9359987133057,3231.3625227170273,3545655
2021-10-14,3203.368896484375,3255.3029971474057,3200.4861349746393,3215.387837781838,6442299
2021-10-18,3235.034912109375,3239.957825124647,3194.4988931682005,3196.27290026894,3590107
2021-10-19,3223.503662109375,3273.1316808571055,3215.565024146303,3254.4158205064023,3135441
2021-10-20,3201.063232421875,3219.823273135636,3173.9652274047326,3203.8572073184346,2933693
2021-10-21,3133.340087890625,3199.820961660556,3114.4912621672916,3196.849629655158,4871211
2021-10-22,3103.4921875,3159.1516554194964,3091.207102780001,3157.7323632415505,2691670
2021-10-25,3098.259033203125,3117.4183966686946,3060.162273714988,3107.173462267711,2595594
2021-10-26,3089.078369140625,3130.2352434991762,3082.3370561517813,3099.633623805007,3878763
2021-10-27,3095.42041015625,3114.490985073754,3089.433136635638,3089.433136635638,2510813
2021-10-28,3035.01513671875,3120.478002048936,3029.116650652961,3120.478002048936,2424942
2021-10-29,3013.81591796875,3069.9188851710232,3003.349234136505,3015.8560691777293,3960501
2021-11-01,3083.579345703125,3092.9816708421895,3027.2990084532134,3049.4740992966476,2020718
2021-11-02,3090.498291015625,3116.5763300888443,3077.6811306839054,3099.190970706698,3087414
2021-11-03,3097.638427734375,3122.1639914892903,3074.3989759325955,3108.2380778051174,1537639
2021-11-04,3112.18505859375,3116.2653617280953,3108.9475821125666,3115.999217340445,328991
2021-11-08,3106.9521484375,3147.089065064949,3087.8371757716013,3147.089065064949,2526082
2021-11-09,3109.568115234375,3135.5573609997723,3100.964224626649,3111.60826658761,1782692
2021-11-10,3090.586181640625,3121.9860173269394,3086.949380853607,3102.738085663698,1516489
2021-11-11,3094.04541015625,3113.426522280305,3047.743873089987,3086.7720251318847,1284514
2021-11-12,3127.618896484375,3134.803495274356,3091.8282167841194,3109.83443207749,1747259
2021-11-15,3151.7900390625,3166.2482415297136,3129.348803932194,3129.348803932194,1809157
2021-11-16,3154.539306640625,3171.525554383202,3141.7665422714635,3165.7156378788404,2013204
2021-11-17,3123.937255859375,3160.260219123125,3110.188702860013,3149.3944272365325,1632914
2021-11-18,3082.9580078125,3123.00634559004,3061.5813534905255,3117.950252419845,2136598
2021-11-22,3067.613037109375,3118.6601354949016,3051.5584025436406,3085.35310837777,3167936
2021-11-23,3072.802001953125,3087.614917705007,3022.730695618105,3055.7271838719826,2153461
2021-11-24,3054.219482421875,3098.3479107016587,3037.1002699493474,3079.8537993639643,2161746
2021-11-25,3056.525634765625,3071.6934830271994,3046.014771982266,3054.7516275562534,1849619
2021-11-26,3057.36767578125,3095.6417848667024,3026.3667345208983,3037.986565377781,1941251
2021-11-29,3106.286376953125,3130.546010236377,3021.5331459445556,3057.634146477923,2981745
2021-11-30,3130.368408203125,3161.0588168343756,3096.529310296403,3096.529310296403,5588446
2021-12-01,3173.521484375,3184.3428848512376,3135.5576874510098,3135.5576874510098,2102118
2021-12-02,3231.264892578125,3235.788696950229,3170.2392263609663,3183.6328489847224,3152938
2021-12-03,3229.09228515625,3251.7108774665157,3220.5771803363205,3234.4143068763124,2486263
2021-12-06,3136.79931640625,3244.6590363859564,3124.02655170895,3229.092080530519,1849642
2021-12-07,3179.46337890625,3191.4379236447726,3126.065822716287,3159.9493059990277,1484458
2021-12-08,3217.072998046875,3234.4139602705127,3194.099693371914,3194.099693371914,1428660
2021-12-09,3194.764892578125,3224.036008412116,3163.054517091301,3202.082671536623,1567957
2021-12-10,3225.8544921875,3230.46686724847,3171.126417511061,3179.907665866492,1510718
2021-12-13,3201.772216796875,3248.2069383784756,3194.7205820190884,3237.562895980731,1883864
2021-12-14,3214.323974609375,3224.2583725014038,3172.5460147156205,3197.6482621368805,1747007
2021-12-15,3166.9130859375,3213.613734373968,3156.0914698132124,3210.952723829358,1603233
2021-12-16,3176.89208984375,3200.7080058928564,3166.6027617555383,3177.246804652196,2072320
2021-12-17,3179.33154296875,3238.7607860882194,3169.884824391468,3195.4305722072777,4333992
2021-12-20,3154.982666015625,3198.5346245351966,3113.5152523447928,3183.4555650185303,2312310
2021-12-21,3200.574951171875,3229.7572813308107,3163.4093725133384,3177.8231801936154,2340989
2021-12-22,3220.488037109375,3225.8544517275404,3198.756450823021,3214.500763336604,1224328
2021-12-23,3248.828125,3255.746796566607,3219.823149853367,3235.7892150592515,1792861
2021-12-24,3256.10107421875,3286.3479803080686,3232.950412710677,3268.607910238929,2209923
2021-12-27,3278.45361328125,3281.9128401940757,3240.312464057373,3256.1897395547167,1534135
2021-12-28,3287.72314453125,3304.088317180793,3276.458242438429,3290.783263554562,1456218
2021-12-29,3277.211669921875,3299.608507488964,3268.607779592957,3275.0385547359824,1456923
2021-12-30,3311.849609375,3317.393381737529,3264.173167057248,3265.3707085089977,1966475
2021-12-31,3315.9296875,3335.133227039575,3309.676269388582,3319.8768098436235,1207141
2022-01-03,3386.357421875,3397.2232141395452,3321.827920875352,3326.262938126187,2346158
2022-01-04,3445.787109375,3449.689838451158,3380.9914554484494,3398.1994545927564,2488606
2022-01-05,3424.67626953125,3432.703694867435,3381.6122044154104,3428.2686771738076,1733031
2022-01-06,3377.221435546875,3401.658425302727,3345.777204756685,3381.257344785918,1810293
2022-01-07,3418.06787109375,3428.1796240286867,3367.419886343486,3388.3532548535422,2460591
2022-01-10,3441.440673828125,3528.499982192148,3424.7205709512023,3528.499982192148,3937092
2022-01-11,3473.41748046875,3481.4893002449076,3420.2860488520673,3420.2860488520673,1906106
2022-01-12,3423.744873046875,3485.0369042039447,3403.0334703465164,3481.4888900484816,3203744
2022-01-13,3457.450927734375,3479.7148026675522,3421.1725704534156,3475.2797850755724,6684507
2022-01-14,3519.762939453125,3527.613007244821,3423.877988650264,3439.6666946537052,3348123
2022-01-17,3565.000732421875,3586.155856684168,3514.574703449158,3541.5395285376235,3442604
2022-01-18,3539.67626953125,3585.002018651542,3530.2739457678194,3578.1277414958386,2389041
2022-01-19,3478.40966796875,3564.9112784096897,3474.722221889604,3564.9112784096897,3102539
2022-01-20,3400.127685546875,3483.1637786694,3386.3105001298686,3474.2781567850393,6176776
2022-01-21,3406.302734375,3422.341323309093,3350.8565473453277,3382.7558392501955,3112358
2022-01-24,3351.078857421875,3420.653098273078,3323.3112910112377,3412.078560539118,3258414
2022-01-25,3349.790283203125,3384.888487297155,3307.4059130384235,3349.434945125185,3330501
2022-01-27,3242.58544921875,3317.35786790561,3221.1267599154967,3315.225405503914,5718297
2022-01-28,3278.838623046875,3314.1589665493984,3239.6974191245527,3239.6974191245527,3143862
2022-01-31,3319.890380859375,3339.216607900845,3306.695145967757,3331.219548435409,2739393
2022-02-01,3377.114013671875,3383.6450329539907,3320.023889363237,3349.8796676041347,2105169
2022-02-02,3426.4736328125,3433.4044616031847,3377.11395747897,3401.3272782809076,1984212
2022-02-03,3398.395263671875,3449.842931105823,3390.7980130574983,3421.8532202674887,1960538
2022-02-04,3389.775634765625,3398.483587159522,3348.990719148999,3390.1311897835267,2307366
2022-02-07,3357.876953125,3404.7930862511803,3337.5732176667893,3368.5397007930337,1919149
2022-02-08,3326.287841796875,3376.2694613033686,3306.339665487328,3369.02776676185,2946443
2022-02-09,3341.482177734375,3356.9430711731097,3328.6424990482747,3332.1078043912007,1638721
2022-02-10,3350.19091796875,3367.473411128061,3339.217086910007,3367.473411128061,2112459
2022-02-11,3283.192626953125,3334.329421359059,3278.794287758808,3334.329421359059,3851488
2022-02-14,3317.6689453125,3370.538393520359,3296.565594137094,3309.005464303649,5951745
2022-02-15,3392.3525390625,3407.6357642925827,3330.3308590791657,3364.09621997698,3931683
2022-02-16,3388.1767578125,3424.6078095847042,3381.867879146584,3415.633244203749,3256906
2022-02-17,3362.496826171875,3407.6358265307354,3357.8763464040803,3398.750205079547,3134372
2022-02-18,3371.11572265625,3390.7085606865603,3338.8610914162996,3348.990612757656,3688883
2022-02-21,3304.91796875,3401.238235819317,3292.6115131522834,3385.421786187314,7465922
2022-02-22,3186.739501953125,3259.1573238584433,3172.1671681225203,3243.2521466798876,5408531
2022-02-23,3166.658203125,3219.1721021582184,3159.4162905968537,3208.598298112839,2426203
2022-02-24,3022.5771484375,3095.617125825377,3013.2029919298166,3086.8647024601314,5039136
2022-02-25,3128.4052734375,3136.6244735452315,3076.20224572623,3081.533618769083,2549723
2022-02-28,3158.1279296875,3166.61374262665,3070.7822164584545,3101.082276188568,3288942
2022-03-02,3150.974853515625,3173.899802351873,3115.299166886402,3156.617310428963,2761341
2022-03-03,3149.419921875,3179.808924080417,3136.713655369363,3165.8140687773425,1928039
2022-03-04,3131.604248046875,3164.347634660531,3098.4608348995284,3111.3005151866846,2370257
2022-03-07,3096.55078125,3152.619151122834,3049.146111040598,3065.540042664537,3054130
2022-03-08,3198.77978515625,3206.8213172994006,3074.4255355655105,3074.4255355655105,3300992
2022-03-09,3227.791259765625,3246.8064048099586,3196.202828942838,3203.2668553201697,2719654
2022-03-10,3217.439453125,3273.46334667686,3212.152551095779,3273.46334667686,2005441
2022-03-11,3198.068603515625,3234.2332591475283,3192.4708351186337,3201.7117953641396,1623423
2022-03-14,3237.031982421875,3241.7858768007827,3181.0525657618205,3181.0525657618205,1765688
2022-03-15,3193.4033203125,3251.2488011709297,3185.8505422829967,3251.2488011709297,3651133
2022-03-16,3248.494140625,3259.2458289609194,3213.262739634658,3234.810370864838,3090475
2022-03-17,3263.466552734375,3296.565491973189,3252.4039976373524,3284.6588462421337,3600452
2022-03-21,3222.54833984375,3300.075388245015,3212.1522059664503,3284.1257408719225,2413831
2022-03-22,3288.524169921875,3297.4542632536477,3221.0379154660395,3234.366348219692,2907611
2022-03-23,3298.6982421875,3314.159354710851,3278.794535574468,3294.7886552601967,1596195
2022-03-24,3331.97509765625,3339.394461966447,3283.2373735512606,3287.6801846115463,1879046
2022-03-25,3294.2998046875,3358.320753023483,3262.80031885229,3340.904847554434,1690133
2022-03-28,3294.521728515625,3299.2311511378443,3253.2035899409116,3283.237032979891,1760990
2022-03-29,3292.43408203125,3307.228556100982,3279.6831275036875,3283.0152358017476,2689063
2022-03-30,3315.714599609375,3321.4457828944737,3293.1894591716236,3321.4457828944737,1583455
2022-03-31,3323.178466796875,3336.2402889696646,3305.62936170827,3323.2229382978535,2168110
2022-04-01,3339.883056640625,3343.659445863298,3312.604241407199,3330.331013312687,1387014
2022-04-04,3350.19091796875,3358.765457296388,3320.646221816606,3342.7713360711673,1472994
2022-04-05,3389.68701171875,3408.1691482536567,3351.656507431064,3351.656507431064,2314947
2022-04-06,3336.8623046875,3384.8001942913256,3315.358924868198,3384.8001942913256,2051729
2022-04-07,3273.596923828125,3328.110311254703,3269.020914458965,3328.110311254703,2494829
2022-04-08,3274.92919921875,3292.122964633607,3236.58782690362,3278.79453157841,2296773
2022-04-11,3284.4814453125,3298.654186881885,3248.6725598448093,3278.794733632162,2291660
2022-04-12,3279.771728515625,3322.333767297896,3241.78569787856,3272.574288568642,4483476
2022-04-13,3253.8701171875,3296.432374272563,3248.1834062092184,3293.89988537501,1621672
2022-04-18,3134.891845703125,3207.7094730408703,3129.960282212317,3207.7094730408703,3820792
2022-04-19,3084.99853515625,3166.4353782692338,3055.8981276363893,3154.3953189467165,3170014
2022-04-20,3160.437744140625,3171.4113559966663,3092.1961309669464,3109.9673730989402,2640370
2022-04-21,3224.28076171875,3237.9202766610933,3169.8563333582965,3181.052302537518,2280996
2022-04-22,3209.975341796875,3213.929400104954,3173.4998209772857,3182.0301046657846,1581465
2022-04-25,3152.796142578125,3184.606710585191,3139.3789844211183,3161.5040949392046,1960694
2022-04-26,3151.10791015625,3188.071964429589,3126.094756154156,3176.7427973254776,1943469
2022-04-27,3164.347412109375,3170.789487548089,3115.5654379746916,3150.841311128136,1727648
2022-04-28,3184.873046875,3202.7330141868824,3143.777051447349,3188.1606831223926,1703660
2022-04-29,3151.463134765625,3219.4826064343897,3142.710928301958,3196.157851471607,2051115
2022-05-02,3147.642333984375,3152.573897085291,3103.5253119643658,3127.6496864948044,1324161
2022-05-04,3091.973876953125,3150.3523618271915,3079.1341983708458,3144.176898799808,2305825
2022-05-05,3121.8740234375,3139.2899275277423,3096.950029855675,3120.7190662444004,1612262
2022-05-06,3050.078369140625,3087.309034575563,3042.8809293147265,3073.536321944704,2010812
2022-05-09,3061.185546875,3070.8707875272926,2973.8843157191677,3019.3341828755033,2481830
2022-05-10,3055.54296875,3078.690055200708,3040.6595533442382,3051.32229870956,1622685
2022-05-11,3031.7744140625,3064.162464870448,3005.25074397707,3052.211345927517,1841769
2022-05-12,3028.79736328125,3065.2728838583857,2976.772221615572,3001.5630194609157,2807195
2022-05-13,3034.350830078125,3056.56488405373,3005.250419370082,3052.21101624816,2187823
2022-05-16,3000.496826171875,3047.7682909715472,2991.433535282342,3034.439858212196,1195813
2022-05-17,3066.9619140625,3080.645687568195,2977.039230107925,2994.4551390553265,1754076
2022-05-18,3064.473388671875,3105.5249193259233,3059.3641559719827,3078.8680530656147,1866781
2022-05-19,2898.4453125,3025.5541736674804,2870.055794697786,3018.4456763431513,4642963
2022-05-20,2926.03515625,2944.6060183878694,2905.6426983201104,2941.140712780899,3065125
2022-05-23,2951.58154296875,2966.820298209671,2902.932761610268,2936.5204567843207,2293690
2022-05-24,2921.592041015625,2954.3356395628116,2910.573958291516,2945.7164140697164,1711510
2022-05-25,2833.61328125,2945.610802185031,2821.4475663720973,2945.610802185031,3548046
2022-05-26,2886.66015625,2899.6758667069867,2845.153237526035,2854.501215690882,2813186
2022-05-27,2917.387939453125,2933.1318451391644,2888.672876025808,2910.1420170120946,3103153
2022-05-30,3019.322021484375,3029.475224891386,2939.7968210238773,2949.3236663458956,2094624
2022-05-31,3009.5712890625,3026.612246033562,2974.3707538356352,3000.44672887576,4840965
2022-06-01,3001.38623046875,3030.7274370567666,2987.8339209345313,3030.7274370567666,1493835
2022-06-02,3062.03564453125,3070.086570853418,2993.4239049980665,3001.206423430425,2657939
2022-06-03,3077.37841796875,3110.61099860063,3069.37225912101,3094.598462509698,1913622
2022-06-06,3069.147705078125,3088.8725211555457,3021.021005842092,3057.5633586184927,1084210
2022-06-07,3008.09521484375,3058.3241943557528,3002.1017895151595,3042.4012031637467,2308256
2022-06-08,3045.173828125,3053.9404374288993,2993.603251373876,3023.704687819316,2185707
2022-06-09,3065.704345703125,3074.5602801002638,2999.5078194513303,3028.043802193597,1279197
2022-06-10,3005.59033203125,3035.1999443400923,2998.5234934948394,3025.359920942585,1527582
2022-06-13,2880.085205078125,2945.7449039172147,2855.798109527881,2943.061261429589,3030921
2022-06-14,2871.989501953125,2897.3497923832656,2839.9198869193006,2853.606507263308,2611493
2022-06-15,2868.18798828125,2892.966912903787,2863.4468423639523,2879.101425225986,1404536
2022-06-16,2810.668212890625,2902.6725095727124,2802.6620565361654,2898.3338668891233,2032028
2022-06-17,2763.168212890625,2789.8705482213513,2704.9780616232238,2765.94139802819,5240434
2022-06-20,2784.18994140625,2807.761358689215,2745.3666618294546,2767.730352460193,1502769
2022-06-21,2873.2412109375,2896.3205753933885,2795.8180969780524,2799.9331019940714,2964461
2022-06-22,2883.08203125,2907.7716314048353,2847.344899703459,2862.462666195436,3336315
2022-06-23,2959.879150390625,2968.1089446533183,2883.082151369264,2883.082151369264,3692578
2022-06-24,2945.83447265625,2992.2614007537363,2931.879444236284,2986.894115729963,2132118
2022-06-27,2965.15673828125,3008.2738867735548,2957.821492005862,2996.734310666759,2037686
2022-06-28,2968.24267578125,2978.8431509287448,2927.49621220182,2958.2685585950026,1400046
2022-06-29,2943.5087890625,2981.5270609163695,2926.065111388372,2926.065111388372,2133994
2022-06-30,2922.576416015625,2961.757424365387,2911.75230319857,2926.959611694538,2719603
2022-07-01,2965.514892578125,2981.5272075648168,2909.1136216452282,2916.225231521543,1502879
2022-07-04,2893.90625,2968.0641585009434,2884.9607740218207,2962.7416439730086,2622535
2022-07-05,2877.13330078125,2926.9595551529096,2868.7691939118813,2911.752246950709,2170627
2022-07-06,2916.895751953125,2923.8284950575144,2864.564723358704,2879.101120190488,2182144
2022-07-07,2941.138427734375,2969.361229929666,2920.742698680176,2926.0652132459163,1989921
2022-07-08,2921.100341796875,2956.47974214826,2907.279625410543,2952.0070042630127,2136916
2022-07-11,2785.442138671875,2884.9157801887623,2778.464624268619,2868.053471913843,6974600
2022-07-12,2759.410888671875,2805.480089247644,2755.4301956021764,2786.4261820294582,3734815
2022-07-13,2718.306640625,2782.043159965035,2714.9520869755243,2776.675874125874,3863530
2022-07-14,2689.60546875,2741.85041032722,2661.1286121821595,2740.9535014589414,4764908
2022-07-15,2685.883056640625,2716.6468518893935,2648.571564686502,2707.3639776191076,4574806
2022-07-18,2747.68017578125,2759.7435556409487,2703.552305539903,2711.3553684957465,3202795
2022-07-19,2757.32177734375,2761.537204754879,2717.678453631059,2717.678453631059,1865074
2022-07-20,2838.537353515625,2844.950164613829,2778.668683955497,2787.4135458013584,3402251
2022-07-21,2849.74853515625,2855.757780661632,2819.9263158701324,2840.5103301995564,2420640
2022-07-22,2844.09814453125,2867.4177761168103,2819.4331495849838,2856.654869231167,2075886
2022-07-25,2840.2861328125,2857.9551935626573,2824.4557790199847,2838.716542307275,1797504
2022-07-26,2794.677734375,2842.213895536808,2777.277793161116,2838.44692278628,2639367
2022-07-27,2860.108154296875,2864.816926220991,2789.3867969525772,2793.871341642212,1389808
2022-07-28,2924.37109375,2927.5102744977767,2871.587924159354,2884.4586528139857,2106333
2022-07-29,2961.503173828125,2975.3157011729186,2937.376413925399,2950.8300463555915,2430257
2022-08-01,2958.722412109375,2984.0151932169347,2933.7883068868628,2984.0151932169347,1306913
2022-08-02,2952.444580078125,2971.369225326498,2934.371735466329,2950.8301003625766,1269114
2022-08-03,2995.226806640625,3003.7474398680797,2939.2148983239913,2941.860735373933,2895824
2022-08-04,3009.083984375,3038.6370840635946,2966.3912590118593,3004.6443298312643,2150567
2022-08-05,3018.143310546875,3028.861328010929,3009.129332388708,3014.6901237242273,1106933
2022-08-08,3026.574462890625,3030.565664056086,2992.0883564139904,3018.098716826462,1068836
2022-08-10,3008.456298828125,3036.036244028681,2991.190804678183,3036.036244028681,1878359
2022-08-11,3069.670654296875,3075.2314455811347,3027.1123715619956,3049.490204414719,1449248
2022-08-12,3050.88037109375,3066.5313868784974,3032.6730774737994,3066.5313868784974,1472354
2022-08-16,3042.942626953125,3062.8092894639904,3038.278744703972,3059.3561027853134,839942
2022-08-17,3050.4765625,3065.58934417508,3023.569298894891,3036.1260219106084,1622326
2022-08-18,3032.673095703125,3042.3148659889093,3015.4076000750924,3040.5210482613215,1430659
2022-08-19,3036.70947265625,3068.773967568001,3023.7042929018335,3037.8306088419754,1398410
2022-08-22,3008.725341796875,3035.229039600273,3002.3123127432127,3018.0979945979097,1536532
2022-08-23,2945.98681640625,2997.3795169400164,2932.8918599626186,2977.6924120107906,1849256
2022-08-24,2919.752197265625,2966.974358766676,2915.132985487199,2952.6238177327377,1691923
2022-08-25,2886.431884765625,2940.201524060297,2883.337593169555,2938.2732577100746,1946930
2022-08-26,2890.01953125,2921.23200171297,2885.1763112522453,2900.872215467774,1457962
2022-08-29,2809.611572265625,2818.7151085660375,2763.375882019418,2802.8398673517304,2539173
2022-08-30,2880.10888671875,2893.876525731647,2818.1775032098362,2829.7475402706787,3431525
2022-09-01,2808.84912109375,2861.13894561839,2799.2522411520363,2861.13894561839,3546935
2022-09-02,2807.682861328125,2836.922172062369,2798.624214988239,2836.922172062369,2052900
2022-09-05,2810.373779296875,2823.4238453556204,2791.404246893078,2801.6289190166253,2147912
2022-09-06,2804.6787109375,2817.056096189983,2786.112742544714,2812.2575465142127,1936453
2022-09-07,2824.904052734375,2835.935855830716,2782.211106134661,2782.211106134661,1291534
2022-09-08,2842.88720703125,2855.309482883852,2834.321902214568,2843.201212734981,1346113
2022-09-09,2885.9384765625,2900.1545684530834,2841.855497183731,2865.6235800858517,1561185
2022-09-12,2908.630859375,2932.7129524680436,2892.531387385331,2905.895243260765,1785928
2022-09-13,2896.432373046875,2927.016830182846,2892.5307323772486,2927.016830182846,1972678
2022-09-14,2798.714111328125,2817.549195989468,2792.794644674827,2811.8090673004745,5090269
2022-09-15,2784.3193359375,2814.2760067345016,2780.417694487118,2807.3249624982836,2138023
2022-09-16,2698.529296875,2775.3496622556345,2690.726234589064,2758.8912991986535,5322221
2022-09-19,2716.557373046875,2728.3965252199246,2679.7841128450286,2723.015072507459,2072220
2022-09-20,2726.8720703125,2762.4344192765325,2717.633865194194,2735.572042522209,1544295
2022-09-21,2691.802734375,2727.85842551412,2689.0671186515897,2715.839934791707,2253818
2022-09-22,2697.36376953125,2717.5891092550232,2672.1607605323097,2681.757642079149,2017983
2022-09-23,2674.626708984375,2710.9066231407205,2671.8910935769086,2694.3138117170306,2652374
2022-09-26,2685.70361328125,2713.9115701152955,2624.4449176434205,2654.715589532401,2925489
2022-09-27,2706.3779296875,2713.1496362102757,2669.2010966485227,2699.1577686794003,2227447
2022-09-28,2722.701416015625,2735.5272570862203,2672.7885232951976,2672.7885232951976,2739767
2022-09-29,2688.304931640625,2740.818988441174,2681.757453261362,2739.1596194850167,2493902
2022-09-30,2694.80712890625,2708.3952083772824,2645.9704930699468,2682.5195232802307,2817353
2022-10-03,2677.22802734375,2709.292518723233,2667.406919233083,2686.2420050783735,1763331
2022-10-04,2772.4794921875,2778.6234049291743,2711.355246320495,2717.588718557192,2145875
2022-10-06,2782.166015625,2801.942897089288,2773.645382615285,2790.2830834970473,1790816
2022-10-07,2748.935546875,2784.9016754249496,2742.8367425378724,2778.0850813198663,1939879
2022-10-10,2797.055419921875,2804.6342566739895,2695.2113659435045,2699.695910645574,3064063
2022-10-11,2753.106689453125,2820.778420484031,2738.5768094281584,2780.417520985849,4730645
2022-10-12,2781.08984375,2789.2964713334904,2746.3795184552414,2766.8737522836636,1665247
2022-10-13,2783.376953125,2789.3861979242265,2737.679496345662,2781.089792030079,2054781
2022-10-14,2779.65478515625,2825.2626846544204,2754.4068903408647,2820.7781407105244,2245977
2022-10-17,2798.178955078125,2813.15104677649,2761.9399421370213,2763.0189742303005,1517005
2022-10-18,2827.80859375,2837.385525165027,2813.2861167744586,2832.574556753205,1793722
2022-10-19,2807.261474609375,2840.6677838083356,2798.403970627268,2840.6677838083356,1194289
2022-10-20,2839.138671875,2841.5665487526157,2792.1089031255924,2792.1089031255924,1587601
2022-10-21,2821.244140625,2841.9264308188326,2811.8922363527845,2839.5885645200665,1021913
2022-10-24,2843.095703125,2857.753197352684,2837.0709054901563,2850.6493675283837,260949
2022-10-25,2843.455810546875,2863.3736710121602,2833.6090645469526,2860.0015578720813,2069643
2022-10-27,2839.22900390625,2854.1563112448976,2818.501925922069,2842.1965071167756,2438421
2022-10-28,2844.48974609375,2858.2030057564166,2828.078796005641,2832.574946714712,1355739
2022-10-31,2871.376708984375,2876.6372932566983,2857.573657696762,2876.6372932566983,1919414
2022-11-01,2931.220458984375,2933.8283581273604,2880.6387633413156,2890.575300348696,2991060
2022-11-02,2915.033935546875,2940.4821892267983,2897.364153326128,2940.4821892267983,1405955
2022-11-03,2883.6064453125,2902.760092489939,2873.0404904571415,2902.760092489939,1422652
2022-11-04,2893.182861328125,2895.565952837209,2847.0973182984712,2892.823257100407,1464013
2022-11-07,2907.84033203125,2916.0234137611046,2873.1301818756806,2903.6139944666893,1474498
2022-11-09,2891.968505859375,2922.317516475152,2879.019462940174,2922.317516475152,1162267
2022-11-10,2882.616455078125,2900.0166427500517,2850.5589945791207,2850.5589945791207,1573092
2022-11-11,2981.802001953125,3004.8673857085314,2927.038976756328,2940.1228186004687,3265394
2022-11-14,2999.3818359375,3011.5214416293475,2975.5522395794296,2989.040690348149,1342074
2022-11-15,2996.774169921875,3003.3833791047664,2960.26534186353,2986.3430134656087,1400708
2022-11-16,3017.232177734375,3028.5173412569106,2986.74814184375,3002.439665125464,1748235
2022-11-17,3011.521728515625,3021.413260021648,2983.4207867371497,3003.428657283424,1417986
2022-11-18,3006.5302734375,3023.8854550397373,2986.342605363755,3012.420273402162,1164540
2022-11-21,2952.621826171875,2997.763130116702,2943.179910784391,2987.691797611102,1304194
2022-11-22,2980.90283203125,2984.4997524987552,2927.2188379614577,2949.474783354145,1149739
2022-11-23,2974.922607421875,2994.435854215807,2959.3658847520182,2994.435854215807,1150011
2022-11-24,3039.5322265625,3051.042414583357,2974.9226821505467,2982.0715168131032,1296591
2022-11-25,3048.0751953125,3060.394823210972,3010.6223497742653,3042.0954030126463,1588981
2022-11-28,3053.111572265625,3072.669830625621,3026.404477171427,3026.8090868849404,2195437
2022-11-29,3054.99951171875,3083.460056975127,3042.0954717838595,3042.0954717838595,1576028
2022-11-30,3049.109130859375,3070.780442157209,3034.9012529379065,3042.0950929448704,3410702
2022-12-01,3125.408935546875,3129.320674205069,3075.366869477395,3079.8630198713677,2180856
2022-12-02,3092.587158203125,3119.3392540899144,3069.072378541606,3109.627744491306,2411749
2022-12-05,3080.672119140625,3092.586917220595,3063.6767591287817,3087.0567402668353,1475065
2022-12-06,3044.208740234375,3064.53120899408,3028.6070100128413,3057.427378941616,1166999
2022-12-07,3039.9375,3051.717283114325,3016.0178904534705,3028.8769253670016,1167505
2022-12-08,3012.91552734375,3039.9374364011487,3002.9339851801747,3021.413208083765,1285619
2022-12-09,2960.93994140625,3034.092398588754,2946.192655434108,3034.092398588754,1797896
2022-12-12,2955.27490234375,2963.8625942414624,2909.9987957113176,2927.443772922658,1527610
2022-12-13,2996.32421875,3000.2357373283435,2938.503688776715,2946.9563625323067,1378016
2022-12-14,3026.224365234375,3036.700308985312,3004.2380117667353,3011.3420618911446,1213311
2022-12-15,2972.045654296875,3025.6846448877172,2966.5152571554577,3020.33426940705,1415694
2022-12-16,2913.730224609375,2960.2653805768264,2900.1967681932483,2944.9784694377604,2703680
2022-12-19,2879.379638671875,2918.4511406152537,2872.590407855624,2901.815384614212,2120965
2022-12-20,2917.0576171875,2921.5987733776346,2844.84939183865,2876.5472548000416,1529971
2022-12-21,2939.17822265625,2952.2170574887764,2913.5051625782858,2921.5982324743363,1432566
2022-12-22,2931.220458984375,2962.0640968575535,2918.0918305939645,2962.0640968575535,1384101
2022-12-23,2903.029296875,2937.6496523348455,2892.822948424004,2892.822948424004,1360281
2022-12-26,2925.10546875,2942.2808512656748,2900.0620424940166,2903.0295456954937,870157
2022-12-27,2931.04052734375,2943.8995617533924,2905.8620844029233,2939.7630154548165,835883
2022-12-28,2928.88232421875,2936.975394780793,2900.916181461144,2922.317900855153,910795
2022-12-29,2939.358154296875,2941.8310368741036,2902.714530652486,2905.502231554976,1037927
2022-12-30,2928.5224609375,2966.5599359733387,2919.080545409243,2954.914950729539,1163131
2023-01-02,2932.7939453125,2937.649919541841,2909.1891553518903,2932.3893356780377,709547
2023-01-03,2977.665771484375,2985.4440242743467,2918.271577635895,2924.2963755843903,1245178
2023-01-04,2980.632568359375,2992.052964747602,2955.049519310616,2973.4837339189708,1231668
2023-01-05,2977.440673828125,3001.000456972908,2951.227986433968,2994.615835872255,1826057
2023-01-06,2887.922607421875,2968.8533202291715,2877.53645537055,2967.45946960088,2488376
2023-01-09,2985.3994140625,2991.739031210393,2896.555421767762,2903.6144670208473,2885060
2023-01-10,2955.2294921875,2965.6606483841506,2904.6030169681453,2953.970657956924,3864655
2023-01-11,2993.26708984375,3011.9711192058594,2941.5163554119845,2958.556940867891,2720512
2023-01-12,2998.347900390625,3012.4207633052556,2981.442331005253,2993.5369316546853,2250391
2023-01-13,3034.496826171875,3038.4983560091237,2971.9553319355296,3006.0360632064353,1742837
2023-01-16,3066.2255859375,3083.6532862672816,3033.1174683396407,3050.5451686694223,1843607
2023-01-17,3107.012939453125,3110.1399520710393,3054.223972942188,3062.501002679159,1688475
2023-01-18,3117.6806640625,3135.1083621018756,3101.3565248922614,3108.4839659384215,2421189
2023-01-19,3102.138671875,3114.9219938480996,3091.0105761214827,3108.4843044601644,1585044
2023-01-20,3092.942138671875,3121.9575463467286,3086.0446139576375,3094.689421787962,1529349
2023-01-23,3140.580810546875,3144.35154713911,3086.044562341497,3115.8417787971057,1067916
2023-01-24,3160.26171875,3174.654462857429,3142.787990669495,3149.8694039858374,1387863
2023-01-25,3154.23779296875,3159.0660598724853,3131.4759632797122,3150.1453068799115,874110
2023-01-27,3137.0400390625,3169.1824569748724,3110.599529591221,3150.789059081809,1785879
2023-01-30,3157.824462890625,3180.6323213204782,3113.5884754099507,3145.2710585648842,1953798
2023-01-31,3088.895263671875,3171.941500962948,3081.8138503122173,3171.941500962948,2820375
2023-02-01,3134.556884765625,3144.351279049428,3085.492407490737,3092.8497664355737,2205161
2023-02-02,3182.425537109375,3190.334787824689,3145.3630208692275,3151.7086531782097,1813847
2023-02-03,3202.566162109375,3222.5229516932764,3175.527735502913,3222.5229516932764,1804469
2023-02-06,3182.01220703125,3194.151806260683,3160.767964511945,3194.151806260683,1138714
2023-02-07,3193.60009765625,3212.407304216629,3183.345642457426,3190.2431674450086,1455647
2023-02-08,3237.330078125,3255.5393623719233,3198.6579142429127,3198.6579142429127,1986946
2023-02-09,3256.41357421875,3262.621346651852,3223.719261165319,3232.6400151634225,1655427
2023-02-10,3253.378173828125,3257.792634083155,3226.339745096551,3237.2379228015834,1187821
2023-02-13,3202.658447265625,3263.908553895811,3194.3814179658048,3263.908553895811,1087939
2023-02-14,3218.936767578125,3241.6985980328905,3214.246361188052,3223.4430603616947,1579818
2023-02-15,3237.836181640625,3242.756506082764,3182.1961451635952,3206.8893751306296,1429449
2023-02-16,3272.23193359375,3287.8202954032563,3243.6761347936463,3243.8600238904237,1618931
2023-02-17,3219.90234375,3254.6198842343974,3209.648113656855,3242.894092415164,1061369
2023-02-20,3207.165283203125,3239.07778776799,3195.8993255369815,3220.684387496735,1296082
2023-02-21,3173.781005859375,3227.029806293947,3168.0330686566454,3213.326813814157,1139541
2023-02-22,3128.30322265625,3170.1021750983955,3122.2793398488698,3140.6267096205747,1218430
2023-02-23,3139.5693359375,3175.068461467988,3134.2352052950296,3146.190914704899,1441570
2023-02-24,3127.291748046875,3158.100692470088,3110.599827670895,3147.5705160729894,977592
2023-02-27,3064.2021484375,3117.6808616060457,3049.6252911757074,3117.6808616060457,1128022
2023-02-28,3046.728515625,3119.52029834111,3034.8186108063605,3061.1212597371414,4116217
2023-03-01,3113.726318359375,3116.761273918401,3048.7057016935673,3056.063060853009,1669307
2023-03-02,3054.63720703125,3099.195163858581,3051.464391132479,3091.010192464214,1556538
2023-03-03,3073.675048828125,3088.25190836795,3063.5128747920126,3084.573228310335,1043190
2023-03-06,3100.98876953125,3131.4297058280413,3089.170922543595,3091.8378752076405,1334132
2023-03-08,3118.048828125,3123.199069523481,3063.2826636402224,3093.769631883684,1844590
2023-03-09,3068.801025390625,3113.083047465499,3063.283005217865,3113.083047465499,1648500
2023-03-10,3063.420654296875,3069.16859157978,3025.7141857210204,3046.774538114063,1024404
2023-03-13,3018.310546875,3099.1036364238453,3009.159876386488,3065.25973960763,1901233
2023-03-14,2956.693115234375,3038.9575544339746,2951.5889016669603,3016.517695534815,2670334
2023-03-15,2941.93212890625,2998.4460272576657,2935.5864960289846,2988.9273534129698,1780522
2023-03-16,2929.1484375,2961.1529928060677,2917.1927295918367,2950.300843799058,1901060
2023-03-17,2923.90673828125,2962.62470874156,2891.4423439035454,2897.420198622175,6739966
2023-03-20,2890.798583984375,2915.0317523258964,2846.424509123387,2915.0317523258964,2289468
2023-03-21,2856.58642578125,2903.167610853642,2848.6311473770124,2890.798097078478,1815297
2023-03-22,2879.30224609375,2890.9820076129013,2856.5864470077604,2878.6124937458226,1123939
2023-03-23,2873.646728515625,2893.603746811064,2851.896623184191,2864.6799461628207,1372218
2023-03-24,2869.829833984375,2915.3534926231273,2856.494620847771,2895.9483685231785,1329577
2023-03-27,2871.485107421875,2899.489008374501,2856.4944445361034,2883.164869163131,1524217
2023-03-28,2865.599365234375,2896.5463922339063,2860.3112632842117,2875.807790984465,1303530
2023-03-29,2886.75146484375,2896.9598895039826,2854.747135211286,2877.646823573956,1740616
2023-03-31,2948.36962890625,2954.8993749774395,2898.7995113379675,2933.7009389751283,2382581
2023-04-03,2942.94384765625,2965.889568062685,2918.8025114059446,2965.889568062685,1521830
2023-04-05,2979.54638671875,3002.1243261524096,2929.608269598524,2929.608269598524,2655065
2023-04-06,2961.980712890625,2995.686748428594,2956.738639524129,2965.935338247377,1703464
2023-04-10,3001.250244140625,3009.1594939913457,2956.738316987218,2961.3366658472287,2203187
2023-04-11,2955.635009765625,3010.0333915987303,2935.7240227895977,3001.8023913443953,2348779
2023-04-12,2981.248046875,2998.997722073373,2942.0242127497345,2968.6486132828945,2417727
2023-04-13,2932.689697265625,2970.534027024399,2924.5505281540522,2952.1406274762603,4174070
2023-04-17,2887.303955078125,2909.2839781910698,2823.6168077969783,2882.337826906714,5505048
2023-04-18,2879.256591796875,2903.260066434997,2860.725332786317,2901.51255887594,2617302
2023-04-19,2841.412353515625,2887.7636289587313,2824.7662376900453,2879.256681962595,3298034
2023-04-20,2855.39111328125,2862.9323614573923,2830.7439153761175,2841.7799540325545,2419999
2023-04-21,2906.938720703125,2910.2493976571473,2851.7124977803655,2860.173416034582,1929184
2023-04-24,2919.768310546875,2925.4241911378012,2875.0262311012816,2897.9721768285667,1640676
2023-04-25,2920.87158203125,2934.8505195080106,2894.66099006403,2927.3092712863568,2024090
2023-04-26,2941.242431640625,2950.6690488552285,2925.4701814296627,2925.4701814296627,2000029
2023-04-27,2931.861572265625,2942.207858497585,2915.9512383098318,2929.1485910038896,2434446
2023-04-28,2960.6474609375,2968.004820473883,2939.4950522704,2943.311592718381,2931312
2023-05-02,2960.78515625,2975.1320963561516,2952.1403490891025,2975.1320963561516,2321159
2023-05-03,2924.45849609375,2957.6586723706264,2918.2507236937186,2957.6586723706264,2468285
2023-05-04,2961.980712890625,2965.429474911843,2922.710854248113,2924.6880546621,1953253
2023-05-05,2971.17724609375,2983.4088996200167,2952.1861540997215,2961.3368239138267,1710027
2023-05-08,2989.47900390625,2993.387600899083,2971.7293303036295,2984.3287627630057,928235
2023-05-09,3019.506103515625,3033.0712341108756,2985.2484008259253,2991.3183117851413,1107375
2023-05-10,3022.770751953125,3040.8882021577638,3003.687603550048,3025.7136504155583,1559987
2023-05-11,3018.49462890625,3043.831580870088,3009.160068749002,3043.1878568124844,1719623
2023-05-12,3011.275146484375,3025.7139187593248,2998.1238222356833,3015.7354107050955,1027479
2023-05-15,2993.571533203125,3027.553290878769,2987.409789819426,3020.1959317271803,1150390
2023-05-16,2996.422119140625,3021.115343494851,2989.3407064680187,2994.628807906404,986306
2023-05-17,2950.94482421875,3016.517334349857,2941.3343184708624,2994.39922789193,1588815
2023-05-18,2942.805908203125,2969.56816838411,2938.3454192418985,2966.809158600784,1369364
2023-05-19,2963.958251953125,2974.6723165667154,2945.748742874228,2952.1404038272244,1152449
2023-05-22,3033.71484375,3042.6816246528992,2958.623891436203,2970.533570909172,1333243
2023-05-23,3032.19775390625,3060.6154646158416,3025.8060928695586,3040.4287547824956,1687418
2023-05-24,3037.991943359375,3050.729237970391,3012.838879386915,3012.838879386915,1016555
2023-05-25,3028.932861328125,3040.42873525149,3004.653665413494,3029.3926962850596,1374917
2023-05-26,3061.489013671875,3070.455795118888,3026.6336145765354,3028.932789306539,1791115
2023-05-29,3053.626220703125,3101.127084002137,3045.9468867778996,3090.826825426039,1210372
2023-05-30,3049.80908203125,3059.69553282269,3036.152119608709,3048.705523127727,1344224
2023-05-31,3025.25390625,3060.3852488556463,3002.859856074551,3043.1874679377565,5815424
2023-06-01,3056.98291015625,3071.6976293387106,3032.611656510299,3047.786210667212,1177314
2023-06-02,3040.060791015625,3067.926608260491,3032.565346909803,3059.0518838880043,2030661
2023-06-05,3024.70263671875,3059.742154266237,3021.1620418616694,3048.706114034438,1861468
2023-06-06,2972.64892578125,3024.6563011369967,2961.8888333525238,3016.5171330853027,2022849
2023-06-07,3011.82666015625,3015.4595356363516,2980.64994248542,2991.685980532265,1567196
2023-06-08,2976.465576171875,3007.320545945049,2973.2927599511754,2999.0435169195125,1759366
2023-06-09,2951.496826171875,2988.9273483672064,2947.8641747619263,2984.3289986004875,1775689
2023-06-12,2986.076416015625,2992.9739409759577,2953.060353017023,2956.739032995867,2324605
2023-06-13,2983.1328125,3002.721823667348,2978.8104094513137,2998.123474779649,1371928
2023-06-14,2989.89306640625,2994.3075271171197,2966.7174283351833,2983.1334023931563,1658544
2023-06-15,2979.932861328125,3008.793544788029,2974.0958056287536,3006.8016396344283,2273810
2023-06-16,2941.5751953125,2964.2746801787644,2924.064254609405,2962.0511476509087,4156189
2023-06-19,2974.46630859375,2978.6356017646413,2941.667959462191,2955.565603365162,1468186
2023-06-20,2990.4951171875,2994.942408695361,2965.803725782431,2977.8019803702673,1528452
2023-06-21,3018.75341796875,3021.718203335577,2987.020465383,3011.156084779186,1645987
2023-06-22,3000.50146484375,3027.509130331622,2992.7188743583506,3020.421422075228,1529603
2023-06-23,2979.979248046875,3010.600209425588,2973.308197955416,2999.389578963673,1119505
2023-06-26,2955.24169921875,2977.709560394798,2939.815402540229,2969.4637141952203,1978803
2023-06-27,2962.37548828125,2973.771375126299,2948.431473899292,2966.683667337439,863542
2023-06-28,2979.1455078125,2993.5064078645332,2958.715924111652,2972.243055930447,1575872
2023-06-30,3059.566162109375,3066.7466111233343,2977.894435739723,2983.3607516063857,2672406
2023-07-03,3031.8173828125,3074.900078835827,3028.5282285215303,3070.7307856722796,1687264
2023-07-04,3065.681396484375,3071.3793400747436,3036.4499732116597,3048.2165999535164,1656681
2023-07-05,3075.966064453125,3084.351023108038,3062.1147886368476,3076.0124351813415,1453008
2023-07-06,3078.698486328125,3083.8406595588453,3059.334527255893,3063.5501909386862,1848238
2023-07-07,3084.582275390625,3110.2001769257495,3059.3348872388206,3059.3348872388206,1789326
2023-07-10,3031.493408203125,3080.4131662568616,3025.2394676445165,3080.4131662568616,1407431
2023-07-11,3031.90966796875,3052.848873636109,3021.1622932374844,3052.848873636109,1110172
2023-07-12,3020.328125,3047.428526945696,3011.2485131702374,3039.831194545939,1515240
2023-07-13,3095.052001953125,3119.9750222295534,3032.2345994922275,3042.657833544412,4585146
2023-07-14,3256.35693359375,3265.8075126422405,3105.660234929049,3117.704859945182,6306101
2023-07-17,3235.09375,3289.0165672292546,3221.520473895772,3252.0489220985337,2743228
2023-07-18,3239.865234375,3265.0198799170403,3210.3558126880093,3220.5474184425743,2600090
2023-07-19,3215.03466796875,3258.3953622895324,3192.427698113294,3242.7835851217083,2405370
2023-07-20,3217.125,3231.615999345678,3191.8119589657226,3207.6500721995853,1715404
2023-07-21,3128.87744140625,3190.743301408389,3120.2849419514946,3162.086290650304,3770223
2023-07-24,3153.447265625,3170.818002760362,3132.407344389984,3140.6746314391708,1680132
2023-07-25,3157.5341796875,3164.640544425158,3139.9312141674013,3156.0015544155326,1272980
2023-07-26,3147.4560546875,3177.6924112049487,3144.390576862288,3158.6495731471414,1066803
2023-07-27,3155.444580078125,3169.1461341109766,3144.437026978076,3153.633233546405,1701769
2023-07-28,3116.894287109375,3152.47192520402,3094.228757385738,3144.3903763886888,2599831
2023-07-31,3178.24951171875,3183.0798446211247,3122.003427202266,3125.2546433386306,2743678
2023-08-01,3206.674560546875,3214.0594205054076,3172.258069660684,3172.258069660684,1956167
2023-08-02,3196.084716796875,3201.4260004622265,3170.957642026737,3190.7899244338078,1914899
2023-08-03,3158.27783203125,3189.210877378925,3128.5989179384605,3176.9027017071066,2026351
2023-08-04,3198.77880859375,3224.277587720079,3159.485492720518,3159.485492720518,2248493
2023-08-07,3236.399658203125,3240.068842182521,3196.641887374026,3208.4391110234615,1853889
2023-08-08,3223.906005859375,3241.8804503952497,3210.901141336807,3236.399919632617,1634225
2023-08-09,3216.381591796875,3220.561726717622,3181.5936254249154,3218.6109063732065,1794589
2023-08-10,3197.43212890625,3218.6113003342507,3186.238609779897,3204.7704981728284,1096701
2023-08-11,3203.655517578125,3220.236583715237,3171.329094804473,3193.7161307988767,1679974
2023-08-14,3204.630859375,3209.414700848217,3168.5422705045635,3196.1311156291627,1190425
2023-08-16,3212.572998046875,3219.6328723246997,3191.0221251590224,3204.770170086617,1328445
2023-08-17,3191.533203125,3214.802667601421,3170.5860359658495,3209.4148924679835,1843241
2023-08-18,3127.762939453125,3167.6134698101937,3117.9163083336994,3167.6134698101937,2526749
2023-08-21,3159.8564453125,3167.3807780691213,3132.3140944787965,3135.1008507906104,1375579
2023-08-22,3141.742919921875,3168.54232050071,3125.858543041599,3158.3242127535664,1222012
2023-08-23,3156.698486328125,3160.181932020387,3136.0300418873685,3147.177068102608,1330046
2023-08-24,3146.94482421875,3170.446516407415,3137.9808480590923,3165.75543087226,1152881
2023-08-25,3140.953369140625,3145.133503987289,3112.110393341278,3135.1011349979294,1158046
2023-08-28,3135.6123046875,3152.7508133982506,3121.2605527357937,3152.7508133982506,1037485
2023-08-29,3136.16943359375,3148.6170828467652,3125.8120786392947,3140.7212722469335,944517
2023-08-30,3149.91748046875,3165.8485755841652,3142.579111915721,3156.4664040334264,1188200
2023-08-31,3118.194580078125,3174.4869216049665,3105.9791621508266,3159.252744454634,3417652
2023-09-01,3139.00244140625,3148.105891229252,3118.194750485235,3126.740758299694,1277950
2023-09-04,3175.509033203125,3188.839109182288,3130.502961064895,3137.8878204359094,1828332
2023-09-05,3185.58837890625,3201.98370810682,3163.1083582727633,3176.902895771779,1501842
2023-09-06,3186.0986328125,3199.1034965488716,3156.559195183631,3189.907290764311,1314818
2023-09-07,3209.647216796875,3214.059581829734,3179.0393826105205,3186.9351937219517,1885092
2023-09-08,3197.24609375,3218.704212548399,3190.88313491419,3209.6472526429598,1518917
2023-09-11,3233.2412109375,3237.932296351562,3200.1253456084146,3215.9169656012573,1783604
2023-09-12,3326.2724609375,3334.725485885792,3235.4241575808805,3243.784426721916,4476016
2023-09-13,3314.243408203125,3333.750705221569,3293.01752049451,3317.262394646456,1754929
2023-09-14,3306.99755859375,3341.9712621721756,3293.5747267257207,3316.286746985026,2604721
2023-09-15,3342.52880859375,3350.935569707804,3309.2269764561156,3314.243274416184,2952897
2023-09-18,3349.82080078125,3362.036220389306,3321.11729748375,3325.5761535614656,1395753
2023-09-20,3349.72802734375,3367.3309950501616,3325.52964476678,3325.52964476678,1649396
2023-09-21,3330.452880859375,3348.7525373008507,3277.225784076949,3333.4718671967476,2004073
2023-09-22,3347.498779296875,3375.4593312071706,3311.64264287237,3329.2456121214996,1989083
2023-09-25,3322.882080078125,3362.6863447912865,3305.697080802258,3346.430264395196,1238778
2023-09-26,3330.82421875,3339.4167179671663,3284.656998043239,3314.0109239214776,1726062
2023-09-27,3334.1689453125,3357.1131987958183,3302.9571768225646,3334.819143242111,1541134
2023-09-28,3285.35400390625,3346.709144183534,3276.6222567368527,3344.1081258394006,1755753
2023-09-29,3277.783203125,3314.8004838838106,3256.371577894297,3285.7717693049917,2243791
2023-10-03,3264.08203125,3282.985396320475,3232.731015841526,3282.985396320475,1948148
2023-10-04,3286.283447265625,3295.8048677544875,3230.1303347155163,3238.4906063642734,1788138
2023-10-05,3334.215087890625,3366.4020365150864,3298.776696384458,3301.37771461772,2990768
2023-10-06,3363.98681640625,3376.573712868575,3320.931561429297,3335.747772538649,2075691
2023-10-09,3379.73193359375,3417.492393516818,3372.9042894426652,3385.955644430069,4233074
2023-10-10,3370.95361328125,3388.6960545006336,3345.362079715791,3381.311194805018,1848148
2023-10-11,3353.30419921875,3390.553937299432,3348.7525873875215,3390.553937299432,2426417
2023-10-12,3290.74169921875,3333.56472449737,3286.6080554652567,3320.885072209126,4241281
2023-10-13,3317.02978515625,3322.7425450571513,3274.4387674941177,3279.083361490563,2890357
2023-10-16,3273.556640625,3320.5598001135572,3268.958537503607,3312.5247424765194,1671104
2023-10-17,3257.76513671875,3282.9387033243615,3254.32818207953,3279.083780529412,1672065
2023-10-18,3239.3720703125,3272.30219626278,3236.353084226468,3261.4338917104274,1408245
2023-10-19,3218.324462890625,3238.0686815240006,3214.832003562597,3231.223370291604,1514545
2023-10-20,3254.552490234375,3259.162490288135,3207.5207126205582,3213.4344729854533,1481211
2023-10-23,3175.949462890625,3240.0244989975004,3167.707394851243,3234.4831753695994,1106272
2023-10-25,3157.276123046875,3189.7791834853465,3145.2619278002267,3157.6485610531586,1518537
2023-10-26,3107.590087890625,3142.0024058676267,3101.3036615496458,3136.7405251390774,1984471
2023-10-27,3120.815185546875,3131.1063449752,3107.8232817317794,3119.930474618358,1108851
2023-10-30,3146.51953125,3150.524263288147,3104.796239719202,3119.930229639093,910972
2023-10-31,3137.392578125,3165.5650829081633,3119.976893370138,3165.5650829081633,999811
2023-11-01,3101.908935546875,3140.04677064712,3083.6085408942245,3124.586727484181,1563475
2023-11-02,3129.33642578125,3144.097749107403,3113.5969411059323,3113.5969411059323,1245384
2023-11-03,3120.768310546875,3155.2272412387383,3114.621718793595,3149.732529726521,1402598
2023-11-06,3148.102783203125,3159.3252644555632,3128.3121806905697,3143.213340229435,1099852
2023-11-07,3138.975830078125,3170.3613524077323,3134.8314904867043,3146.0073603280116,1191144
2023-11-08,3149.3134765625,3168.312363594793,3138.13760716147,3139.9070288671746,992899
2023-11-09,3117.55517578125,3158.579973678366,3112.5261256846,3157.2762132454977,2112352
2023-11-10,3104.516845703125,3117.5553602980613,3094.179302698473,3108.754408421209,1338557
2023-11-13,3102.747314453125,3125.5181025923366,3098.509751884596,3125.5181025923366,1030990
2023-11-15,3170.501220703125,3178.603680948949,3125.5649102414236,3150.757229249606,2059802
2023-11-16,3257.6259765625,3286.9626306205105,3179.720725473167,3194.482275686725,3951984
2023-11-17,3261.910400390625,3282.446106711715,3252.6903987151904,3257.6264533729463,2021292
2023-11-20,3277.882568359375,3291.200297423911,3251.4794860942648,3251.4794860942648,1475621
2023-11-21,3269.12841796875,3295.997164883789,3260.5602958565437,3277.8829864926543,1807236
2023-11-22,3287.707763671875,3290.0360697315477,3242.026580680009,3259.6284835416786,1798051
2023-11-23,3267.312255859375,3300.6070362048386,3259.628845010422,3287.568520824797,2729804
2023-11-24,3219.675048828125,3263.8662551978136,3215.8565356961108,3254.273588142524,1989733
2023-11-28,3231.828857421875,3242.166628681105,3197.2303156229036,3219.6752800377117,1689195
2023-11-29,3272.433837890625,3276.391957794157,3237.090200932634,3241.9330315751736,1441634
2023-11-30,3248.08056640625,3275.1353041689813,3241.9337467212595,3259.116602029924,3266235
2023-12-01,3270.478515625,3275.4145702734368,3250.3620863601263,3259.6286996171643,1172141
2023-12-04,3271.223876953125,3304.146220363931,3257.7663114500283,3301.212417878817,1625213
2023-12-05,3289.058349609375,3295.0187221482606,3262.236218437115,3295.0187221482606,1377656
2023-12-06,3356.579345703125,3364.728417171479,3283.051256098317,3289.989790276004,1896572
2023-12-07,3366.63720703125,3381.2125388172353,3345.030573119782,3357.417206346076,1967653
2023-12-08,3377.627197265625,3394.670444147185,3354.670189052335,3383.494574372215,1641155
2023-12-11,3392.71435546875,3402.120802867414,3366.7305508802906,3374.0879070544743,1102503
2023-12-12,3419.909423828125,3444.4030235404603,3381.6319783454765,3389.0359467038065,2236866
2023-12-13,3346.75390625,3399.327014186455,3318.301959327764,3393.3200297320063,3850968
2023-12-14,3415.392822265625,3425.4045402666766,3378.465971936802,3380.7010552387264,3290396
2023-12-15,3595.83642578125,3628.386103974232,3414.880405810453,3414.880405810453,8531230
2023-12-18,3594.159423828125,3659.165773966342,3567.1044621574897,3593.1351055942864,2521612
2023-12-19,3554.11279296875,3590.341373765734,3529.7121895342984,3580.934925794031,2004435
2023-12-20,3520.445556640625,3631.040100218342,3507.872703265474,3564.403931855312,2586083
2023-12-21,3527.3837890625,3545.26513467688,3486.2659937315334,3498.27996242007,1517562
2023-12-22,3561.376953125,3581.8194348785914,3503.6349627762156,3539.0252149254707,2413058
2023-12-26,3534.881103515625,3570.6904075901484,3529.8518256722914,3557.51228537649,1285231
2023-12-27,3549.456298828125,3555.9755563874555,3509.2232119367036,3538.094209699452,1293976
2023-12-28,3538.93212890625,3574.4156056228353,3531.6679956087487,3561.377091167723,1682889
2023-12-29,3532.87841796875,3560.073214846418,3506.8013899069297,3531.574657515115,1574996
2024-01-01,3549.363037109375,3568.8275851289145,3513.8795612451445,3529.71204270318,825907
2024-01-02,3523.37890625,3549.3629379884974,3508.5243592421702,3549.3629379884974,1344068
2024-01-03,3438.20947265625,3512.8084878989966,3433.8323028478494,3508.2914833063164,1803075
2024-01-04,3414.97314453125,3463.58813008378,3400.258204607658,3447.5228181063812,3598144
2024-01-05,3481.18994140625,3490.3635580837076,3422.4702454218473,3422.6098528337334,1963127
2024-01-08,3425.68359375,3482.9133158422196,3420.1886545813795,3481.1902782695042,1067805
2024-01-09,3436.48681640625,3494.648088677372,3429.8279514524115,3455.1598780853456,1370944
2024-01-10,3458.046875,3473.1342532438607,3434.7172021085626,3436.579847012092,1292227
2024-01-11,3479.001708984375,3513.879690118427,3452.412406909358,3468.244888948058,1777909
2024-01-12,3616.138916015625,3637.0470599000287,3559.142026578151,3583.7288487280734,6813450
2024-01-15,3635.69677734375,3692.6936681850148,3618.1878690791377,3688.0370557408974,2801505
2024-01-16,3596.115478515625,3631.2262899610105,3590.760374343459,3631.2262899610105,1432672
2024-01-17,3617.815673828125,3641.424564080022,3550.7138385303956,3556.7208235117105,3458696
2024-01-18,3634.579345703125,3640.353499833649,3596.7675605644026,3630.2951711755672,2239110
2024-01-19,3697.83447265625,3717.059591726697,3671.575773438078,3699.6631577031208,2941975
2024-01-23,3618.307861328125,3689.2531438679025,3603.771796570635,3657.461455110397,2618854
2024-01-24,3602.88134765625,3642.1285897607904,3568.9326446510017,3638.7056721419845,2657709
2024-01-25,3573.33984375,3620.8867962936347,3543.7049366365304,3601.0989006696973,2205154
2024-01-29,3564.61865234375,3582.4370565517297,3545.7218573588943,3564.4311359857325,1646747
2024-01-30,3564.19677734375,3608.508336345958,3551.4893955843795,3570.667580091148,1411621
2024-01-31,3578.638671875,3595.566200692752,3560.351363342525,3574.184071078628,2459358
2024-02-01,3614.462890625,3662.0567819751186,3568.4165242500367,3582.4367479301113,2363107
2024-02-02,3719.638427734375,3736.612663128637,3631.2028376276817,3634.063205902369,2826510
2024-02-05,3726.203125,3771.874458152277,3715.6996914451147,3735.2998425709893,1691523
2024-02-06,3878.784912109375,3891.8203887754125,3741.8645549604466,3748.429229618272,4474396
2024-02-07,3829.4560546875,3896.603391231385,3820.593789517031,3894.7277698637645,2124267
2024-02-08,3877.00341796875,3899.417002760364,3831.9415667460817,3835.6458733260915,2345173
2024-02-09,3876.628173828125,3924.503225662895,3845.0237708866407,3879.300567921934,2100596
2024-02-12,3864.436767578125,3900.917512535836,3850.2285690197773,3873.1582239962727,1013716
2024-02-13,3891.4453125,3910.670430925413,3827.674187966924,3868.8911494158424,1257415
2024-02-14,3845.117919921875,3858.9973357555955,3797.6646047310915,3851.588722467118,1391283
2024-02-15,3848.025146484375,3888.444422362778,3829.081186690457,3871.2826692770527,1091582
2024-02-16,3871.563720703125,3889.9920672478725,3845.1177337734257,3857.4498528668705,1307556
2024-02-19,3848.587158203125,3871.563519103643,3802.822181698031,3866.640013196389,772291
2024-02-20,3779.986572265625,3843.1482139238024,3760.6208730684352,3828.2371155114192,1193648
2024-02-21,3743.271484375,3810.6532761089843,3733.04943912238,3763.434414830734,1885939
2024-02-22,3832.92626953125,3840.287946278356,3724.0463538039667,3724.0463538039667,2982052
2024-02-23,3800.102783203125,3873.1581442686033,3794.7570791114713,3873.1581442686033,2538072
2024-02-26,3752.227294921875,3798.133079811019,3735.065314473416,3785.0037308931537,1379284
2024-02-27,3849.150146484375,3867.5313277921664,3750.3049902620937,3750.3049902620937,2960475
2024-02-28,3862.795654296875,3896.509674983892,3834.7080400231876,3840.8976823678586,1939225
2024-02-29,3840.4287109375,3880.7545712662445,3811.778548098447,3844.08608110517,3772719
2024-03-01,3839.72509765625,3882.536061925083,3832.644581510238,3851.7760560015763,2043265
2024-03-04,3826.923828125,3861.8103380983325,3822.4222912670302,3849.71267244036,1749271
2024-03-05,3762.59033203125,3811.2626148853183,3732.4865175304053,3809.386993519725,2070859
2024-03-06,3811.544189453125,3818.7652862706927,3712.276832263034,3745.662985779128,1744204
2024-03-07,3853.0888671875,3867.5310593858417,3786.5979557802916,3812.2002319116023,2688905
2024-03-11,3865.984130859375,3894.7279379757806,3834.70805162123,3834.70805162123,2304068
2024-03-12,3931.537109375,3966.8927577504023,3864.764800933032,3865.984229655007,4039801
2024-03-13,3890.9765625,3977.255146194866,3874.9399080779876,3943.493961270788,2837260
2024-03-14,3945.9326171875,3962.250432711918,3831.8947380025797,3895.150256479137,2919608
2024-03-15,3956.85791015625,3975.3796720157243,3917.2354069378816,3931.8653458631275,3373143
2024-03-18,3894.259033203125,3990.1501797762785,3861.7639831846413,3953.106656161222,1526904
2024-03-19,3729.954345703125,3805.6356194004047,3719.919817535177,3799.3053975100765,8931209
2024-03-20,3723.95263671875,3768.1236148774233,3713.9181074283624,3738.11367070717,1817913
2024-03-21,3725.875244140625,3759.1205900676036,3702.476911275549,3741.9118998530926,3829582
2024-03-22,3667.683837890625,3693.098599879169,3615.260310445454,3654.6483605203457,5852485
2024-03-26,3636.36083984375,3701.257291825828,3630.68703955033,3634.016313190079,3440925
2024-03-27,3602.037109375,3652.772761001774,3591.252286075508,3646.6769913107573,1968575
2024-03-28,3635.235595703125,3671.5288233376846,3601.661927465741,3610.6650016041267,4311783
2024-04-01,3673.17041015625,3688.691224515632,3646.255286286342,3655.3050688228736,1569676
2024-04-02,3642.269287109375,3666.6993019354495,3632.140885633653,3648.0836677291272,2142666
2024-04-03,3701.8203125,3733.424488071944,3611.509094088183,3611.509094088183,3973090
2024-04-04,3754.33740234375,3778.1107648289094,3690.519342135764,3728.6412532863997,3394637
2024-04-05,3731.783203125,3753.1183964079287,3714.199252617092,3730.610939757806,1636819
2024-04-08,3725.499755859375,3781.8620387375217,3713.7301863711327,3735.299831392985,2302538
2024-04-09,3701.1171875,3766.107520484254,3680.9542556869656,3736.2381554944186,1876992
2024-04-10,3736.84716796875,3742.0520629416483,3674.342178842318,3710.3540167302876,2101965
2024-04-12,3752.5556640625,3763.76268515537,3700.1321372268762,3724.0463102085732,4354821
2024-04-15,3696.099609375,3811.4503293550783,3675.32719325435,3752.5557696224905,4200329
2024-04-16,3631.953369140625,3684.37689632826,3622.622198353119,3659.33739612377,3051420
2024-04-18,3621.824951171875,3691.2229435040135,3610.571222685582,3635.704595429841,3476284
2024-04-19,3588.25146484375,3612.962869820078,3564.5248069516724,3599.3176775438415,2957749
2024-04-22,3624.26318359375,3636.829754907987,3574.9342510854167,3598.3795176848753,1728883
2024-04-23,3633.735107421875,3652.772710601142,3620.5121138030436,3635.9390541705266,1807586
2024-04-24,3592.7998046875,3655.586186600659,3586.6101623523527,3648.0837008405756,1317312
2024-04-25,3612.634033203125,3632.7500252586483,3573.996281358353,3574.1837976912666,2856271
2024-04-26,3583.703125,3635.7046841917695,3566.07223748283,3615.400944510773,2039178
2024-04-29,3629.514892578125,3636.6423454168485,3581.6865473099597,3599.3174341023114,1110693
2024-04-30,3583.04638671875,3640.3467125091584,3573.058794270598,3631.2030581143713,2203078
2024-05-02,3623.044189453125,3630.3591588386275,3543.095825813969,3543.095825813969,2491044
2024-05-03,3604.381591796875,3651.459872612422,3561.430044438285,3648.224242496259,2962234
2024-05-06,3677.20263671875,3694.927167103904,3613.384573734727,3613.384573734727,2053831
2024-05-07,3731.501953125,3739.9891860111734,3670.1222867238534,3686.3464581217104,2062112
2024-05-08,3729.626220703125,3736.5192209369857,3693.66131770256,3714.6681858171114,1247685
2024-05-09,3713.917724609375,3724.0461255143723,3666.8866116609574,3715.6058295864877,1726486
2024-05-10,3651.740966796875,3726.484662213695,3643.441479536376,3716.1687445881325,1672489
2024-05-13,3702.289306640625,3709.0414982162547,3629.327584853832,3642.925840662716,931326
2024-05-14,3658.587158203125,3700.413608162642,3650.803283386374,3691.2230172569975,1058317
2024-05-15,3639.08056640625,3682.7357004952323,3634.485385536964,3661.6818959693137,1115021
2024-05-16,3684.942138671875,3693.0187445265583,3630.67337116967,3675.637702384871,2599399
2024-05-17,3621.7939453125,3702.937300542508,3617.9208829280115,3701.992673680125,2765804
2024-05-21,3608.66357421875,3631.8542103330115,3599.0757035999536,3618.487832180219,1908117
2024-05-22,3619.810302734375,3628.548101612322,3606.160490071024,3622.644183451547,1311168
2024-05-23,3677.857666015625,3688.7681531563644,3613.6703123942825,3628.264752304816,2095742
2024-05-24,3636.341064453125,3668.7418115804035,3631.429050950218,3663.4990864307915,1309452
2024-05-27,3634.02734375,3691.933024930954,3628.6430159784018,3641.5370822700047,1841538
2024-05-28,3627.272705078125,3655.706066734782,3617.9209911096164,3644.370544047232,1801993
2024-05-29,3593.030029296875,3635.774396680819,3589.582233347775,3635.774396680819,1568095
2024-05-30,3529.220947265625,3584.292515624753,3509.714261782953,3567.856098444586,2919230
2024-05-31,3467.677734375,3542.161650427461,3451.4301994032935,3532.9042615855815,10956800
2024-06-03,3497.811767578125,3543.815050940118,3491.3409811408733,3526.1032967744277,2156773
2024-06-04,3509.288818359375,3537.627624429572,3392.6274000370645,3495.1194153242764,3395997
2024-06-05,3538.997314453125,3574.2792205302862,3495.1194421750433,3510.2334721952598,2799670
2024-06-06,3618.298583984375,3627.2725390345563,3534.3213495003415,3571.634109972148,4328036
2024-06-07,3678.329833984375,3698.2142761529285,3624.8168128885063,3624.8168128885063,4552445
2024-06-10,3645.03173828125,3689.6180814133613,3629.161960387638,3679.3217405498876,1734661
2024-06-11,3638.797607421875,3665.105329903273,3628.31215590978,3632.0906637524354,1419898
2024-06-12,3619.479248046875,3677.9045088776033,3615.511861543188,3659.862044439457,2177001
2024-06-13,3663.404541015625,3674.598461482482,3638.7026410361236,3643.236896058969,1932323
2024-06-14,3619.857421875,3673.6538756786167,3616.031636949793,3673.6538756786167,1860730
2024-06-18,3603.84619140625,3629.256562858962,3584.9063758687394,3614.1898098741085,1774045
2024-06-19,3591.188232421875,3621.558127260561,3582.922746603089,3615.7012556686554,1509050
2024-06-20,3577.5380859375,3598.981069597492,3570.736818650082,3585.8035709865335,2846526
2024-06-21,3599.737060546875,3663.0743420998706,3587.7403447033967,3615.08724810415,4642195
2024-06-24,3605.451904296875,3643.4258585651314,3581.363918973201,3597.8476118252383,1702154
2024-06-25,3625.90283203125,3634.593352796922,3582.875033532891,3605.6406325261373,1338808
2024-06-26,3642.33935546875,3652.82457462301,3628.3115551767237,3631.6177489916463,1639845
2024-06-27,3716.303466796875,3723.7188794930803,3606.6797101565076,3618.865303738709,4526556
2024-06-28,3687.96484375,3740.722345851188,3682.013879060851,3700.8591386940006,2731571
2024-07-01,3757.91455078125,3780.113282123888,3668.9307461619287,3668.9307461619287,2658723
2024-07-02,3794.94384765625,3800.61160880511,3762.0237400230303,3772.4619129298726,2307449
2024-07-03,3745.681640625,3803.162277059337,3735.9992153513335,3797.399960989219,1821198
2024-07-04,3798.29736328125,3823.2356509992096,3761.598747788845,3778.3658747158024,2518001
2024-07-05,3789.654296875,3803.7764231043757,3767.172130214255,3787.953922306711,1668616
2024-07-08,3772.083984375,3808.027083028784,3757.7729794930797,3799.2892844506714,1758882
2024-07-09,3764.810546875,3785.0727479543702,3754.9865192673674,3764.3382334203675,1305801
2024-07-10,3692.6884765625,3781.6252453420952,3685.9344858860404,3763.110464235507,2669716
2024-07-11,3706.43212890625,3759.614663868749,3679.8882542002434,3713.3279506703648,4872189
2024-07-12,3952.27197265625,3967.386003323572,3751.3969204452933,3759.6151284962884,13509164
2024-07-15,3938.338623046875,4005.2180225102193,3926.8610373129627,4001.156311371623,4848030
2024-07-16,3947.07666015625,3962.2847850425974,3915.3841492662273,3940.9836318368075,2029521
2024-07-18,4076.584228515625,4085.51113676854,3929.6477061172545,3929.6477061172545,5613364
2024-07-19,4073.601318359375,4126.954757675217,4057.363435693197,4087.8036289679508,3903354
2024-07-22,4059.352783203125,4090.219237805453,4038.191243077126,4071.282819315056,1896386
2024-07-23,4073.555419921875,4129.749338708775,4039.422245498756,4055.234341117392,2365208
2024-07-24,4077.247802734375,4108.350964066985,4041.126675185908,4059.4949095439492,1809793
2024-07-25,4092.633056640625,4112.042883745572,4046.901795265646,4066.5954836949645,2810342
2024-07-26,4154.50830078125,4187.268397348249,4106.409520256929,4118.671036198701,3552210
2024-07-29,4148.1171875,4195.363458517048,4138.5542038316435,4180.214323934273,1746803
2024-07-30,4133.2041015625,4164.117706946695,4097.177294216961,4157.584736158652,1797906
2024-07-31,4152.140625,4179.266948047126,4113.936313834336,4118.670417762799,2330091
2024-08-01,4163.26611328125,4184.285259071731,4132.920227203137,4165.443616342355,2202244
2024-08-02,4055.2802734375,4164.117499418014,4042.924448047958,4132.8724158616715,2811282
2024-08-05,3934.08740234375,4013.573189837949,3891.9067225357135,4013.573189837949,2787771
2024-08-06,3949.379150390625,4031.799717033467,3939.531844107783,3949.1424451879575,2203067
2024-08-07,3977.07373046875,4019.2072572996026,3957.994920939523,4003.1584593448297,1237666
2024-08-08,3950.6572265625,4006.945912072743,3938.7748095989155,3958.6580478204482,2441283
2024-08-09,4003.868408203125,4027.44415336694,3981.901980990388,3992.74326394149,1302536
2024-08-12,3972.52880859375,4013.573584922349,3963.723559610809,4005.0521972685856,936912
2024-08-13,3973.76025390625,4008.8397841438527,3960.5519171170845,3988.956544779889,1495593
2024-08-14,4066.83203125,4077.1999039105713,3965.42743135513,3985.168737449799,3226545
2024-08-16,4181.20849609375,4191.576370483643,4095.0954075700097,4118.671156901704,3457058
2024-08-19,4251.22607421875,4255.250063264502,4156.875458820732,4185.8954285347645,2055210
2024-08-20,4282.7548828125,4322.23750010525,4260.694140300903,4265.428244901237,2212298
2024-08-21,4309.45556640625,4317.503544504559,4253.640286316128,4277.737064489385,1896990
2024-08-22,4262.58740234375,4318.402675534502,4258.042847258311,4317.5030108146375,1829872
2024-08-23,4226.513671875,4266.374923745363,4218.087058430003,4260.6939984141445,1809253
2024-08-26,4263.01416015625,4310.070883859805,4246.491949695793,4250.279233485934,1844164
2024-08-27,4257.9951171875,4270.161857070282,4248.195429331919,4265.427753015881,930697
2024-08-28,4266.42236328125,4319.870590915642,4220.264841898864,4259.510755261752,1848058
2024-08-29,4271.8662109375,4313.715878264525,4222.821074859477,4222.821074859477,2133641
2024-08-30,4311.58544921875,4348.038051973605,4249.14242918416,4260.693828489569,3637222
2024-09-02,4280.62451171875,4344.014356887433,4272.055967366194,4332.652505910395,1216500
2024-09-03,4272.38720703125,4313.6210706253505,4256.811818932973,4280.62427113772,1717263
2024-09-04,4241.04736328125,4248.3852249914535,4200.760320366018,4238.869860215786,1265505
2024-09-05,4237.92236328125,4259.746395831193,4217.281394309991,4242.703622965008,1688793
2024-09-06,4219.7431640625,4278.635596658736,4203.883917302406,4236.028665064455,1649179
2024-09-09,4212.9267578125,4251.462553433798,4194.890004562873,4218.0871166522065,1184938
2024-09-10,4268.12646484375,4298.5195066181295,4204.310831961278,4206.204473662924,1385591
2024-09-11,4241.14208984375,4307.419549702135,4233.4727484543055,4281.003340307267,1325919
2024-09-12,4277.45263671875,4291.5601745835365,4195.6469473824145,4270.398636628928,2742216
2024-09-13,4282.091796875,4305.194131685647,4265.427658509752,4289.098178257309,1458786
2024-09-16,4273.2392578125,4304.2947971775275,4255.43921052289,4286.258044672285,1155120
2024-09-17,4266.04296875,4294.589522896417,4228.501617164474,4273.238899164255,1699364
2024-09-18,4115.025390625,4257.900566019319,4091.2129384450927,4257.900566019319,2961779
2024-09-19,4067.684814453125,4187.031875012309,4054.097841081827,4156.591210999933,2927551
2024-09-20,4057.03271484375,4100.397388735434,4002.685288545634,4087.330983142617,5447908
2024-09-23,4041.50439453125,4080.2292709651647,4026.8286728221638,4071.329248327135,1702319
2024-09-24,4044.156005859375,4062.808562887148,4014.5206960245882,4025.551067266487,3012026
2024-09-25,4047.4228515625,4061.4832351175246,4014.5208235861746,4026.2141547688016,2713073
2024-09-26,4064.228515625,4087.2360774502895,4033.456837871287,4033.456837871287,3964251
2024-09-27,4079.5673828125,4145.181886032281,4071.37701220358,4104.468587471434,3012477
2024-09-30,4041.50439453125,4070.145722382854,4033.5035742219807,4058.925803968104,2503416
2024-10-01,4059.873046875,4067.305683040906,4017.3137268821633,4029.243299789114,1823365
2024-10-03,4007.65625,4051.446717559506,3986.116074065324,4035.918946931116,3350119
2024-10-04,4026.119140625,4069.436196462167,3999.4186065272825,4000.318271301223,2965463
2024-10-07,4045.62353515625,4068.7258712834955,4004.483984564525,4046.6175121163583,1472619
2024-10-08,4027.065673828125,4051.8249459382696,3980.3875920827627,4045.386749254377,1541867
2024-10-09,4026.78173828125,4066.5953683116572,4020.864108234231,4033.456640048349,1082504
2024-10-10,4002.590576171875,4065.5070098395613,3975.322319205254,4027.0659888752402,2378875
2024-10-11,3928.54931640625,4016.3669515997326,3893.7536496314738,3922.6788421196575,5759183
2024-10-14,3916.666015625,3943.8871125530773,3902.9847329926533,3919.837957643063,2137590
2024-10-15,3897.871826171875,3948.1957233726384,3877.231316907688,3911.364023062213,2759474
2024-10-16,3877.18408203125,3896.1678867388287,3850.9098028436433,3867.7632605900644,2359151
2024-10-17,3890.48681640625,3910.3228978529323,3875.2902957519555,3894.0845506582914,2522659
2024-10-18,3913.3134765625,3935.2384902660306,3872.4535818662375,3881.944889664929,2361000
2024-10-21,3872.31103515625,3929.3538837407996,3862.9620049373275,3922.3776803062365,1595450
2024-10-22,3811.234130859375,3881.754584605675,3802.5496780872345,3859.165228757121,1928049
2024-10-23,3859.402587890625,3904.2962832162098,3791.919304547543,3796.143121407225,1966476
2024-10-24,3841.986083984375,3871.504141566946,3800.319338767848,3800.319338767848,2676744
2024-10-25,3851.145751953125,3883.843261907162,3827.5597587126654,3850.6711865496663,1759676
2024-10-28,3882.751220703125,3923.7061156513423,3844.9282715296536,3861.965120390014,1532534
2024-10-29,3867.944580078125,3894.757520238166,3853.5653437958795,3887.496763644427,1445885
2024-10-30,3876.866455078125,3898.0796180034267,3853.517979890609,3867.7074369038137,1935002
2024-10-31,3766.577392578125,3870.839484703628,3758.55728511955,3862.961654150649,3740372
2024-11-01,3781.52685546875,3795.5265346519595,3773.7915322018357,3786.889583476844,154895
2024-11-04,3762.496337890625,3788.834714578836,3714.1856783834955,3764.5371079100955,2269192
2024-11-05,3769.330322265625,3783.234994421101,3740.61911840681,3740.61911840681,967590
2024-11-06,3929.0693359375,3938.7029211445506,3773.032320642019,3799.9402722803784,3792017
2024-11-07,3939.746826171875,3991.8540128312807,3877.246703910295,3957.5907627391994,3724349
2024-11-08,3936.045166015625,3957.6378902806014,3908.1880861984155,3943.6382119110012,1648039
2024-11-11,3985.115478515625,4018.9041625726113,3908.188152909336,3918.2017604204366,1406487
2024-11-12,3983.881103515625,4003.4332886046573,3952.51251928902,4001.5350272065516,1587640
2024-11-13,3939.224853515625,3983.264427096759,3920.9063521955636,3965.5632315109633,1098813
2024-11-14,3935.000732421875,3948.383567490613,3907.049112395529,3924.655300859059,1825432
2024-11-18,3815.031005859375,3998.687803877484,3787.2214288591285,3998.687803877484,3313944
2024-11-19,3834.060791015625,3921.9501508023773,3809.9054621443674,3815.4102345767187,1776233
2024-11-21,3865.6669921875,3884.2698145282143,3819.3018656674813,3839.1386042394874,2384347
2024-11-22,4028.680419921875,4038.504015740722,3847.776008717878,3863.9112312507355,3096553
2024-11-25,4095.59423828125,4107.932938170639,4035.89400612037,4062.2796558913474,4052167
2024-11-26,4131.28125,4144.47407361588,4090.7531850402665,4101.240893559863,2060669
2024-11-27,4112.15625,4154.724856872267,4104.088638616241,4137.213672581404,1558993
2024-11-28,4028.96484375,4119.179995477792,4017.670281030027,4099.2955217974695,2558544
2024-11-29,4053.594970703125,4080.0283535687327,3982.220156194433,4005.3315815871606,2017425
2024-12-02,4059.099609375,4070.0623467391047,4014.87002722247,4052.7879830735096,1670944
2024-12-03,4083.872314453125,4104.990473536637,4048.469923029549,4094.8823237874603,2010905
2024-12-04,4132.89453125,4163.789012881952,4070.8687487593297,4094.1224503683907,3302642
2024-12-05,4236.966796875,4260.647793669346,4138.209931031042,4176.934278953506,3746747
2024-12-06,4219.3603515625,4237.868399443609,4188.276322428843,4226.4788315167725,1842087
2024-12-09,4225.67236328125,4242.0448686697655,4190.934085246633,4205.07650413352,2066639
2024-12-10,4207.0693359375,4265.20359458783,4187.659890094591,4200.994991803812,2087828
2024-12-11,4202.22900390625,4222.350297163338,4182.819095248504,4206.405086397892,1635256
2024-12-12,4228.33056640625,4256.851762402647,4200.853043566135,4204.696838041356,1914642
2024-12-13,4246.31591796875,4266.247663475759,4170.8600242636485,4209.347553772588,1967048
2024-12-16,4190.60205078125,4247.359881247422,4173.327686669254,4232.1737900519,1646224
2024-12-17,4108.31298828125,4207.449893451831,4098.347114103832,4185.667154515493,3225027
2024-12-18,4126.67822265625,4140.108330075579,4071.3913564877716,4092.3672387441043,1575404
2024-12-19,4054.59130859375,4142.006337975124,4045.1950074358338,4064.177621267067,3015763
2024-12-20,3958.159423828125,4159.090570831168,3941.2650833812017,4108.7866456248585,4116989
2024-12-23,3946.76953125,4002.4836820374535,3905.5773564971237,3986.395733224167,2195338
2024-12-24,3966.891845703125,4003.4333784366027,3946.7700890546093,3946.7700890546093,1181886
2024-12-26,3957.02099609375,3986.3017716323247,3932.390868416551,3966.8918629397335,1208464
2024-12-27,3952.987060546875,3968.2681573970385,3936.2822676568094,3951.2310760757846,858100
2024-12-30,3947.244873046875,3985.6846693501766,3902.8257382512747,3939.841838395195,1527169
2024-12-31,3886.500732421875,3929.3541258203386,3826.942776465206,3924.655743120756,1555429
2025-01-01,3903.252685546875,3923.706266508262,3877.6259252343875,3886.1205985527304,763161
2025-01-02,3963.332763671875,3970.21396166903,3888.541445300585,3910.4187239006465,1720835
2025-01-03,3891.3408203125,3967.3190100554248,3884.127566106747,3967.3190100554248,1791953
2025-01-06,3886.6904296875,3938.560332599053,3859.545197490021,3896.656302584134,2085593
2025-01-07,3823.38330078125,3929.7334436078268,3807.4853613249484,3905.6256161656233,2669054
2025-01-08,3899.408203125,3916.112994968031,3813.3696038615626,3829.6471015423167,2181277
2025-01-09,3833.396728515625,3927.2656647049257,3820.535960823577,3892.3851104960186,2392472
2025-01-10,4048.659423828125,4078.41476503514,3957.875161786487,3986.3490838137277,7894300
2025-01-13,4072.815185546875,4103.045093599212,4012.3553694421994,4029.060163870238,4003771
2025-01-14,4017.7177734375,4094.4550879803073,4004.4299428133863,4083.1605246383615,3441709
2025-01-15,4033.425537109375,4039.927174483125,3993.419774545102,4003.4329171138693,1653474
2025-01-16,3992.328369140625,4075.567318807286,3978.613708278282,4043.2968742708517,2637705
2025-01-17,3986.529052734375,4021.6167474694225,3963.0891152645204,4020.939941929559,1761466
2025-01-20,3941.582275390625,4007.3105183689017,3932.2063483825796,4007.3105183689017,1287799
2025-01-21,3901.033447265625,3973.672984292028,3895.3787707849365,3958.4974864018836,1971591
2025-01-22,4017.749755859375,4024.0807657149944,3909.1043123511595,3914.7106117823487,2409223
2025-01-23,4006.97216796875,4051.3387922287297,4001.75217643321,4028.7687004365903,1822998
2025-01-24,4013.642333984375,4038.4354105526413,3966.9073539751175,3966.9073539751175,1910099
2025-01-27,3929.354736328125,4017.5084152856,3906.0599315038703,3964.973867046099,1551782
2025-01-28,3905.335205078125,3964.974090445813,3893.7360609812577,3934.8163629909964,2468272
2025-01-29,3962.84716796875,3970.6285432095738,3918.5772926221866,3918.5772926221866,1217089
2025-01-30,3963.0888671875,3991.941831258984,3922.927021299046,3962.943972286711,1531251
2025-01-31,3975.026123046875,3990.5402596455497,3948.783156988766,3972.706388892682,1492943
2025-02-01,3937.087890625,3997.741750919845,3920.5108741974614,3975.606811038994,437172
2025-02-03,3932.738037109375,3940.80920259535,3865.12474024913,3896.2490630112698,1265713
2025-02-04,3969.855224609375,3981.2613328675334,3930.2250514324437,3947.285364884988,2547132
2025-02-05,3954.43798828125,4011.3703550712034,3939.8423053663196,4011.3703550712034,1693912
2025-02-06,3946.3671875,4001.221473922295,3916.20945960672,3968.2604779070675,2284536
2025-02-07,3894.798828125,3953.374595002479,3874.113784051329,3953.374595002479,1548940
2025-02-10,3902.096923828125,3916.644230568612,3880.2520112210996,3905.045086746592,1339511
2025-02-11,3831.14892578125,3905.045090759602,3822.884488602531,3884.1665374644367,1810908
2025-02-12,3818.1962890625,3887.404606196338,3808.5303361658844,3838.446649169052,1678002
2025-02-13,3779.53271484375,3851.3507965730623,3771.896705969927,3835.4503502565626,2277310
2025-02-14,3803.407470703125,3816.1181040365336,3769.72153134308,3793.886412954254,1681975
2025-02-17,3774.0712890625,3802.585849960782,3727.3846896150562,3727.674715397498,1799806
2025-02-18,3743.81689453125,3793.3065270348457,3735.4075625604055,3768.1750490618683,2149879
2025-02-19,3657.693603515625,3745.508650556862,3642.276218704507,3742.8505133115236,4366672
2025-02-20,3653.150146484375,3661.4629603766616,3625.988960412709,3635.848185178673,2888572
2025-02-21,3659.52978515625,3689.4942392872176,3648.8972369162293,3649.960586134303,1833931
2025-02-24,3552.81787109375,3637.4914799757285,3547.4048428794777,3618.111196511734,2508516
2025-02-25,3508.305908203125,3535.8054964280086,3500.283120267886,3503.907852529123,4101954
2025-02-27,3491.87353515625,3516.4733357865325,3480.4192876480943,3491.0518348426112,3823856
2025-02-28,3366.893310546875,3479.743319591976,3341.52018217485,3465.196012128309,7085018
2025-03-03,3376.365966796875,3405.557099448941,3360.03036363457,3368.584826957939,4990439
2025-03-04,3414.06298828125,3432.3799220820893,3348.576156481458,3357.952083726606,2797737
2025-03-05,3428.561767578125,3480.081342184221,3403.2370189380595,3403.2370189380595,2501894
2025-03-06,3481.289794921875,3488.87742658408,3417.977801534333,3438.179549305139,2786513
2025-03-07,3490.56884765625,3503.9079097926337,3454.998093954285,3479.743027656133,2051315
2025-03-10,3469.73876953125,3501.1049762137254,3462.9244613654673,3486.0259949428714,1004626
2025-03-11,3455.8681640625,3468.8688234276665,3419.4757100500633,3439.146018462038,1995450
2025-03-12,3389.076416015625,3450.020297279617,3370.3729384283747,3445.912267227522,3174167
2025-03-13,3393.7646484375,3406.572036816029,3367.714950970284,3385.3069391309236,1693004
2025-03-17,3380.8603515625,3412.5163478055665,3361.1902786941764,3372.4510196048896,2690906
2025-03-18,3380.8603515625,3380.8603515625,3380.8603515625,3380.8603515625,0
2025-03-19,3380.2802734375,3428.5132810234372,3347.0776328908673,3428.5132810234372,3051244
2025-03-20,3444.123779296875,3459.3960314822807,3394.68252652922,3394.68252652922,2845192
2025-03-21,3458.574951171875,3495.45046975286,3349.2529215882914,3358.918875185949,4161925
2025-03-24,3507.725830078125,3527.831058731868,3447.4587570622184,3479.7429444303652,1834751
2025-03-25,3535.56396484375,3586.0685693582973,3516.473707634902,3523.2398747468987,3135390
2025-03-26,3514.346923828125,3557.5536826670163,3504.7293486525073,3525.897689430406,1734499
2025-03-27,3529.232666015625,3540.638537603521,3489.892285017066,3494.0970689111577,2528474
2025-03-28,3485.6875,3538.656968927356,3471.9135171595426,3529.0393930182477,2051919
2025-04-01,3432.186279296875,3464.2771927018816,3407.248075969345,3453.354619757771,2618493
2025-04-02,3425.5654296875,3445.0424669343693,3412.129849162714,3425.6138066504323,1764313
2025-04-03,3289.468505859375,3385.0165399960483,3282.7023391603534,3374.383992326158,4537821
2025-04-04,3189.1845703125,3286.0857531447828,3185.414942880682,3250.2735845869393,5317367
2025-04-07,3164.68115234375,3181.4514379526936,2953.963392712106,2996.445205771086,6623955
2025-04-08,3182.949951171875,3237.127665022999,3146.5577324611054,3191.7460628104113,5557558
2025-04-09,3138.148193359375,3160.76642752928,3104.752280697163,3151.6321497293247,2990265
2025-04-11,3123.552490234375,3188.7492913945475,3098.904311833949,3179.663390613554,7108961
2025-04-15,3139.694580078125,3203.683137131328,3130.4154074577086,3203.683137131328,3512160
2025-04-16,3164.439453125,3168.595859734791,3121.1359404182936,3139.6945212968367,2384391
2025-04-17,3188.701171875,3193.2443586174536,3110.50370573642,3137.085076745666,2932346
2025-04-21,3210.642822265625,3241.960413439671,3174.3955010062373,3180.195072407739,2432946
2025-04-22,3203.683349609375,3222.531957851611,3184.931495290658,3211.6096198122023,2710498
2025-04-23,3298.98974609375,3306.625754540036,3225.818529364827,3252.593171873855,3543923
2025-04-24,3287.970703125,3298.5064976170884,3274.5348867157572,3287.4874054696716,2252175
2025-04-25,3332.820556640625,3361.625143451318,3291.256959211522,3305.7558885472554,2742991
2025-04-28,3328.470703125,3342.2930622298845,3291.2567864500143,3320.2546435993536,1593296
2025-04-29,3356.502197265625,3378.250591632357,3315.808440523134,3339.586779424834,1578332
2025-04-30,3338.330078125,3392.65268577439,3253.5597190937174,3356.0188189819924,2809332
2025-05-02,3316.388427734375,3374.867442563267,3305.755879583667,3356.0188344779217,1721761
2025-05-05,3338.91015625,3387.4331925936117,3331.2739118706236,3334.7537493074506,1284443
2025-05-06,3344.419677734375,3356.9854164079434,3322.1879862349847,3344.419677734375,1324763
2025-05-07,3330.017333984375,3343.9362109554654,3306.335750758935,3306.335750758935,1477128
2025-05-08,3333.690185546875,3360.8516058321925,3314.165009149484,3332.8203442362383,2543591
2025-05-09,3325.3779296875,3331.0807476867326,3284.5876543425793,3285.4574957373147,2531757
2025-05-12,3499.46142578125,3509.22413241534,3385.209911911905,3387.916425868549,2228678
2025-05-13,3397.58251953125,3501.9748131612287,3393.232840630001,3499.461570957545,3062887
2025-05-14,3430.15673828125,3442.0459078220697,3391.396407841002,3403.3820953219624,2119499
2025-05-15,3460.314453125,3479.7431132346333,3396.712670565691,3444.945682102287,3548330
2025-05-16,3442.335693359375,3473.8465567565913,3427.6434928317944,3473.8465567565913,1666727
2025-05-19,3401.255615234375,3431.413341631395,3386.659931697025,3431.413341631395,2537377
2025-05-20,3381.440185546875,3439.145874352896,3377.283778805233,3413.8211261851047,2038374
2025-05-21,3408.021728515625,3418.8475485914832,3381.4403579795026,3390.8162851170264,1440153
2025-05-22,3360.851806640625,3380.9570357698217,3336.0103550080185,3378.250521774226,2034383
2025-05-23,3397.19580078125,3416.9142497236344,3349.8326329632987,3360.851724551366,1274331
2025-05-26,3419.137451171875,3426.5801874567637,3392.8461073678304,3403.3819012793415,967470
2025-05-27,3381.8271484375,3421.747584115891,3366.7484023698016,3414.0148212139343,2467680
2025-05-28,3380.8603515625,3411.114831810162,3376.317400825417,3402.4154740639756,1222933
2025-05-29,3381.246826171875,3414.497607273982,3370.034227250032,3387.6262130189975,3188072
2025-05-30,3347.7060546875,3389.5596782127777,3337.7503119241223,3373.4175839622008,3404365
2025-06-02,3334.560546875,3344.4197718377163,3304.4028204069105,3334.7538187399196,1877585
2025-06-03,3291.449951171875,3357.4684509968274,3286.907000896707,3330.887082808426,2848125
2025-06-04,3297.008544921875,3310.563782597761,3286.3791053631217,3304.907652247958,2544807
2025-06-05,3287.451904296875,3324.4113841471617,3280.235380032571,3324.4113841471617,3584683
2025-06-06,3300.226806640625,3306.7605099618336,3275.359545608902,3287.4520036268846,2070390
2025-06-09,3336.991455078125,3348.791310023286,3306.760665733127,3315.634960419095,1718678
2025-06-10,3376.97412109375,3399.3060406489903,3338.2592545088482,3354.6424396212137,2419874
2025-06-11,3385.750732421875,3402.4265208353168,3363.516665314218,3383.8979728571367,2847013
2025-06-12,3348.986083984375,3388.481144938844,3338.259030391803,3385.7505745896515,4060134
2025-06-13,3360.200927734375,3364.8818717382055,3309.003623498393,3309.003623498393,2178493
2025-06-16,3409.54541015625,3421.9302340050463,3341.1847251814343,3354.642349665819,1934088
2025-06-17,3428.073974609375,3432.6573046439225,3401.5489430536663,3422.905437301184,2111940
2025-06-18,3365.75927734375,3450.2105407013996,3357.665418209048,3431.7796073253016,2696327
2025-06-19,3339.039306640625,3365.3693479021017,3328.3122527933565,3364.394161188714,2672768
2025-06-20,3350.44873046875,3360.785804206261,3326.2640538984306,3340.0142809157096,2351248
2025-06-23,3309.393798828125,3340.014567071261,3286.3792966511382,3330.2626997221478,3123421
2025-06-24,3306.27294921875,3356.690292940616,3298.081476031171,3349.376392565029,3403048
2025-06-25,3359.3232421875,3364.3941654870573,3315.634829755361,3322.7537403887272,1757699
2025-06-26,3356.397705078125,3365.759354753242,3330.555256962972,3359.3232652421043,2879106
2025-06-27,3355.71533203125,3380.387367158931,3345.8658502962735,3369.2703330730474,1778433
2025-06-30,3376.096435546875,3378.924381810933,3344.8904604060604,3354.5447137321717,1468351
2025-07-01,3344.597900390625,3398.5257745006766,3328.7999228861,3369.2701724246303,2375183
2025-07-02,3338.356689453125,3403.3039810516498,3335.1385257152824,3400.671024568939,3090585
2025-07-03,3316.4150390625,3350.058980842342,3313.294489180619,3344.8904436190446,2531870
2025-07-04,3334.943603515625,3341.964900305915,3305.980605453995,3323.4363525656718,1109320
2025-07-07,3327.044677734375,3341.0875101654565,3323.8265137554163,3333.481005692293,1639174
2025-07-08,3321.68115234375,3340.0147113686808,3309.1987139810713,3320.510975827842,2325242
2025-07-09,3299.836669921875,3329.28725945695,3283.4534864064294,3325.3865128143525,2034938
2025-07-10,3298.081298828125,3314.659472122057,3272.7264455550526,3296.130925499427,3035012
2025-07-11,3184.959716796875,3252.247598137654,3180.1813972680684,3218.0184502225306,7635550
2025-07-14,3142.734130859375,3190.8108827918168,3120.5974403831947,3184.9597625910983,3924009
2025-07-15,3171.599609375,3178.5232917839735,3126.4484195792625,3126.4484195792625,2590889
2025-07-16,3163.576171875,3175.1222359666176,3151.344969328223,3157.607249475903,2540733
2025-07-17,3140.18994140625,3172.2846643823304,3135.199754145851,3154.7696780470374,2947640
2025-07-18,3121.304931640625,3159.3685771406017,3118.46738821797,3155.6502438038765,3432645
2025-07-21,3090.286865234375,3128.83976152069,3084.2202361520617,3121.4030943290218,3844346
2025-07-22,3091.65673828125,3111.7159107005,3086.764257203384,3091.65673828125,3198036
2025-07-23,3110.7373046875,3113.5748480562365,3089.6996367952283,3091.6566291573,1922875
2025-07-24,3080.30615234375,3105.4534578423713,3072.478182452152,3097.0385335433134,2934778
2025-07-25,3068.368408203125,3089.014534530361,3058.3877948178133,3072.4780444334683,2568917
2025-07-28,3013.08349609375,3050.9512525080645,3003.885488175128,3043.12328264916,3374473
2025-07-29,2990.284423828125,3007.8973556438664,2975.802632112602,2994.1984086760676,4785312
2025-07-30,2987.93603515625,3003.0047807939304,2981.673516260727,2994.1983151611034,2880121
2025-07-31,2971.497314453125,2994.0027271024683,2950.166049468222,2976.2918502873677,2968371
2025-08-01,2938.424072265625,2971.4972914199097,2935.488583681943,2964.7455243430377,2053847
2025-08-04,3008.28857421875,3013.181055141491,2927.2692812506943,2944.392964480288,2519252
2025-08-05,2998.014404296875,3011.322048140622,2976.5854331255146,3008.2886143717656,1927996
2025-08-06,2967.093994140625,3000.8521121202134,2960.9294204705666,2997.1337788834585,1487081
2025-08-07,2981.47802734375,2985.9792055799644,2946.154217712285,2951.1446440658847,2543076
2025-08-08,2971.105712890625,2994.002666894786,2959.9509519667536,2982.5543093380406,2762140
2025-08-11,2975.4111328125,2984.3153044195046,2956.3304579380692,2971.105606429514,1884215
2025-08-12,2970.127197265625,3029.8154640054736,2961.809979769089,2975.6068714078456,3358232
2025-08-13,2970.91015625,2978.9337774241835,2963.473728360306,2970.812449963036,2148166
2025-08-14,2957.30908203125,2990.1864106721328,2954.1779420022144,2968.757439673081,3342174
2025-08-18,2946.44775390625,2983.434958599791,2938.815435653507,2980.988718063058,2945609
2025-08-19,2951.340087890625,2959.950901928915,2946.349900778797,2946.4476070609903,2650784
2025-08-20,3031.96826171875,3036.664852119672,2946.1539583708727,2946.1539583708727,4952358
2025-08-21,3035.882568359375,3062.693270119804,3016.801891436903,3062.693270119804,3230726
2025-08-22,2988.327392578125,3029.1306363096523,2984.4134077810354,3019.639270954844,1593791
2025-08-25,3073.0654296875,3084.220191422538,3010.9309175823823,3020.9115315912086,3448370
2025-08-26,3089.30810546875,3094.0049349317896,3052.9080951888627,3061.7145608480614,5522097
2025-08-28,3027.173828125,3078.838478368692,3020.1287028396528,3077.370733980466,3116051
2025-08-29,3018.3671875,3048.0156702082504,3011.028465982645,3026.4887537573413,2271789
2025-09-01,3045.667236328125,3063.7694152474464,3023.5531276055535,3023.5531276055535,1246862
2025-09-02,3044.591064453125,3087.1556510845603,3036.371791556432,3053.9847239556466,2185229
2025-09-03,3030.89208984375,3074.33722714916,3021.5963756053266,3062.595272321678,1799774
2025-09-04,3029.130615234375,3050.951128104469,3024.3360794475675,3048.99413571954,1481391
2025-09-05,2982.75,3036.664997028233,2963.47367273015,3030.5006621101975,2802055
2025-09-08,2954.079833984375,2998.9927110613953,2951.144345576971,2984.413214194218,2626187
2025-09-09,2983.826171875,2994.19832699537,2965.62628616296,2966.898378981974,2489301
2025-09-10,3043.123291015625,3055.550145422665,2987.740308555338,2990.675797260498,2079428
2025-09-11,3057.017822265625,3071.4996140027415,3043.221168990462,3071.4996140027415,2263446
2025-09-12,3066.019775390625,3080.990814432397,3053.886518550216,3076.3919302537256,1447167
2025-09-15,3044.982421875,3066.607284819441,3029.4244268669395,3066.607284819441,1732539
2025-09-16,3078.055419921875,3082.26300132086,3042.242602669502,3060.736085121159,2573429
2025-09-17,3104.57275390625,3113.966173979194,3074.8263264485827,3084.2199854121977,2418271
2025-09-18,3108.388916015625,3134.1234145595795,3093.4178759668794,3116.51048247651,2633138
2025-09-19,3101.050048828125,3112.107103450778,3076.3919928468,3101.8328935510035,4901694
2025-09-22,3007.70166015625,3040.089740964508,2999.090845838676,3028.445731768582,3634901
2025-09-23,2996.546875,3014.4534044791503,2986.3706093710016,3003.983542191669,3177741
2025-09-24,2970.127197265625,2991.262810224855,2967.778901999341,2984.4133369924134,1625714
2025-09-25,2893.804443359375,2964.4520571099356,2887.5421635017433,2957.015390749667,4974361
2025-09-26,2836.758544921875,2891.260737711385,2829.126226471788,2877.7574418213358,3934636
2025-09-29,2833.82275390625,2866.3087778304835,2831.7678164651984,2853.2947314486933,3110035
2025-09-30,2826.288330078125,2852.610021207006,2823.0594837288886,2848.402439766557,2253458
2025-10-01,2851.53369140625,2861.9058470940704,2804.957413772581,2828.8326264436423,1952902
2025-10-03,2839.498046875,2861.1229086009284,2828.9304789544044,2861.1229086009284,2899519
2025-10-06,2924.137939453125,2929.22631078988,2833.3336834873367,2839.5959635916415,2112774
2025-10-07,2909.75390625,2939.891634958981,2891.9453243871753,2930.5959216848555,3062943
2025-10-08,2962.103759765625,2977.5640480826064,2904.176830334925,2911.0263039913752,4121889
2025-10-09,2995.86181640625,3000.069397912704,2955.0585719818546,2968.757519004287,3211304
2025-10-10,2963.179931640625,3003.983173218589,2942.239970746985,2984.413250266025,8817365
2025-10-13,2942.53369140625,2970.225181329542,2933.7272257063764,2961.9079637241057,2866865
2025-10-14,2896.642333984375,2962.1036338769445,2891.9455044700007,2956.0370052457697,3611416
2025-10-15,2916.7763671875,2926.499513769408,2898.31197994854,2917.954894078994,4282226
2025-10-16,2917.66015625,2921.883430677564,2890.553079047838,2916.87439174088,3251495
2025-10-17,2909.311767578125,2935.4369375213087,2902.6331292681275,2916.972551528368,4374683
2025-10-20,2961.365478515625,2969.0262624451843,2925.320781572273,2932.1958010354274,3133039
2025-10-21,2953.017333984375,2977.669286180243,2942.508423286113,2976.981832168517,310644
2025-10-23,3018.330078125,3042.687339125331,2981.892616996725,3000.4550745732363,5564758
2025-10-24,3008.508544921875,3034.8300966289034,3003.6961270890743,3025.0086400055093,2684318
2025-10-27,3029.821044921875,3038.9550474990237,3005.5620951218402,3011.7496607245316,1946312
2025-10-28,3003.30322265625,3035.0265765381446,2985.919291823652,3021.0801556355614,3470737
2025-10-29,3003.0087890625,3021.080174034828,2991.714113509379,3003.3032409472494,2895420
2025-10-30,2981.106689453125,3009.0978400091353,2978.6513253692647,2994.6603471523654,2241536
2025-10-31,3003.4013671875,3012.6334402910475,2971.088871543434,2980.8120174669925,1868085
2025-11-03,2962.93701171875,3003.4013640895914,2956.2583734171585,2992.499451583931,2194877
2025-11-04,2936.81201171875,2975.214004338424,2922.8655907942766,2965.6872390451917,2670720
2025-11-06,2957.142333984375,2970.0085383136757,2936.61558517126,2936.7138956519902,2542721
2025-11-07,2938.383544921875,2950.3656744717186,2907.6423366423182,2947.419237380036,1830520
2025-11-10,2971.18701171875,2993.4816703122747,2938.579823663838,2939.5619693268272,1556656
2025-11-11,2992.597900390625,3001.142519888641,2964.1156755427983,2990.633609021809,2806868
2025-11-12,3075.8837890625,3080.4015151753365,3002.51755709654,3005.3656835637266,4460315
2025-11-13,3050.249755859375,3075.9819244274895,3046.61586484088,3075.8838537295965,1740435
2025-11-14,3050.54443359375,3057.517763723578,3022.356900982103,3034.830102963518,2210794
2025-11-17,3046.812255859375,3067.7320066302495,3031.4909272444793,3050.544457369475,2232853
2025-11-18,3031.98193359375,3049.5622448251693,3023.0443122614724,3046.6158078736476,2548350
2025-11-19,3091.499755859375,3098.6694669245953,3028.4460542827223,3041.705020306013,3151053
2025-11-20,3088.65185546875,3108.0000778660146,3082.0715272134535,3091.794673762747,2700767
2025-11-21,3094.34814453125,3113.4016740052466,3079.2229578295533,3088.6516518716926,4177037
2025-11-24,3085.115966796875,3122.1428110333977,3075.0981288018247,3101.616062202543,6703764
2025-11-25,3063.5087890625,3093.562543096727,3059.3838251197944,3089.142887490615,2737920
2025-11-26,3106.428466796875,3121.2589624366606,3061.348076121797,3063.115986297256,2508527
2025-11-27,3080.59814453125,3123.223169867727,3069.205159068128,3123.223169867727,2836233
2025-11-28,3081.48193359375,3091.1070087848907,3069.205113141185,3083.937297684263,1616690
2025-12-01,3077.455078125,3097.687374390369,3066.4550948216056,3081.8747335418534,1747647
2025-12-02,3079.714111328125,3087.8659682974553,3064.6872347092776,3075.0980746626374,2512003
2025-12-03,3123.22314453125,3154.5534946281955,3082.9551731709416,3083.9373188138757,3952112
2025-12-04,3171.544677734375,3191.9733551637537,3130.4909417024,3136.9731988901626,5025905
2025-12-05,3180.384033203125,3213.187842167148,3164.866083794654,3172.330486734928,5244013
2025-12-08,3178.71435546875,3201.6964674714213,3151.3125880977464,3185.0983021118977,2544725
2025-12-09,3151.01806640625,3175.964471029267,3124.401822284255,3172.330579931189,2734893
2025-12-10,3132.259033203125,3167.41989738469,3121.357359750894,3167.41989738469,1386849
2025-12-11,3134.91064453125,3151.1160479641035,3096.8035846478047,3147.7768486239356,1914362
2025-12-12,3163.0,3165.4553640739014,3128.8212841349605,3140.607031689688,1146554
2025-12-15,3172.52685546875,3180.384020730158,3140.2143592438706,3153.7680172761306,1562190
2025-12-16,3147.875244140625,3162.509118995985,3134.1252044928165,3162.509118995985,1734623
2025-12-17,3160.348388671875,3179.107227122374,3143.3572206041695,3143.3572206041695,1376350
2025-12-18,3222.2236328125,3229.09865265339,3163.4912725011322,3170.366292342023,2307422
2025-12-19,3223.402099609375,3258.661033366418,3220.259281411304,3240.09857605464,3902511
2025-12-22,3265.5361328125,3269.170263717588,3232.2414895890165,3250.9022578364156,2632816
2025-12-23,3250.902099609375,3260.625245626059,3234.6966963938,3260.625245626059,2365420
2025-12-24,3259.741455078125,3267.696930860065,3237.2504153109776,3245.107580613968,1367708
2025-12-26,3221.437744140625,3260.7235702886815,3213.384197736604,3253.9468611908032,1176664
2025-12-29,3193.446533203125,3229.294848891858,3184.9999848268185,3221.437683809396,2079473
2025-12-30,3188.83056640625,3209.160933545371,3181.6608551553877,3191.973384551631,2807593
2025-12-31,3148.955322265625,3188.0447669329633,3141.392848747715,3182.151893056932,3362634
2026-01-01,3169.77685546875,3176.3574233163417,3141.0982497161094,3157.59834501185,1255735
2026-01-02,3192.660888671875,3196.196709004467,3162.017991655493,3176.2591039024273,1184324
2026-01-05,3158.6787109375,3189.026915514335,3134.026759287417,3182.642968809425,2341703
2026-01-06,3197.669921875,3204.9377039238207,3147.7768738587542,3152.6876022111082,2912325
2026-01-07,3236.75927734375,3241.6700055592964,3165.651788913644,3185.0000101265678,1989442
2026-01-08,3146.6962890625,3228.2143763788763,3125.1873956711997,3228.2143763788763,4159336
2026-01-09,3150.52685546875,3172.0357492326657,3134.0267606372377,3134.0267606372377,1938673
2026-01-12,3181.75927734375,3193.937788002805,3117.6251157476318,3145.8126491306843,2228342
2026-01-13,3209.652099609375,3221.437847833155,3153.1787227037635,3187.0627488471305,5645341
2026-01-14,3135.5,3201.7948316366483,3126.1696162881753,3201.7948316366483,3539511
2026-01-15,3135.5,3135.5,3135.5,3135.5,0
2026-01-16,3206.699951171875,3221.89990234375,3171.0,3219.39990234375,4293470
2026-01-19,3163.60009765625,3220.0,3152.10009765625,3188.0,3387562
2026-01-20,3102.300048828125,3160.0,3091.10009765625,3151.60009765625,4499273
2026-01-21,3122.60009765625,3138.5,3082.0,3100.0,2015150
2026-01-22,3150.39990234375,3160.0,3122.300048828125,3150.0,2269827
2026-01-23,3162.5,3194.5,3152.0,3190.300048828125,2068857
2026-01-27,3158.0,3175.0,3130.0,3175.0,4279874
2026-01-28,3200.10009765625,3205.199951171875,3170.60009765625,3176.0,2751234
2026-01-29,3144.39990234375,3200.10009765625,3125.60009765625,3200.10009765625,2457641
2026-01-30,3123.89990234375,3141.0,3092.0,3141.0,3022068
2026-02-02,3169.60009765625,3198.0,3134.0,3198.0,2636272
2026-02-03,3225.300048828125,3350.0,3186.300048828125,3350.0,4366060
2026-02-04,2999.10009765625,3120.0,2986.0,3120.0,10852595
2026-02-05,2991.5,3029.699951171875,2972.300048828125,2990.0,3521545
2026-02-06,2941.60009765625,2985.0,2916.0,2976.60009765625,4687389
2026-02-09,2948.199951171875,2977.0,2937.5,2959.10009765625,2380318
2026-02-10,2984.60009765625,3011.60009765625,2943.5,2949.800048828125,3547763
2026-02-11,2909.800048828125,2998.0,2904.199951171875,2980.0,3363513
2026-02-12,2750.10009765625,2880.0,2740.0,2869.800048828125,10612156
2026-02-13,2692.199951171875,2713.0,2585.0,2585.0,11168735
2026-02-16,2706.60009765625,2719.800048828125,2671.0,2700.0,2918730
2026-02-17,2717.39990234375,2760.0,2695.199951171875,2716.0,4209118
2026-02-18,2694.89990234375,2730.0,2657.300048828125,2730.0,2950820
2026-02-19,2677.89990234375,2748.699951171875,2666.60009765625,2708.0,3238849
2026-02-20,2686.199951171875,2702.60009765625,2647.5,2667.0,2293482
2026-02-23,2676.300048828125,2704.0,2660.199951171875,2686.0,4699596
2026-02-24,2573.699951171875,2647.5,2561.300048828125,2641.0,7798833
2026-02-25,2629.300048828125,2654.199951171875,2595.0,2596.0,3621285
2026-02-26,2647.699951171875,2671.0,2635.0,2650.0,3464267
2026-02-27,2637.39990234375,2688.60009765625,2626.10009765625,2681.60009765625,5083717
2026-03-02,2613.5,2623.800048828125,2580.300048828125,2592.0,3374385
2026-03-04,2587.800048828125,2635.0,2580.39990234375,2625.0,3446434
2026-03-05,2578.800048828125,2609.5,2546.39990234375,2600.0,2960636
2026-03-06,2557.60009765625,2619.199951171875,2553.60009765625,2572.0,3998643
2026-03-09,2527.39990234375,2560.0,2505.0,2530.0,3653428
2026-03-10,2513.10009765625,2545.199951171875,2490.10009765625,2541.0,4323710
2026-03-11,2464.89990234375,2521.0,2460.10009765625,2508.10009765625,2720664
2026-03-12,2442.39990234375,2472.89990234375,2436.0,2459.800048828125,2752075
2026-03-13,2410.5,2445.89990234375,2397.0,2437.0,2466488
2026-03-16,2409.199951171875,2425.0,2366.10009765625,2410.0,3807907
2026-03-17,2391.699951171875,2420.0,2360.0,2420.0,2993367
2026-03-18,2440.800048828125,2482.89990234375,2410.0,2410.0,3082388
2026-03-19,2356.0,2424.0,2350.199951171875,2417.0,2757060
2026-03-20,2390.60009765625,2407.800048828125,2364.199951171875,2386.0,4206320
2026-03-23,2383.800048828125,2406.800048828125,2348.0,2365.0,3860515
2026-03-24,2398.800048828125,2435.39990234375,2379.10009765625,2404.10009765625,3419135
