Price,Close,High,Low,Open,Volume
Ticker,TECHM.NS,TECHM.NS,TECHM.NS,TECHM.NS,TECHM.NS
Date,,,,,
2021-03-24,832.7562255859375,850.5502999558122,828.6434142812727,842.4926078347202,2749823
2021-03-25,813.0736083984375,836.7431504580185,809.2125902017347,833.2178907930495,3654840
2021-03-26,831.7909545898438,837.4984907528233,820.0401237480094,820.7955547939501,2761824
2021-03-30,853.530029296875,855.9640992824509,832.210643849158,832.210643849158,4300037
2021-03-31,832.168701171875,858.6500285614609,830.2801747160947,858.6500285614609,3780505
2021-04-01,832.7562255859375,845.8919450973822,827.5942329514661,839.3450638453003,3555291
2021-04-05,837.4146728515625,845.3884518379849,821.0474423004848,832.6303952137965,5118272
2021-04-06,832.0847778320312,846.0598948004707,829.7346217034977,844.3812045330094,2395572
2021-04-07,841.359619140625,844.0874909439058,824.3208712010976,832.6304088783013,2974419
2021-04-08,863.6860961914062,881.1864207973387,843.541814064493,846.0598493303571,6737118
2021-04-09,883.8305053710938,887.0200581500079,853.2363622469504,863.6442121042741,6029994
2021-04-12,872.7930297851562,888.9085180676876,853.4461344111385,882.1517486571208,7896295
2021-04-13,840.8978881835938,881.5222124932452,825.0762531595906,877.1156506121793,6448995
2021-04-15,833.5955810546875,845.8919556557697,814.4165153686959,840.8978422176425,4373215
2021-04-16,847.9903564453125,850.6762710497437,835.9877315890919,837.6664218131665,2660763
2021-04-19,839.4290161132812,847.2349665464113,825.3280286439989,838.5896710111864,2777425
2021-04-20,825.4120483398438,845.6402461428501,816.9765885237015,835.9877768320383,4028636
2021-04-22,812.3181762695312,827.1745947623158,806.3168895516092,817.1863675960409,5085190
2021-04-23,797.5457153320312,814.9621259619375,793.5168691430731,811.2270300628652,3916517
2021-04-26,807.6179809570312,814.1648634273378,786.4664711664077,798.2173042468023,5053998
2021-04-27,813.5352172851562,828.9371789828431,792.4676763079493,808.0375172672373,10497935
2021-04-28,820.3759155273438,822.5581922803456,812.4860511503821,818.3614668095274,2968625
2021-04-29,819.9561767578125,826.7548509796302,814.6263051025968,826.7548509796302,2747579
2021-04-30,806.1071166992188,819.9563119172758,801.9103908755651,817.3543111688726,3129105
2021-05-03,803.8408203125,809.9680293560169,801.5745782746075,805.7713038153122,3506839
2021-05-04,806.1071166992188,814.0808957641607,802.0782189248606,809.1287388004241,4064221
2021-05-05,806.1071166992188,816.347086725283,800.5254508619341,816.347086725283,3041045
2021-05-06,820.8375854492188,826.503165113437,803.9667174891428,809.9680556993616,4620827
2021-05-07,823.3555908203125,826.1254194203107,815.9273559049086,822.5582027248204,2002597
2021-05-10,831.3714599609375,833.1760727182022,816.7668322976613,826.755061142376,2036101
2021-05-11,820.0820922851562,828.3916289891051,814.5843923099138,825.9155507809945,2029457
2021-05-12,807.7437133789062,820.0401392338574,797.7135807045745,820.0401392338574,3070622
2021-05-14,799.2244873046875,811.1851560697448,790.1595696444516,808.2894049649234,2090820
2021-05-17,800.189697265625,804.0507157850637,791.5024952486241,800.7352921179081,2281200
2021-05-18,814.7942504882812,821.7188475179266,803.2952124476855,806.0650410136319,2000985
2021-05-19,820.5858154296875,827.8461203194366,807.9536297993693,813.3254593103755,2152740
2021-05-20,816.7667236328125,826.5870718771404,810.1359278587984,826.5870718771404,1769194
2021-05-21,822.9779052734375,827.5943035182145,815.7175493602817,819.9982402886301,1534262
2021-05-24,825.663818359375,834.3090629915441,818.4454194710071,822.3903518457527,1830838
2021-05-25,833.1759033203125,840.7719659496317,825.7476687211645,830.9935754029536,2719646
2021-05-26,845.8920288085938,849.4172886715223,833.4697308802586,835.6940160113913,2013788
2021-05-27,855.9640502929688,866.2040698922573,845.1365301570486,845.2204441681231,6393813
2021-05-28,861.3779296875,867.043509249391,849.9208483038518,856.1320226857491,1839013
2021-05-31,857.5169677734375,866.2041693286593,850.2566119476083,860.32875345143,1801746
2021-06-01,864.945068359375,866.2040859261282,850.5502803543424,860.0768261176183,1262702
2021-06-02,853.5719604492188,860.0768333694,834.3089812695684,856.2998318668507,5252186
2021-06-03,851.3897094726562,856.7615387797541,845.22054327819,853.5720375415978,2024676
2021-06-04,855.4606323242188,861.9655063508417,848.5779914846617,855.7543826504141,2315912
2021-06-07,868.2186889648438,872.0376481211833,855.6704680715297,860.2868154078982,1745475
2021-06-08,887.8173217773438,890.4612794599968,870.4429183641215,872.0796004033658,4517995
2021-06-09,883.2008666992188,893.4408357642586,878.1227879455266,887.8172646719873,2163655
2021-06-10,893.818603515625,901.4566233144548,886.7680842939678,889.453947588353,3934077
2021-06-11,900.6172485351562,908.5071125835777,885.4251234552303,893.8185740473566,4988857
2021-06-14,897.4697265625,905.9470913765279,888.0270944148937,900.6172706117021,2757666
2021-06-15,895.4553833007812,917.4042802130753,891.090829355697,897.4698322212541,3484298
2021-06-16,897.3858642578125,904.7720399100956,885.5091102026071,898.0992871249191,1881596
2021-06-17,906.7025756835938,910.43762052433,887.2298096726958,889.6638285797163,3161931
2021-06-18,898.6868286132812,916.2291630815481,885.5091504854424,914.4665587240659,4396398
2021-06-21,892.139892578125,898.1412303015003,885.5090460542372,888.8664263236371,1074790
2021-06-22,887.3556518554688,899.7780010627462,884.417943829611,890.5872126512122,2437289
2021-06-23,886.7261352539062,891.6363863072859,871.617922681351,889.7058514949209,4130539
2021-06-24,906.4927368164062,908.4232715914234,883.4107458326552,886.8101345793655,3617010
2021-06-25,914.466552734375,925.9655404542225,903.9747382238843,912.7039483884378,3200049
2021-06-28,927.560302734375,929.9944241558496,907.4160191786526,915.725556637213,2143755
2021-06-29,913.3333129882812,931.1693948387152,909.0106656009424,930.833636335591,2956332
2021-06-30,919.4605712890625,927.4763581736689,909.2626100420517,913.3753191652986,1917370
2021-07-01,910.8155517578125,922.7342137589759,907.3322483514069,919.9224275607233,1459518
2021-07-02,914.3826904296875,921.1813661252089,902.2960989381318,912.3682414379062,1669409
2021-07-05,902.002197265625,919.0408406601215,899.1063953073296,917.4041587621698,2597359
2021-07-06,880.9347534179688,902.0022964363159,879.4238911467363,902.0022964363159,3865594
2021-07-07,877.8711547851562,889.2862288782709,864.6094597984118,880.9347852207346,3713891
2021-07-08,889.831787109375,892.5596588647936,877.1156875115216,880.4730681335753,2171947
2021-07-09,882.7811889648438,897.0920635799147,880.4729899920334,885.676888510723,1889035
2021-07-12,886.8519287109375,888.6145327632438,878.0388059902967,887.1876872111646,3224820
2021-07-13,881.4384155273438,891.3846360307755,879.6338027874319,891.3846360307755,1908081
2021-07-14,905.2337036132812,906.4927212817281,879.6336776881955,884.6697483619829,3173326
2021-07-15,933.7293701171875,939.8146217963471,903.4710422086969,904.8139738115851,5922995
2021-07-16,925.9237060546875,938.6398067135608,909.052887513007,933.687649391003,2323939
2021-07-19,918.411376953125,932.050734969459,911.6127020644994,913.2074782628486,1409001
2021-07-20,912.5360107421875,925.1261880562857,910.6055783628343,919.8802808420782,1230858
2021-07-22,964.07177734375,967.3452437798181,906.4927230214348,906.4927230214348,7309727
2021-07-23,974.7587280273438,983.8082122397992,961.0552023213709,968.6826036876145,2840803
2021-07-26,965.4507446289062,981.2658814066809,962.3050553866332,974.7588285760926,984581
2021-07-27,966.0109252929688,971.9146157048336,951.5318128821532,965.450698055275,1397105
2021-07-28,964.890625,974.5002322278423,953.6433656360882,968.7258409172736,2533035
2021-07-29,972.0009155273438,983.6789973181784,961.0552848444071,972.7765015037046,3821405
2021-07-30,1042.4576416015625,1066.3741381388247,1012.6804840102076,1021.2990413209328,20425030
2021-08-02,1043.44873046875,1046.2928965702345,1030.3916998213049,1042.8454735172847,2385223
2021-08-03,1056.8505859375,1060.0825449159022,1042.8454303644241,1043.707286091998,2603616
2021-08-04,1048.4473876953125,1060.4272021513955,1046.0341498167536,1055.9454896922127,1938175
2021-08-05,1075.7681884765625,1080.7669933675975,1048.8783340736572,1048.9214689392827,5790873
2021-08-06,1089.9027099609375,1097.1423189672423,1071.3297825323118,1079.0433490549783,3894726
2021-08-09,1109.5960693359375,1126.2730611530549,1091.1093068127839,1112.1386067532599,6585101
2021-08-10,1140.2784423828125,1146.00969970996,1105.243980487175,1110.0703522817796,6314469
2021-08-11,1140.75244140625,1143.4673085164889,1118.990580060826,1140.2784837882834,3430349
2021-08-12,1195.006103515625,1202.116413282183,1135.7103872583796,1140.2351298370982,8613315
2021-08-13,1192.07568359375,1197.9793738551634,1177.208673378641,1189.4469817337897,4760344
2021-08-16,1178.8895263671875,1206.5550786502101,1172.339442820876,1191.0416730477284,2912430
2021-08-17,1218.4052734375,1231.419377737741,1181.1731519562595,1182.4659354133441,8042970
2021-08-18,1217.3712158203125,1228.1444124204922,1210.2609060641937,1222.1114223243915,2939739
2021-08-20,1205.9085693359375,1223.8352117028373,1181.3026498586503,1181.3026498586503,4051399
2021-08-23,1220.3875732421875,1243.6145404100123,1214.3545838264422,1219.9135105624416,3987240
2021-08-24,1261.1966552734375,1264.34244996335,1223.8352276400526,1225.472774690268,5366923
2021-08-25,1260.9810791015625,1273.8227503323749,1249.6907902448872,1260.8949145712209,3105863
2021-08-26,1249.260009765625,1264.1270226448642,1244.5198027606502,1258.1371667850178,1993944
2021-08-27,1245.7264404296875,1255.8101115797895,1233.4880244928938,1249.5616567987151,3097939
2021-08-30,1223.1455078125,1253.999982453252,1220.3014472651503,1249.6907041630348,2742699
2021-08-31,1247.6656494140625,1253.1384130513918,1212.5880529946744,1227.9722641705791,6392991
2021-09-01,1237.883544921875,1265.4197960338836,1230.2991716930828,1249.6909274640773,1829925
2021-09-02,1239.1761474609375,1251.8885188299232,1224.8692589071966,1237.6247651432811,3860958
2021-09-03,1242.7529296875,1249.4323121426614,1228.2306804876798,1244.519776161668,1919590
2021-09-06,1259.300537109375,1265.1180633616138,1237.711008712711,1247.9671130728727,1801171
2021-09-07,1236.935302734375,1269.4273269090252,1234.4360052807083,1266.0229336482403,1940043
2021-09-08,1230.6005859375,1243.097493036421,1223.7057406415438,1241.2444823217345,2256454
2021-09-09,1235.2547607421875,1239.2624110439758,1218.6640374599358,1228.6615431756327,2303457
2021-09-13,1232.0228271484375,1240.8999836905807,1224.1368257863596,1237.624889671323,1937241
2021-09-14,1251.45751953125,1255.7236628507278,1232.0226328381025,1236.7628388406276,1554999
2021-09-15,1262.4893798828125,1275.5465155939755,1239.305439064738,1242.8821614843241,2410087
2021-09-16,1248.2686767578125,1266.066017928706,1241.0722027347424,1262.4892957474815,1800078
2021-09-17,1251.02685546875,1268.6517648748668,1238.1420478575342,1250.5527926857553,2861623
2021-09-20,1233.5740966796875,1286.8798503024525,1229.3078478709704,1241.0721991333205,2526342
2021-09-21,1259.7744140625,1263.868228570737,1224.1798373571817,1240.2103320743536,1713705
2021-09-22,1304.5047607421875,1316.8293392807893,1255.2928215299903,1261.756739251566,5145820
2021-09-23,1311.3135986328125,1319.501228726149,1296.231122145087,1314.416258468886,2015302
2021-09-24,1305.495849609375,1334.0232506653995,1302.307025777957,1318.639148309849,3592146
2021-09-27,1262.1016845703125,1314.3301262507434,1257.619971179547,1312.606414609759,2728552
2021-09-28,1218.7071533203125,1262.6186612658364,1213.8376473395597,1262.1015688623493,3995669
2021-09-29,1202.59033203125,1214.3115485301012,1183.112414218998,1206.5979820845728,7948104
2021-09-30,1189.8780517578125,1208.8820135170026,1186.7753920357209,1196.2558054797246,3856630
2021-10-01,1181.819580078125,1192.808239801732,1176.260653124273,1185.0515388203623,2661824
2021-10-04,1205.779296875,1211.381359100188,1182.509192247296,1193.4115830276405,2538936
2021-10-05,1217.8453369140625,1224.6970481973194,1190.2228174246998,1205.8223858079095,2481825
2021-10-06,1194.23046875,1229.782019262741,1189.3178277367647,1226.3345961827176,2769341
2021-10-07,1221.4219970703125,1226.6794016133058,1185.6119517223094,1204.8312729285558,1956325
2021-10-08,1241.029052734375,1247.1051774023042,1222.5422903560254,1222.5422903560254,2665924
2021-10-11,1206.7703857421875,1236.288945342963,1194.1873127639872,1223.835171769378,3073366
2021-10-12,1184.577392578125,1209.0541127678136,1172.985476789632,1205.7359897345298,2965629
2021-10-13,1208.450927734375,1215.2164735849217,1186.7752369691043,1195.3076289952473,1738985
2021-10-14,1233.143310546875,1257.9646942578443,1215.6475958684473,1234.1774954155383,4328124
2021-10-18,1275.244873046875,1281.5363568558282,1223.835156859916,1223.835156859916,3579606
2021-10-19,1326.482177734375,1352.9412126618483,1273.0040910086398,1291.059927078235,8645334
2021-10-20,1326.654541015625,1358.7155314542981,1306.4009317614696,1330.7052207836575,5159270
2021-10-21,1313.68359375,1332.5582552395708,1272.142189732258,1332.5582552395708,4261416
2021-10-22,1307.822998046875,1346.1755798688596,1278.7785006375218,1319.501185830528,5223521
2021-10-25,1313.5540771484375,1322.9483240741388,1278.8213601682692,1319.5009017312746,3890467
2021-10-26,1347.3389892578125,1404.8247194366259,1329.843277356266,1354.750926858841,16978043
2021-10-27,1351.2606201171875,1367.8513445757153,1316.4847589818828,1346.0894852210229,3624131
2021-10-28,1321.483642578125,1364.1885376516223,1315.192052668008,1360.008557739264,3054565
2021-10-29,1273.693603515625,1329.628067317626,1265.032015642234,1316.3554666381158,3795495
2021-11-01,1311.873779296875,1318.5531615039372,1281.622662858548,1284.165095293274,2271900
2021-11-02,1297.468017578125,1325.6265170948636,1295.2484761386936,1325.017256210489,2041689
2021-11-03,1304.3880615234375,1338.4654453698633,1300.0793522842464,1303.9092806343892,2697346
2021-11-04,1310.7420654296875,1318.7065519945286,1306.5204848473843,1313.4839517886096,166444
2021-11-08,1354.5684814453125,1360.3134271721678,1309.3930707585343,1312.6136319958835,3050392
2021-11-09,1357.1796875,1368.3212772976926,1351.7830430300996,1358.7465100901388,2061369
2021-11-10,1363.62109375,1369.4965198487205,1346.1689659055132,1354.3509557656455,1299996
2021-11-11,1324.7562255859375,1357.87626283164,1318.706755249958,1357.87626283164,3027565
2021-11-12,1379.636962890625,1383.5103490860681,1332.8947310028393,1339.161809089733,3713868
2021-11-15,1374.544921875,1393.999087071926,1369.4963656643358,1379.6369360031235,2448280
2021-11-16,1392.6064453125,1397.0456344890326,1371.803065392346,1379.723988237387,2864344
2021-11-17,1408.7528076171875,1414.4541885403166,1388.3411881364955,1391.3877048502745,2304359
2021-11-18,1364.6220703125,1414.2367780196041,1357.440994196998,1410.276263236087,2938804
2021-11-22,1341.5989990234375,1376.8515505962223,1323.0587256946396,1376.8515505962223,1951782
2021-11-23,1358.3548583984375,1361.7494635890178,1311.1338473687354,1324.7996089807702,1823592
2021-11-24,1338.8135986328125,1366.493423406272,1331.763109304955,1365.5359679118358,1644163
2021-11-25,1357.310302734375,1362.0542285227461,1331.806667834969,1332.6335370643708,1557493
2021-11-26,1329.5001220703125,1349.1718975188014,1314.4851445011516,1343.9492966251803,1522173
2021-11-29,1337.551513671875,1345.254828058925,1287.719201212235,1318.7066091939641,1995524
2021-11-30,1341.7296142578125,1387.8625876323954,1328.7166765339744,1330.8927601837188,5662900
2021-12-01,1381.900146484375,1387.8191365424461,1349.1718694819524,1349.1718694819524,2761193
2021-12-02,1418.5018310546875,1420.9825450279634,1375.2847908999586,1383.9891250195785,2664202
2021-12-03,1386.861572265625,1425.9875109118582,1383.7279270369509,1414.4542684155467,2400296
2021-12-06,1350.6949462890625,1409.7103697208654,1346.42980163769,1397.9159553666727,2911781
2021-12-07,1372.368896484375,1376.459891127066,1336.9857561023348,1361.3578922812835,1758254
2021-12-08,1396.8714599609375,1405.5757933199811,1377.0691015691134,1377.5913403198422,1604565
2021-12-09,1402.4423828125,1410.1022399509052,1379.637068100114,1386.6005359517235,1947954
2021-12-10,1395.000244140625,1402.4423866750774,1374.0228184306934,1402.2683424799425,1776362
2021-12-13,1425.9005126953125,1441.0025111170312,1390.4738091346728,1397.0456238857355,3163063
2021-12-14,1429.8609619140625,1449.271670026257,1415.0201355920685,1427.5108341399769,2725454
2021-12-15,1428.9034423828125,1432.9945430986345,1406.5333465953445,1426.640336802824,1622068
2021-12-16,1438.521728515625,1451.5782290505067,1429.4256360572135,1435.344625467989,2225836
2021-12-17,1429.991455078125,1457.9759094567212,1416.1080851882118,1452.9273533581666,3405084
2021-12-20,1390.9962158203125,1426.0746200661997,1372.3253545848765,1423.158689262564,2233189
2021-12-21,1421.3743896484375,1440.8286640381316,1397.4810317627268,1397.4810317627268,2237445
2021-12-22,1444.701904296875,1446.3992070058937,1420.3297679388015,1431.8630110368185,1656110
2021-12-23,1465.6357421875,1471.9898419982508,1448.5317053179497,1453.6237192513388,1715034
2021-12-24,1500.453125,1510.3759806745911,1462.6327303306532,1465.2440305090354,3343946
2021-12-27,1553.7237548828125,1559.8167892156862,1482.9140128508752,1501.0625295772606,4512000
2021-12-28,1572.0897216796875,1586.8000671957843,1545.9767200253411,1553.7235984336123,3605483
2021-12-29,1555.333984375,1585.0593078571856,1551.7652284911574,1567.2154221838894,1902921
2021-12-30,1566.736572265625,1599.8566059847312,1554.594068709864,1555.464502118996,4650594
2021-12-31,1558.5546875,1578.0958763408098,1552.3745248784085,1566.9542854568467,2378048
2022-01-03,1553.549560546875,1582.4479066597123,1551.9827379396409,1562.471502814896,1779147
2022-01-04,1557.9017333984375,1570.0878009325504,1538.0558094841087,1560.687077761747,2701533
2022-01-05,1512.4217529296875,1551.9393483692438,1508.4612380488704,1549.3280478994534,3138050
2022-01-06,1472.8604736328125,1504.8489040961263,1471.0325845714406,1501.4977564412632,4290750
2022-01-07,1483.087890625,1501.1059253114056,1475.471598563543,1481.4776101256782,2103362
2022-01-10,1493.6636962890625,1501.497596794075,1468.856344689856,1496.2749964574,2330348
2022-01-11,1512.073486328125,1518.9063676481037,1484.089029707746,1484.089029707746,2704832
2022-01-12,1506.24169921875,1527.6108854455672,1498.0161446449122,1526.7404518926066,3013194
2022-01-13,1496.1009521484375,1522.3009759176182,1481.3035845291708,1505.849763607736,2768371
2022-01-14,1512.5955810546875,1520.4730455149095,1476.6902047240842,1492.358005304711,1889385
2022-01-17,1499.234619140625,1524.1289949518427,1497.14555757691,1508.4176284302882,2522806
2022-01-18,1445.5723876953125,1520.2556220465676,1436.2587920525302,1514.554240306996,4878369
2022-01-19,1453.7108154296875,1459.3686325893925,1416.6739376212965,1447.6177815653898,2610709
2022-01-20,1450.925537109375,1456.4092040845685,1430.6009373299573,1453.710881644005,2440011
2022-01-21,1387.0792236328125,1438.8264481251554,1382.9881227925314,1436.2151478563258,4079190
2022-01-24,1317.096435546875,1382.2483599789443,1307.3475168625816,1382.2483599789443,3250275
2022-01-25,1306.17236328125,1329.7176296943787,1275.18495491102,1304.7796910659513,3910618
2022-01-27,1258.298583984375,1292.1584667070022,1244.7198433081935,1292.1584667070022,4434890
2022-01-28,1227.876953125,1290.7657691515903,1224.047024739,1258.6467539716225,7080683
2022-01-31,1287.37109375,1294.8568002924555,1246.0255041941346,1250.8128882479716,4406035
2022-02-01,1310.655029296875,1318.66297369183,1283.8892035284016,1309.1317709198074,2542754
2022-02-02,1290.8092041015625,1296.945802244688,1256.035431301399,1288.1544459098184,9031146
2022-02-03,1265.871337890625,1288.0673896216429,1261.3450204518533,1287.2839783097327,2433692
2022-02-04,1260.5616455078125,1275.1414053988208,1249.0719667819037,1274.3145361454406,2406272
2022-02-07,1257.1669921875,1275.837745968333,1248.2014857367146,1262.128420026664,2741520
2022-02-08,1248.37548828125,1267.4815643755458,1236.1894211839412,1259.081861161229,1981111
2022-02-09,1266.306640625,1280.3640560064537,1253.4677470847748,1253.4677470847748,2282701
2022-02-10,1278.2314453125,1281.2779622063329,1262.389599966199,1275.184928418667,1850405
2022-02-11,1240.280517578125,1262.0848095229228,1236.885806218758,1261.9977874376207,2426039
2022-02-14,1210.0328369140625,1234.9707714611034,1193.3640184687379,1209.9022506721703,2149302
2022-02-15,1253.1195068359375,1255.6872429488824,1214.2981971680606,1222.1320980260928,1955525
2022-02-16,1256.9058837890625,1274.2709883660946,1243.7187959597113,1262.5637011329884,2164650
2022-02-17,1259.9959716796875,1272.0949115222472,1253.6417650503906,1272.0949115222472,1669669
2022-02-18,1251.6397705078125,1257.776368996593,1233.491253839198,1252.0749872444894,2374188
2022-02-21,1234.4486083984375,1253.4240990664916,1227.398119092004,1242.239051099943,2109461
2022-02-22,1229.53076171875,1236.6247090411528,1196.8459445142032,1201.63332829226,2111878
2022-02-23,1230.1837158203125,1240.3241811560786,1226.6148534445035,1237.756444816499,1319711
2022-02-24,1160.287841796875,1218.6068856081208,1157.6765413277146,1192.9290976613781,4108603
2022-02-25,1209.6412353515625,1218.6067417388426,1175.1720944789074,1179.4372393258084,1885454
2022-02-28,1227.31103515625,1235.884782484364,1186.618275657275,1201.1980344082447,4983140
2022-03-02,1213.6888427734375,1236.624742609177,1203.5918361455424,1218.6068129479368,2160190
2022-03-03,1241.8038330078125,1256.5576366557495,1223.0895148829918,1227.1370514491755,2730530
2022-03-04,1265.261962890625,1270.8327578745893,1217.3011040326116,1231.663255063386,3567738
2022-03-07,1239.5843505859375,1274.3146691728182,1228.2252569390034,1242.9790625538144,3341715
2022-03-08,1272.530029296875,1276.838738252919,1236.0153917397151,1236.0153917397151,2365949
2022-03-09,1309.7847900390625,1315.224999334789,1272.5301942802937,1272.5301942802937,3667977
2022-03-10,1292.8983154296875,1328.2378925693029,1283.4541336623715,1327.4110232859389,2835942
2022-03-11,1294.160400390625,1298.5560252360674,1281.713160473194,1284.759677323215,1116432
2022-03-14,1308.26123046875,1313.3968081132857,1294.334297875603,1294.334297875603,1372791
2022-03-15,1269.614013671875,1318.7064739530188,1260.387441771598,1317.8360406368781,2188506
2022-03-16,1296.858642578125,1300.8626146544511,1278.1443259404061,1284.063208845476,1453944
2022-03-17,1299.992431640625,1314.3110202072774,1294.334613893277,1310.0024168859327,2346185
2022-03-21,1288.0675048828125,1323.0588882412421,1284.9338593547611,1301.2980512635902,2110200
2022-03-22,1338.900634765625,1343.9056268955735,1283.9328496808455,1294.247464384793,3030660
2022-03-23,1342.3388671875,1359.3557761277646,1331.066691088733,1349.1717480153434,3741783
2022-03-24,1365.3184814453125,1368.277870282474,1331.893814467271,1331.893814467271,2085571
2022-03-25,1332.241943359375,1370.8891030708091,1325.1478895764685,1367.450933486337,1755511
2022-03-28,1326.93212890625,1339.5534129663467,1320.0557901802163,1335.2448102198748,1928306
2022-03-29,1325.1043701171875,1340.0758895345843,1322.275461343288,1337.856241687275,2311150
2022-03-30,1302.4295654296875,1335.5060353028855,1292.593625307868,1335.5060353028855,3792481
2022-03-31,1305.1712646484375,1314.0061845404693,1294.5084559435202,1302.4294845561456,2036984
2022-04-01,1294.4215087890625,1307.9567908792355,1284.2809382645162,1304.7796876671223,2537230
2022-04-04,1304.47509765625,1309.3930678489078,1291.4185960407417,1294.4215489106757,1675276
2022-04-05,1296.1190185546875,1325.2349760187856,1288.2415530428916,1312.6136905328924,3207223
2022-04-06,1270.26708984375,1289.982429603693,1265.610291932368,1289.982429603693,2627895
2022-04-07,1278.2750244140625,1283.5846469545143,1262.7377030707796,1265.6101758201457,3336784
2022-04-08,1261.0404052734375,1291.2009442414058,1253.4241129206212,1283.8892823318863,5402943
2022-04-11,1261.43212890625,1272.878350166737,1249.6378192647062,1267.307554766727,3268704
2022-04-12,1231.663330078125,1254.8168385658794,1224.2210815890937,1250.2470629595825,2021088
2022-04-13,1227.7027587890625,1243.5881684977053,1221.5662670102256,1234.3615956163776,1430399
2022-04-18,1170.34130859375,1209.9024654107648,1157.850503893619,1209.9024654107648,3968044
2022-04-19,1132.6077880859375,1185.3995899432186,1119.072613776868,1185.3995899432186,2677360
2022-04-20,1139.5714111328125,1149.7990039988413,1127.8641239282251,1136.263827830716,3025261
2022-04-21,1142.6177978515625,1148.1015703708829,1129.3436894754018,1143.662381607374,3728173
2022-04-22,1137.22119140625,1152.453775294202,1125.3397547228328,1135.9155413587112,1954666
2022-04-25,1105.7987060546875,1129.7790844986673,1099.0092824593266,1127.2113482533155,2686619
2022-04-26,1110.1942138671875,1119.1161560270373,1101.098227532678,1115.3733562392524,2568317
2022-04-27,1097.833984375,1109.3672254397918,1084.7774850563676,1103.4918007464073,2382463
2022-04-28,1106.5821533203125,1117.984810942872,1088.2159214293872,1108.758237074774,2576887
2022-04-29,1095.8756103515625,1118.3328337484027,1086.6054737312134,1117.6364445523482,3811317
2022-05-02,1071.677490234375,1087.1712462534665,1065.584456828631,1079.337346160367,2149957
2022-05-04,1055.66162109375,1082.7755352438105,1044.5200315885104,1072.765551607754,2797667
2022-05-05,1099.662109375,1102.0558014312164,1063.8002927071377,1073.1138883878725,3563713
2022-05-06,1123.5118408203125,1130.69291592143,1069.5014092248239,1079.076176026314,5745203
2022-05-09,1097.7471923828125,1114.1548420480942,1053.224499123589,1114.1548420480942,5712061
2022-05-10,1081.3394775390625,1106.712526667121,1074.9852710868768,1092.393939444559,2852416
2022-05-11,1065.8021240234375,1101.664043515875,1050.874276358231,1081.9487059419816,3244609
2022-05-12,1055.66162109375,1073.1137462024312,1041.9522956791507,1052.353931825424,3110220
2022-05-13,1047.0008544921875,1074.593658620456,1040.1679731578251,1068.8922770190873,1892084
2022-05-16,1034.98876953125,1062.7990712780543,1007.0477752830949,1035.815638673943,3474480
2022-05-17,1042.953125,1053.2242803179493,1029.8531677451779,1040.8641701084055,4434968
2022-05-18,1020.1915893554688,1071.0683830925673,1017.1015080403615,1052.354063518012,5294021
2022-05-19,964.7447509765625,1004.3930312866048,957.4766539902681,1003.6096200461628,4393100
2022-05-20,984.3731079101562,987.7678192644029,970.3155878976933,981.848829915764,2461651
2022-05-23,994.818359375,999.0835043083849,971.0990490994868,987.0714808231912,2783695
2022-05-24,956.04052734375,1002.6087153983858,949.6428629459384,999.2575679761111,3666196
2022-05-25,922.7900390625,953.0376013121402,909.6029511042864,949.6864537957304,4711542
2022-05-26,938.8494262695312,948.3371714012769,919.134088880819,931.3637204216303,2946857
2022-05-27,977.7142944335938,980.2820304038794,950.5132512988955,953.1245514398265,3367600
2022-05-30,1013.1844482421875,1018.8422651782478,988.3335328906313,994.8183252851757,2469771
2022-05-31,1027.3291015625,1037.5566948210126,999.8234251989346,1002.7393560686296,9674664
2022-06-01,998.0388793945312,1041.9087424319546,994.9923626037945,1032.4645616314854,2419021
2022-06-02,997.5165405273438,1005.6986346236686,985.0693021011629,992.293940838719,3206663
2022-06-03,999.170654296875,1028.8524159425376,995.8629644343403,1009.7028785899694,3229236
2022-06-06,995.949951171875,1000.1280744020827,967.1386240652434,997.5167739467248,3938875
2022-06-07,983.8507690429688,992.1198851202428,975.4945246353165,983.6766186362735,1656444
2022-06-08,978.541015625,991.6846426827852,974.798216408262,987.8547151379358,1303551
2022-06-09,991.0755615234375,993.9914924966612,967.6174212077834,976.6263866790044,1323539
2022-06-10,966.0505981445312,978.280231313829,957.694457800363,974.0150859155702,3119792
2022-06-13,915.65234375,944.0720146144996,913.9550411751613,941.1125198970224,2012004
2022-06-14,896.6770629882812,919.6565279141643,888.1903366310127,900.0282106067444,5775453
2022-06-15,887.8856201171875,902.6394775550922,885.9271448765907,902.6394775550922,3238141
2022-06-16,848.9337158203125,899.6799742934234,845.1908626871677,891.3673987681558,5600443
2022-06-17,840.01171875,848.1067385201071,821.4279874261659,845.2778300485563,7043370
2022-06-20,852.4589233398438,860.1187797102625,825.2143687274022,839.968225384169,2985094
2022-06-21,870.5203247070312,874.4808387356129,853.02463657503,862.9475974757975,3433536
2022-06-22,853.0247802734375,867.7786378637792,842.5795788823342,867.7786378637792,2719988
2022-06-23,862.6864624023438,869.1712014136008,845.4083818465638,853.9821289985181,2915172
2022-06-24,854.0693359375,871.303908109869,847.8022042947177,871.303908109869,4056588
2022-06-27,876.7005615234375,891.4108546176031,866.9516964797829,866.9516964797829,3796002
2022-06-28,888.451416015625,895.6760028867768,856.550009433613,872.1743001871238,2755698
2022-06-29,888.799560546875,894.2833336971469,872.6530309290679,877.396903782267,3770663
2022-06-30,870.4334716796875,893.0647419433594,867.8221712646484,884.3604072265625,3264301
2022-07-01,879.7470092773438,882.6194287454869,861.1197140865357,867.822061596894,1842102
2022-07-04,870.3898315429688,882.4453120869526,866.0811758717675,879.7469899757542,1814322
2022-07-05,873.21875,889.4958643198897,869.5629192934792,874.785519409356,3045188
2022-07-06,879.0507202148438,883.4028872559569,871.8260804249647,877.3968754884052,2188175
2022-07-07,888.4949951171875,893.8481823929583,884.3604359922239,888.6690924425949,1901699
2022-07-08,893.4999389648438,900.6374507734995,883.0982485823679,897.4168895009781,2841036
2022-07-11,877.0051879882812,885.5354249400796,859.9882251305892,883.4899276392185,2892507
2022-07-12,868.126708984375,885.0566488252779,865.645995105927,870.4333786887149,2013304
2022-07-13,861.7725219726562,874.0891750463708,859.1612219395324,871.6519723075289,2067142
2022-07-14,849.368896484375,869.2147672712475,843.2758627174469,868.6925284848976,2212219
2022-07-15,847.6279907226562,860.7715662632398,840.0116988641684,853.0246881506492,2544737
2022-07-18,877.3969116210938,889.5829798380533,856.6806062776707,857.3769424075172,3946821
2022-07-19,877.1358032226562,879.9647119513861,862.5995538988515,870.3899439464543,2985845
2022-07-20,910.0380859375,915.4347303156532,885.4483432997819,888.9300767706092,5574762
2022-07-21,925.4967041015625,928.2299988367632,906.0502845648197,918.5515581739061,4935223
2022-07-22,921.8673095703125,935.3095281956776,908.0218681434086,931.9938246919762,2985409
2022-07-25,911.6063842773438,922.046528423666,903.5410537700977,922.046528423666,2888919
2022-07-26,895.5653076171875,929.5293320853705,890.905382681377,909.5900429661615,5939871
2022-07-27,903.00341796875,905.064547118769,888.9786820040877,896.1478649234754,2546052
2022-07-28,930.201416015625,935.08537776639,909.9484976226022,915.1461439211503,3428026
2022-07-29,939.7454223632812,957.0858605994664,935.6679060726112,945.4359390753156,6185909
2022-08-01,940.5966796875,948.9756394777596,930.022201612881,948.9756394777596,2540084
2022-08-02,925.3621826171875,940.507102090197,923.0322202505031,937.3705848369186,2802273
2022-08-03,943.3302001953125,947.2284220593278,918.2827983281036,920.7472052918341,3509019
2022-08-04,946.3770141601562,961.2977888749735,928.5883911952168,952.6051981803138,5360632
2022-08-05,948.3035278320312,957.0409686022025,941.3583826044593,949.916637577586,2641829
2022-08-08,946.8697509765625,954.2629703841483,940.1039006696885,946.332084170983,2579239
2022-08-10,945.6151733398438,949.1550230047986,934.7270644102633,946.3321353814431,2823021
2022-08-11,965.3751220703125,980.2960033431826,959.0572369479613,960.6703465856348,3201408
2022-08-12,955.2039184570312,964.6134699290957,951.7089203173714,961.835433754046,1771561
2022-08-16,965.7785034179688,967.7948360997393,946.8250637237644,964.2550958156284,2222701
2022-08-17,989.7952880859375,991.9460647779522,960.8496691316379,961.1185572405324,4280823
2022-08-18,990.3778686523438,994.0072019935134,975.0985032758921,985.7626851116195,3041422
2022-08-19,989.4816284179688,1017.1277665373126,985.7625931198625,994.7240712391339,4577717
2022-08-22,966.6744995117188,985.7624896596132,963.5828336422718,982.1778987881236,2157609
2022-08-23,955.2039184570312,958.9676952886423,938.2667039287079,951.7089203173714,2875768
2022-08-24,959.7294311523438,961.9250588718587,945.5255105711577,955.2935433527158,2180800
2022-08-25,959.415771484375,976.4874300964049,954.890290925089,967.8395823202139,2734931
2022-08-26,972.8134155273438,983.5671905365479,968.7358987457981,970.5281945806654,2624896
2022-08-29,928.005859375,938.804374279175,911.6511080100205,937.3705597375339,6118233
2022-08-30,964.3445434570312,968.2876153193538,934.0548160361233,939.1628143032697,4453769
2022-09-01,943.5540161132812,954.3973823344355,934.771724143035,946.332052342877,6112823
2022-09-02,946.6905517578125,955.7416226014496,938.3115917598868,948.3035521516948,1645341
2022-09-05,954.4422607421875,959.5951106061973,945.2567457672136,946.3320793729205,1677079
2022-09-06,953.2325439453125,959.7744678287274,941.2242487623716,954.4424312091259,3051076
2022-09-07,946.1976928710938,950.8128762129427,935.578362644969,942.747545500486,2615897
2022-09-08,976.442626953125,979.3999584683677,956.279301330223,958.8781518446723,2634786
2022-09-09,1009.6448974609375,1014.7528959447196,973.4405060145617,988.1373511830553,3394349
2022-09-12,1030.6597900390625,1044.012417080334,1021.5638659858868,1021.6087171429879,5230075
2022-09-13,1028.2847900390625,1043.5193032418485,1024.3865688334295,1035.946897789447,2483685
2022-09-14,998.9357299804688,1005.343207481415,981.281665239757,996.5161751110592,5179539
2022-09-15,970.5281372070312,1007.5390877663292,966.0473978847458,1003.9544963085008,3392174
2022-09-16,925.89990234375,962.4179267374923,921.2399773439757,954.3974473456558,6635089
2022-09-19,931.545654296875,942.6130579406966,916.8488082427311,928.4091369423401,2485826
2022-09-20,946.4664306640625,955.02457570277,940.9551003406041,944.5396911990445,2321528
2022-09-21,950.0512084960938,956.144948518894,938.2668418511577,938.4460276721315,2760138
2022-09-22,939.5213623046875,960.6704282113287,934.0100315328893,940.9551768860963,3867282
2022-09-23,927.6025390625,940.8655698759694,915.863025100775,930.2013894859143,3230711
2022-09-26,925.631103515625,942.9715419232746,908.2906104114534,922.1361051452121,3314114
2022-09-27,916.3111572265625,936.474483424702,913.2194362702098,927.4681539656481,4448875
2022-09-28,922.7633666992188,928.7676227303626,903.809873119974,910.4861853197431,1965519
2022-09-29,902.510498046875,936.0264502652857,897.6265359123329,934.5477844010961,3176310
2022-09-30,903.8546142578125,912.9953324037309,882.3022714403436,897.0439131197269,3848885
2022-10-03,901.0767211914062,912.5026070145692,895.3862038561282,905.109386776052,2431236
2022-10-04,921.5089111328125,928.4092060693503,912.1889512782163,915.8631357170618,2715420
2022-10-06,924.1973266601562,936.4745085169872,920.6574769969183,926.1239570340537,2397633
2022-10-07,917.5208740234375,928.8123140663669,915.0116712023997,922.9426117985338,1539126
2022-10-10,922.4497680664062,925.7207295994573,899.2843680087661,903.4066262426032,1660433
2022-10-11,900.4940795898438,927.5129571775366,896.6406550548836,927.0648832851803,2310765
2022-10-12,910.3966064453125,912.995402346016,894.5347788441015,903.13777617195,2192421
2022-10-13,907.7529907226562,914.9669700960577,898.8811049812148,913.0402303078429,1344162
2022-10-14,913.9364013671875,940.8656891490556,910.5310503333261,927.5130637440809,3492929
2022-10-17,916.9832763671875,921.1951274537761,902.8241514485869,913.1746480509788,1426207
2022-10-18,913.5331420898438,926.5720276989367,908.693921811057,921.5984727568058,2395805
2022-10-19,913.3539428710938,923.0323291696842,910.7550921045296,918.1035157614965,1304927
2022-10-20,933.4723510742188,935.0406096794051,902.4208088129221,905.1092521360986,1852905
2022-10-21,933.0243530273438,935.8919823812766,924.0180234054128,933.4724269509612,1202009
2022-10-24,939.2974243164062,941.9858679621758,936.4745366097378,941.8514239012769,231316
2022-10-25,970.0800170898438,973.2165344661157,941.8513607033957,944.0021373543054,3097049
2022-10-27,964.12060546875,983.970301461542,956.3241632307805,979.7584504857275,2342818
2022-10-28,940.0142211914062,968.735802859491,936.5193321737871,968.735802859491,1542568
2022-10-31,952.963623046875,966.3162475749172,943.6436637485274,943.8677007057325,2629847
2022-11-01,959.6846923828125,967.8396154118411,938.4011823216724,957.9819896993131,4709472
2022-11-02,969.6319580078125,984.5975831033948,955.6072225036743,959.7743318173449,4104485
2022-11-03,943.50927734375,959.9088273704007,941.0897218153173,958.8782354256786,3460133
2022-11-04,944.2262573242188,948.841440890814,930.873631726973,943.6437393102311,2531080
2022-11-07,944.0916748046875,956.9962245591257,935.9814937366203,948.9756363893664,2588984
2022-11-09,937.8919677734375,956.3544089602739,934.5642587680459,954.5765887712395,2697639
2022-11-10,930.962890625,942.7241718949925,916.512063633889,925.4013873050459,3285774
2022-11-11,965.2437133789062,971.8993538471118,953.8471449707554,956.4000208120265,5299457
2022-11-14,971.3065795898438,979.6032580178568,962.2804763638214,968.2523219255519,2229790
2022-11-15,972.7654418945312,976.0021118182191,957.3117397563101,970.9876217528289,1577944
2022-11-16,972.6743774414062,980.1049629074898,965.5173541572387,971.8994329854736,2335937
2022-11-17,965.1071166992188,968.1157442101019,954.8502043549361,966.4290742168553,2089630
2022-11-18,967.203857421875,970.9875400481193,953.6647576435049,966.4289130995365,1617331
2022-11-21,950.5650024414062,964.5144473792759,946.1887867334647,961.9615714120125,1475958
2022-11-22,957.9043579101562,959.955740154686,944.5931887156845,950.5649235841056,1696991
2022-11-23,951.8870239257812,965.1981935631813,949.4252983736659,962.736468011066,1704144
2022-11-24,974.9080200195312,976.4579086900861,953.6647735666014,956.6735119207434,2208145
2022-11-25,984.8002319335938,987.3074768316221,966.4289425127554,975.5461966874041,1943246
2022-11-28,982.1107177734375,994.6925748791252,976.8227763611196,980.1049660816311,1749691
2022-11-29,979.6947021484375,989.6324212819046,978.0991824882509,981.1078099278313,1233868
2022-11-30,981.9283447265625,986.4869721394064,969.3464885492676,979.8769623907828,3909954
2022-12-01,1004.2656860351562,1010.1462712721207,992.0941722899324,995.0572803059235,4264917
2022-12-02,1016.345947265625,1017.7591662335808,1002.9436276437028,1004.2655850308015,3418928
2022-12-05,1002.6700439453125,1021.1324839452149,999.4790049329838,1021.1324839452149,2760688
2022-12-06,992.6868286132812,999.3879891823336,984.7092300085467,992.8691292063972,1838107
2022-12-07,982.8856811523438,991.3191416957964,979.3754490796492,990.1338540745472,1478573
2022-12-08,979.3299560546875,986.8516913372971,975.8198351817261,982.931227217606,1110431
2022-12-09,943.909423828125,980.7430437889915,939.2595348943544,979.1475242161208,3138360
2022-12-12,940.9918823242188,952.2061506831403,931.6011206436754,942.724183062658,1689393
2022-12-13,953.4368896484375,954.9867783960987,939.2139948827212,948.057687232761,1983827
2022-12-14,971.0787963867188,973.7684533569014,958.2234892466149,958.2234892466149,1983937
2022-12-15,932.4672241210938,966.4289978668877,930.1879104468794,966.4289978668877,5184673
2022-12-16,930.6893310546875,942.2682554342845,921.7544327470358,925.4013345581022,2994364
2022-12-19,936.0685424804688,937.3449804614122,920.6148395067204,929.9144508966116,1529622
2022-12-20,928.0909423828125,934.5185957411318,915.3723610966794,934.5185957411318,2149130
2022-12-21,935.4759521484375,939.5787167157955,930.187899965998,934.0627331685029,2037666
2022-12-22,926.1763916015625,943.635958404887,923.2132835196147,939.0773305865058,1925482
2022-12-23,907.8505859375,925.8571629621202,905.3433410353376,916.3296212044427,1504806
2022-12-26,912.6372680664062,917.6517585502876,905.3434637262152,912.0446242048414,966423
2022-12-27,920.4324340820312,923.2131856269249,905.5257449554771,920.569215161004,1615647
2022-12-28,926.5410766601562,929.4130343596507,913.7313439991384,916.55767090395,1077963
2022-12-29,923.7603149414062,926.0396287585498,918.1076055454282,920.8427821260005,1977329
2022-12-30,926.6777954101562,936.9347070079045,925.4013574857358,932.4672299197402,1317151
2023-01-02,920.3869018554688,931.6466896390564,916.4664932940158,928.045418394319,1348611
2023-01-03,933.424560546875,934.336341698849,919.0648838483966,923.5779362259515,1439615
2023-01-04,930.2335205078125,938.4846251887176,922.7573602463057,933.4245597714903,1702044
2023-01-05,922.34716796875,934.4730509156368,915.8283080764294,930.871779538113,1376035
2023-01-06,899.0980834960938,922.3470826965681,898.0495769595029,920.3868507011352,2346808
2023-01-09,925.6292724609375,930.8716938513836,907.5315443545808,909.8564331461,2190779
2023-01-10,914.1416015625,924.5352389506178,910.8593563499559,923.5779382980332,1411099
2023-01-11,917.5148315429688,927.1791541451424,914.688505069554,919.4294882661579,1294200
2023-01-12,913.1386108398438,924.0337410672362,909.2637776878597,920.8427020008965,1948321
2023-01-13,914.597412109375,919.930983760262,899.2348048098318,915.7826440709827,2837817
2023-01-16,943.1344604492188,944.3197481943457,914.6886675124088,919.2017201611201,4286551
2023-01-17,953.7105102539062,957.3117814854569,939.8978465764069,942.7241733866309,2466876
2023-01-18,955.8074951171875,958.6794529698886,951.3856482872836,953.7105930477148,1138627
2023-01-19,960.3204956054688,960.9586589256191,948.2856524550585,951.7502538077406,1768051
2023-01-20,954.120849609375,964.1498313061768,949.8813032695282,959.5912032621759,1160517
2023-01-23,971.26123046875,975.1815833855762,954.8045404928968,960.5028249312645,1344952
2023-01-24,976.0933227539062,982.2019505353352,971.2612442583372,975.5463096989803,1578750
2023-01-25,958.3602905273438,973.4492809163843,956.4000584251276,970.9876665612592,1049973
2023-01-27,939.16845703125,964.2865401904386,931.3276396416979,958.2235430870529,1651820
2023-01-30,944.6387329101562,955.4426574215779,928.501236682424,939.1683801150454,2654212
2023-01-31,925.4013671875,938.0287428946331,908.1241581189222,934.5186220366379,5797831
2023-02-01,933.37890625,943.1799545940171,914.734110131223,928.1820601846418,1939670
2023-02-02,926.90576171875,952.0693635281796,921.8456406219406,936.615660656223,3860090
2023-02-03,922.0278930664062,936.2508428054805,914.4605833169726,934.0170487813328,2980262
2023-02-06,916.6031494140625,926.67776005016,908.9902642442586,917.1957932093522,2003960
2023-02-07,913.959228515625,919.4295814552399,908.9903134660133,916.2841173854998,1697633
2023-02-08,921.8001098632812,931.0085713432826,915.6915375245302,918.5634952773742,2611176
2023-02-09,926.3131103515625,927.8630548349588,914.0959663616244,921.8000579856439,1782899
2023-02-10,927.5438842773438,931.4187175233054,915.4635218046396,922.2558876829044,1116554
2023-02-13,914.0047607421875,927.9541489537294,912.1813098479387,925.4013288312422,1682312
2023-02-14,922.7118530273438,935.1568736834603,916.9679930593428,917.241499601188,2440189
2023-02-15,976.8228149414062,980.1050047915503,919.2928970857188,925.3103193407342,6712218
2023-02-16,1030.4776611328125,1040.3243402361315,979.2387367891964,980.1048314247055,14422445
2023-02-17,1029.5203857421875,1038.4553401223686,1010.2830000322065,1010.2830000322065,5333732
2023-02-20,1043.1962890625,1054.7296390786264,1021.1325761317856,1029.7939685186177,4590531
2023-02-21,1034.306884765625,1050.2620800254078,1031.2071072936978,1044.8373581549256,3494288
2023-02-22,1026.3294677734375,1034.1247662044905,1019.3092251413888,1022.9561275569215,2674708
2023-02-23,1029.1558837890625,1048.0285588609654,1024.8251872648436,1027.5147332199288,2576193
2023-02-24,1020.2207641601562,1040.2787237772461,1017.485587848735,1036.6318220286844,1913493
2023-02-27,1015.6165161132812,1019.5369800491547,1000.0260332446911,1011.1035196731613,2247105
2023-02-28,1003.1259765625,1035.2643002833163,999.934937327809,1019.3091041098614,3894204
2023-03-01,1027.4234619140625,1029.3380631561388,1000.1628479028204,1003.1259557019855,2084324
2023-03-02,1011.8330078125,1024.779465438088,1007.4566808799709,1021.1325634258528,1838692
2023-03-03,989.3590698242188,1020.7679726303535,986.8973438957782,1019.3092339105167,2388401
2023-03-06,993.826416015625,999.2511381694102,989.2221577680748,995.6042362052882,2076844
2023-03-08,983.1135864257812,992.3219911104466,975.1815083213711,984.663475155868,2230530
2023-03-09,966.4290771484375,987.7178463531131,964.012982196642,986.48703912699,2550755
2023-03-10,967.5686645507812,969.1185533471748,949.1518543935496,952.7531255176126,1400844
2023-03-13,1033.71435546875,1061.8865827219868,1025.691127023963,1025.691127023963,13080169
2023-03-14,1016.8473510742188,1037.7714038265915,1001.4391700411545,1028.4262187712675,4325522
2023-03-15,1016.02685546875,1032.255501569887,1012.5167347737435,1025.5999726158275,2583351
2023-03-16,1019.0813598632812,1023.5032070700994,1003.8555858083631,1008.3685833225579,2396839
2023-03-17,1027.6513671875,1032.529076104879,1015.844455787724,1024.1867659463014,2507004
2023-03-20,1011.1034545898438,1036.4494648764835,999.2510245540745,1036.4494648764835,4007438
2023-03-21,998.93212890625,1011.8785872993593,990.5441870040659,1007.4111098105966,3354949
2023-03-22,1002.5333862304688,1008.6420141539126,997.0175134643529,1000.1629220742673,1750203
2023-03-23,1002.3966674804688,1013.8388682906291,991.1368785672819,991.1368785672819,1720354
2023-03-24,1004.67578125,1019.3090187471738,999.8437033046174,1007.4565882966252,1943460
2023-03-27,1005.63330078125,1015.3432003323965,993.8720187035779,993.8720187035779,1455300
2023-03-28,975.8197631835938,1007.0918783653788,972.0815999196267,1001.9862382637207,2431154
2023-03-29,985.66650390625,991.4104195875829,971.0788946021682,980.7431635071971,1642278
2023-03-31,1004.5845947265625,1008.3682773389701,995.1026284492646,998.3392980887634,2281085
2023-04-03,1005.8155517578125,1007.4567022159216,989.3133420618874,1007.0919897480508,1508662
2023-04-05,1006.089111328125,1016.5739548082097,1001.6216340211652,1004.721523048114,1947605
2023-04-06,996.2880859375,1007.4110930311247,987.3987619037406,1006.5449982841455,1355815
2023-04-10,1009.5081176757812,1013.6108826606908,994.5557963607422,999.5702868978537,940829
2023-04-11,1001.3024291992188,1018.3972805968835,995.9688578220685,1010.1917519260045,1384483
2023-04-12,1011.924072265625,1015.2062615392957,994.5101388932932,1005.633144569235,1376719
2023-04-13,990.9088134765625,1003.1259571403301,981.016614299473,1003.1259571403301,2725180
2023-04-17,939.0316772460938,946.3711123753311,913.5489928709843,943.6359357499688,4349422
2023-04-18,934.700927734375,946.1431271505487,921.7544702955479,943.4535814731705,2735592
2023-04-19,924.3984985351562,938.1655312045013,920.8427468576738,934.7009298172895,1953837
2023-04-20,931.6010131835938,933.4244640043279,920.8882396117808,925.492441804674,1250758
2023-04-21,910.5858154296875,929.5952692675949,906.1183383566416,924.763135394025,4269272
2023-04-24,917.2869873046875,918.5178500966211,903.5199547535414,913.5489350787573,1625433
2023-04-25,908.9903564453125,917.2870365370928,906.619892318321,917.1958862427125,1984203
2023-04-26,908.3521118164062,914.0048210912704,905.0699222489671,908.9903308009941,1589700
2023-04-27,914.597412109375,919.6119021100504,905.34337648557,910.8137292135796,3543950
2023-04-28,933.3333740234375,936.0684947839477,894.4482605000546,895.2688356813222,5146250
2023-05-02,960.4572143554688,971.7171136783978,930.3247523878647,930.3247523878647,4762884
2023-05-03,947.8297119140625,957.9954724723572,946.5989048721625,948.1032740543094,2217136
2023-05-04,953.1634521484375,954.6223020953873,938.0288299531462,941.8125133256253,1744298
2023-05-05,944.9122924804688,957.9498998296838,940.4904462421174,953.6648346697582,1222282
2023-05-08,951.248779296875,954.5765996347543,943.9094557899205,949.0606158353505,1487285
2023-05-09,955.305908203125,958.6336168410932,948.0576245755346,955.8529211782292,1747630
2023-05-10,953.8015747070312,958.2234207551148,946.5077713140332,955.4882444827406,1186977
2023-05-11,951.8870239257812,965.3349746429567,950.8840368705046,961.870373330178,1451786
2023-05-12,953.9839477539062,960.5028072905967,942.7697909619294,951.8870458958695,1140016
2023-05-15,970.4862060546875,975.4551770220005,950.0180122096695,953.664914367864,2122222
2023-05-16,963.8761596679688,977.1874410808031,960.0469570636245,975.4551403618408,1343911
2023-05-17,961.095458984375,972.264096369839,947.2827953875105,964.6055799037404,2803566
2023-05-18,956.12646484375,966.3833764775042,952.7987558827122,965.5172817907217,909923
2023-05-19,977.5064086914062,983.5237740652368,956.3999434479105,963.2835147274602,2624323
2023-05-22,1006.9551391601562,1012.4254919167935,975.6373918873303,977.3696925191878,2996190
2023-05-23,994.2366333007812,1020.4031099894762,990.4985811016269,1006.5449272481087,1414119
2023-05-24,1001.75830078125,1005.9522154357246,989.2220763118601,989.450007665849,1782245
2023-05-25,1001.1657104492188,1002.8980110909347,986.0767207863908,1000.1628346970504,1200289
2023-05-26,1016.345947265625,1021.4972183265662,1001.9862714015895,1001.9862714015895,2104054
2023-05-29,1015.7078247070312,1028.471981542585,1012.1064422516595,1028.471981542585,1432241
2023-05-30,1001.4392700195312,1021.8619426333678,998.3393811888808,1016.5738904343398,2822485
2023-05-31,1017.0753784179688,1027.9248223242466,999.2511012097494,1001.4392645662114,7599886
2023-06-01,1021.8619384765625,1036.3582842320434,1018.9443502323902,1022.9559645089948,1412280
2023-06-02,1023.9589233398438,1038.6376821548579,1018.9444329108586,1028.4264007082274,1907589
2023-06-05,1011.4227294921875,1034.3982804210584,1009.7360594621688,1024.8706815256567,1754521
2023-06-06,990.3616943359375,1004.721369075446,976.9593757635705,1002.8979183148734,3284841
2023-06-07,998.9776611328125,1001.986400027451,988.4928170924888,998.3394977525559,2086377
2023-06-08,976.7315063476562,1004.2655700602432,974.6344933221969,1003.8097073411964,4054486
2023-06-09,969.2099609375,983.7519399998117,966.5203035926033,983.7519399998117,2782697
2023-06-12,979.8770141601562,983.7518476657907,968.3892947317875,971.8994157662029,1767945
2023-06-13,984.1165161132812,991.8661827778745,980.4696141534725,984.2532971956971,1846534
2023-06-14,982.4754638671875,989.1766246288885,976.5037280881671,984.663627520603,1321534
2023-06-15,986.0310668945312,987.8545177810676,974.9535804999009,983.7061224963535,1389325
2023-06-16,982.1107177734375,991.0000418844104,976.8682958618381,987.8546332552999,4392418
2023-06-19,997.0629272460938,999.0687900075993,979.2387615221073,983.7517579699269,2188899
2023-06-20,1009.5991821289062,1012.8813715788345,992.1396170298455,997.0629568520447,3318866
2023-06-21,1021.04150390625,1021.81644839382,1006.6361951594254,1009.5993033077903,1985965
2023-06-22,1020.2665405273438,1026.8309200935548,1012.3800921118734,1018.3063082988729,2360795
2023-06-23,1017.0297241210938,1019.3090377116835,997.4732580316783,1015.66213596674,3492348
2023-06-26,1013.7474975585938,1026.602803478219,1010.4653083676732,1014.020948402651,1432154
2023-06-27,1020.8590698242188,1022.0443575756532,1009.0066374883726,1011.1036508041029,1227245
2023-06-28,1010.2830810546875,1027.4690857765959,1007.1831918602276,1021.1326375879848,1876800
2023-06-30,1031.02490234375,1032.5292718862192,1012.5624584093606,1016.2549917140913,2478834
2023-07-03,1022.4545288085938,1036.540754716751,1016.6650940782419,1035.7201794987177,1899656
2023-07-04,1046.6610107421875,1053.9548156950948,1021.2238437099974,1024.3693638727173,2773593
2023-07-05,1071.277587890625,1080.3492131595917,1045.2934080992354,1049.2138727259637,3732838
2023-07-06,1075.1522216796875,1079.4829175058298,1059.4249578900121,1071.2773885720862,2520085
2023-07-07,1053.9547119140625,1079.7565889121597,1049.6240156497097,1066.7188693247865,2261102
2023-07-10,1045.8858642578125,1057.5558831521323,1035.3553908727,1057.5558831521323,2088505
2023-07-11,1058.923583984375,1063.2542802996581,1044.016893663325,1052.7239170887426,1212566
2023-07-12,1057.0545654296875,1065.8071079581018,1051.6297319357657,1063.071931462059,1274203
2023-07-13,1071.50537109375,1086.6856226049263,1051.6753418903556,1057.054544484912,3215610
2023-07-14,1120.191650390625,1123.245908809062,1078.5713556177925,1079.4374503965075,6033106
2023-07-17,1132.727783203125,1158.5751788633647,1112.8977535826032,1126.8015674544633,4880073
2023-07-18,1137.423095703125,1147.3152942813326,1116.8636429016638,1133.2747005116473,2666872
2023-07-19,1134.8245849609375,1150.3239170900765,1122.4251415165477,1144.2154012981996,2293881
2023-07-20,1142.346435546875,1144.671380119924,1126.5280201753083,1135.0982622455638,2000345
2023-07-21,1118.16064453125,1139.539561735368,1104.9684111523504,1122.277399811384,5032086
2023-07-24,1087.0513916015625,1126.4410184972426,1080.8763149600095,1119.4706867341713,2669308
2023-07-25,1082.0457763671875,1089.7178235197553,1071.2861339735666,1089.0629344499837,2557865
2023-07-26,1069.6019287109375,1091.8697551781113,1066.0933498061236,1083.4491658065579,3170213
2023-07-27,1029.0894775390625,1052.5735398980355,1012.6225721127432,1039.474846957082,17594818
2023-07-28,1020.8093872070312,1029.1831498782374,1015.1956609349681,1029.1831498782374,4244321
2023-07-31,1043.68505859375,1046.959731570064,1017.1602303279136,1024.5048311610544,4766331
2023-08-01,1069.8826904296875,1080.1745221697195,1047.8020560842938,1047.89559534871,3805214
2023-08-02,1071.8941650390625,1078.3966849619765,1053.134919292433,1069.414746677336,2357217
2023-08-03,1069.227783203125,1073.110519197114,1049.111930598428,1066.6079985746358,2348236
2023-08-04,1099.541748046875,1105.7636505082403,1069.2277191668782,1079.6598018957566,3580506
2023-08-07,1107.447998046875,1116.0556669500759,1096.6415280699216,1104.0329580039563,1694290
2023-08-08,1127.797607421875,1131.072281012408,1099.4482446534976,1109.6465366777534,5137402
2023-08-09,1148.942626953125,1156.8954057227515,1122.9323165866665,1129.2477585507818,3396984
2023-08-10,1156.2406005859375,1159.4216209553724,1137.340985846826,1141.4577415274337,3715680
2023-08-11,1141.878662109375,1169.8537542810648,1137.0603050824207,1156.2405365624295,2933959
2023-08-14,1141.2236328125,1142.5802374804794,1125.5519821876921,1134.0661098340859,1842625
2023-08-16,1148.8023681640625,1159.2345664836084,1141.457765221955,1142.3933863409895,2341456
2023-08-17,1152.4512939453125,1154.462902159642,1136.3586566537977,1146.1358514982812,2636308
2023-08-18,1132.8499755859375,1147.02454265575,1127.563693985829,1147.02454265575,1794430
2023-08-21,1140.3818359375,1145.2003077872519,1126.8153290233536,1127.4235056238876,1175945
2023-08-22,1135.095458984375,1144.2645913371127,1131.3998013690953,1140.3817409771812,1003208
2023-08-23,1123.680908203125,1140.38172150688,1121.9967445878065,1135.0954396043292,1569035
2023-08-24,1121.903076171875,1138.1829038034814,1119.657563013801,1128.5459621803716,1218843
2023-08-25,1112.921142578125,1120.1253783545008,1102.5824851864975,1113.388953062605,1213340
2023-08-28,1108.4769287109375,1119.2833964479803,1106.1847030511005,1112.9679549887705,950013
2023-08-29,1120.8739013671875,1130.1365716414953,1111.7515970780973,1115.6344468742236,1419344
2023-08-30,1120.12548828125,1142.9546650065943,1117.646183839427,1130.1834146846356,2016339
2023-08-31,1124.569580078125,1136.3116689453398,1120.8739229283794,1121.8095438991045,2817747
2023-09-01,1148.9893798828125,1150.720255838001,1126.5344765639275,1127.423270802349,1686038
2023-09-04,1175.8416748046875,1184.4961689299657,1146.6503457099893,1155.4919183479524,3466873
2023-09-05,1173.783447265625,1185.0576125189725,1168.2632601657492,1177.7130100355405,2199985
2023-09-06,1168.5438232421875,1178.5082099133701,1156.2872107644757,1173.7833923054825,1753376
2023-09-07,1187.5369873046875,1192.7764422082164,1158.9070067500913,1168.5438347914003,2554884
2023-09-08,1181.6424560546875,1195.7235973101324,1177.9936256480935,1190.1098715011647,1731105
2023-09-11,1187.16259765625,1192.9166892348674,1182.157048508435,1183.560479907535,1293853
2023-09-12,1184.4962158203125,1201.1503157242073,1170.9765377145666,1189.9228634415504,2335224
2023-09-13,1179.2567138671875,1187.0691262597702,1173.1751774567927,1179.1631746108753,1204376
2023-09-14,1197.45458984375,1206.3429899066618,1180.7537767783795,1180.7537767783795,3288631
2023-09-15,1216.3541259765625,1219.769051255196,1191.981153257133,1195.9107157700648,4316210
2023-09-18,1206.763916015625,1218.1784456279845,1200.4016480343348,1217.242824702003,1967717
2023-09-20,1192.3087158203125,1206.1559536673774,1187.349992559347,1199.466240016859,2843560
2023-09-21,1208.494873046875,1212.5648015059166,1184.4026325848554,1193.8055549955313,2960250
2023-09-22,1221.312744140625,1235.0196134503935,1201.3372603562918,1206.9978126025546,3252940
2023-09-25,1215.792724609375,1229.7803277978142,1212.6117044168036,1221.3129116324812,2100302
2023-09-26,1199.7470703125,1219.1612095630876,1196.799840788772,1216.307519313916,1141475
2023-09-27,1205.68798828125,1210.599998383725,1182.6249084816059,1188.1918075797932,1568115
2023-09-28,1150.3460693359375,1192.0280323763259,1143.3289115319362,1192.0280323763259,6570797
2023-09-29,1144.077392578125,1152.3576154996426,1132.101398218141,1145.2000920818218,2861162
2023-10-03,1137.90234375,1151.4688497907844,1134.487418081396,1142.0190994598606,1622290
2023-10-04,1127.42333984375,1137.2473606473677,1109.693367030413,1132.1014449883298,2340603
2023-10-05,1127.9844970703125,1145.1531171779038,1122.2772326104732,1135.8437352139345,2497613
2023-10-06,1138.557373046875,1144.2646390830632,1127.4234587858473,1129.2947010410935,1446719
2023-10-09,1134.5809326171875,1148.7087881714458,1124.756911215599,1125.7860715677396,1451064
2023-10-10,1148.7086181640625,1152.170369984807,1134.9082091899882,1136.9665295896402,1503359
2023-10-11,1152.310791015625,1159.1408699425,1143.3288523338713,1150.9073595274901,1622663
2023-10-12,1121.57568359375,1152.6850821167884,1112.734110750769,1152.6850821167884,2452842
2023-10-13,1117.22509765625,1125.5053212894536,1104.0328634019784,1110.582210896736,3266079
2023-10-16,1108.3367919921875,1121.1080435382748,1104.7815001473805,1118.3480068290455,2638043
2023-10-17,1120.499755859375,1125.5521324132667,1111.9388003391077,1113.3890586631649,1163897
2023-10-18,1110.67578125,1124.616558435649,1102.2084788502782,1122.7453162419126,2337078
2023-10-19,1096.688232421875,1109.1319238125373,1092.6183037121907,1095.1912615898887,3107691
2023-10-20,1095.33154296875,1100.2903803334468,1074.4672615965037,1094.6766539031742,2962470
2023-10-23,1081.5311279296875,1095.5654439504624,1077.4144865995052,1089.1564624766197,1203959
2023-10-25,1068.6195068359375,1090.8405047301271,1063.3332255472217,1087.1915601283515,1555285
2023-10-26,1043.6385498046875,1047.8956716554133,1027.4523726890916,1029.230075688677,7099401
2023-10-27,1048.4102783203125,1053.462540934583,1042.328741117928,1047.8488142862282,1382498
2023-10-30,1054.351318359375,1065.5787702594591,1043.6852162119858,1048.4101479045567,2255915
2023-10-31,1060.1988525390625,1063.9413361632844,1043.7319474347935,1054.3512218762157,1194765
2023-11-01,1052.667236328125,1064.7367708967704,1047.8487650059208,1058.1405967105468,1288497
2023-11-02,1054.936767578125,1068.6495269953216,1053.3291109270283,1063.9209892652539,2493118
2023-11-03,1071.5814208984375,1074.323996442713,1055.409841575764,1062.9755035225435,1108121
2023-11-06,1080.1400146484375,1082.6461630074436,1072.763448807368,1075.7424509909856,572330
2023-11-07,1086.6180419921875,1087.8475080601697,1074.8440284453807,1079.9980887337495,902481
2023-11-08,1077.3028564453125,1090.2590046385355,1075.3168935355022,1089.2187493469992,806162
2023-11-09,1062.9281005859375,1079.052462704447,1056.544573746976,1078.106755024601,6042108
2023-11-10,1076.357177734375,1077.8702868756855,1060.611122378663,1061.0839762004991,706806
2023-11-13,1069.92626953125,1080.1399577822676,1066.75817216171,1078.6740648260159,435537
2023-11-15,1110.0244140625,1114.847500249093,1081.4167561068957,1082.8353176584133,2816201
2023-11-16,1141.6583251953125,1148.9875601009921,1104.0192268163637,1111.206582474011,2294942
2023-11-17,1137.4498291015625,1148.0417081673659,1132.9577179494258,1146.3867198481576,1176628
2023-11-20,1146.0086669921875,1156.1276934695509,1137.4499659063413,1139.4832606030557,1077366
2023-11-21,1139.1048583984375,1154.8509137761969,1135.227480142517,1153.7159953365042,1129326
2023-11-22,1149.4130859375,1151.8719027069296,1138.631995779264,1139.5777034169541,750622
2023-11-23,1145.157470703125,1154.61454765097,1141.4218560430259,1149.0348491631746,651637
2023-11-24,1132.81591796875,1148.9874961592088,1130.2152218566262,1146.2450362497798,884921
2023-11-28,1137.118896484375,1143.360543858561,1121.6092680035179,1130.2151844923824,910795
2023-11-29,1155.37109375,1167.5707466208876,1141.1382616029969,1141.4692362217013,1898448
2023-11-30,1154.6617431640625,1161.6127869509482,1143.0768241096953,1155.654782402998,2978406
2023-12-01,1154.283447265625,1160.19411971395,1145.7720789400369,1160.19411971395,1017856
2023-12-04,1157.45166015625,1181.3779953499118,1151.8719617194529,1170.7861154422683,1581599
2023-12-05,1154.3306884765625,1159.673959574584,1143.2186240321168,1157.5461174469242,1499843
2023-12-06,1158.6810302734375,1179.2975043534627,1152.486714091251,1156.6005195062428,2637916
2023-12-07,1156.8369140625,1164.1661485476702,1153.8579117960903,1159.4376101701412,1076885
2023-12-08,1158.7757568359375,1170.738867566488,1151.1627632411864,1163.2205371013836,2642571
2023-12-11,1166.34130859375,1173.1503575997847,1158.7756472791202,1164.1661347886618,1558876
2023-12-12,1159.5794677734375,1177.4060340355302,1152.4866603394885,1170.7387488704865,1114846
2023-12-13,1150.0750732421875,1166.9559320461499,1132.0594114124983,1159.4376022543408,3025706
2023-12-14,1196.0364990234375,1200.8597007163028,1163.362366789432,1167.9490261110986,5287733
2023-12-15,1235.188720703125,1252.8735227679213,1193.955890848334,1201.0486981207005,5900381
2023-12-18,1221.6177978515625,1260.675568086187,1216.6055013716555,1234.148423608507,2671348
2023-12-19,1211.8770751953125,1230.3183751810807,1200.292155973484,1229.4199990512152,1717860
2023-12-20,1180.810546875,1242.6598501778994,1170.9751642416475,1220.9085742615437,2860865
2023-12-21,1182.2291259765625,1190.2204249915608,1159.4375943955265,1165.111840371361,3337533
2023-12-22,1205.919189453125,1211.3570086952504,1175.0418101462287,1191.5916947961757,2297352
2023-12-26,1212.397216796875,1218.780743484378,1192.111833722608,1205.77726319502,1720830
2023-12-27,1210.647705078125,1221.3814641171075,1198.448052963534,1217.976939570504,1584695
2023-12-28,1216.1326904296875,1219.0171449015813,1201.5688851644886,1215.2343143510723,2284964
2023-12-29,1203.554931640625,1221.807021047815,1199.2519154136644,1216.1327748282633,1187193
2024-01-01,1226.7247314453125,1233.0137105609938,1196.5566335800588,1203.8858680477492,1776828
2024-01-02,1208.708984375,1228.5688460108147,1203.7440189660463,1227.5285906327438,1615064
2024-01-03,1176.6495361328125,1204.8316732541991,1172.677609760759,1196.3203035059357,2231707
2024-01-04,1179.7703857421875,1186.5794351781537,1164.8281575251915,1182.2292027361289,3355191
2024-01-05,1180.527099609375,1202.79844915992,1177.926403144632,1186.7687480361885,1756868
2024-01-08,1162.227294921875,1186.153743092416,1155.0872718930905,1182.3235811811644,1320667
2024-01-09,1168.563720703125,1183.269405896946,1165.679266095025,1173.1977114348845,994439
2024-01-10,1173.5286865234375,1178.7772948965999,1161.6127928102637,1169.3675496310887,808638
2024-01-11,1181.567138671875,1193.293936398853,1173.5286237987693,1173.5286237987693,930492
2024-01-12,1237.032958984375,1240.5320311722799,1198.2116131086555,1202.7510560836736,5023455
2024-01-15,1265.0257568359375,1325.4091622225128,1261.432021885035,1262.5196086814517,6012767
2024-01-16,1248.71240234375,1259.871683331924,1239.3498735337164,1257.88572035836,1883106
2024-01-17,1254.7176513671875,1262.0468858108247,1234.3849364590326,1235.0942172116427,2313059
2024-01-18,1281.5758056640625,1295.1466879955292,1235.0942493772627,1254.6703524819893,4533782
2024-01-19,1314.4390869140625,1321.9574165606687,1281.4338668131147,1299.3077645015092,4463826
2024-01-23,1292.451416015625,1339.4058251275537,1283.0888869526118,1320.6807670015276,2683661
2024-01-24,1331.509033203125,1333.9206338760973,1291.411121391243,1298.4092656131475,2008135
2024-01-25,1250.2728271484375,1282.7105298182323,1240.815750782405,1274.8138941411607,8424862
2024-01-29,1242.990966796875,1265.3569783290015,1239.8228689008376,1265.3569783290015,2495791
2024-01-30,1246.30078125,1268.1466044870565,1243.6055375841054,1252.0695747236118,2293154
2024-01-31,1261.2431640625,1263.4655541867603,1241.0523266855835,1246.53736237069,1798462
2024-02-01,1241.2412109375,1263.7963138534,1238.6405150669643,1257.79109375,2286420
2024-02-02,1265.451416015625,1280.4881911270272,1251.2185847817213,1251.6441070580654,1838847
2024-02-05,1260.3919677734375,1279.637096847083,1255.8998560893829,1272.7334997351857,953919
2024-02-06,1277.6983642578125,1288.4321229761495,1255.994304466264,1257.7911720863817,2713529
2024-02-07,1246.442626953125,1284.9328804095255,1242.7071280798257,1278.12383181119,2004588
2024-02-08,1238.1678466796875,1257.4603074785973,1231.3114656306689,1254.008451172248,2308756
2024-02-09,1239.8699951171875,1249.7052618026128,1235.046794003085,1245.4969091598773,1085349
2024-02-12,1247.19921875,1258.736805197522,1239.917201024487,1246.820912624562,1149683
2024-02-13,1256.3253173828125,1262.3306534862634,1229.4199801482393,1250.1782174820712,1127361
2024-02-14,1222.7054443359375,1248.2867670145063,1213.011940918979,1238.8770220698098,3426103
2024-02-15,1229.7508544921875,1236.9855407202858,1221.4286968784172,1233.864659463358,1703763
2024-02-16,1231.83154296875,1238.1204064731219,1227.5285269936057,1234.2430282052362,1994659
2024-02-19,1238.8770751953125,1246.4427367232229,1217.551320586382,1232.2097897967083,1496111
2024-02-20,1248.8543701171875,1251.7860409472255,1231.3114458142054,1238.8771075396382,2113200
2024-02-21,1226.20458984375,1253.0627118119082,1222.0434528442604,1248.334173276769,1769508
2024-02-22,1255.9942626953125,1258.263984064038,1228.805168714222,1236.0398550707987,2201424
2024-02-23,1250.4619140625,1269.6598251331593,1244.834999839803,1266.20796919428,1660506
2024-02-26,1227.7650146484375,1252.9681478008447,1224.6914646406522,1250.4619993213146,1196507
2024-02-27,1225.684326171875,1234.1956941900476,1214.004745481573,1224.6912870592946,1488661
2024-02-28,1216.0382080078125,1235.1415725786776,1201.9944719240175,1231.3114102636277,1289779
2024-02-29,1204.6898193359375,1215.423579433394,1195.611047835445,1210.5059452081232,2251498
2024-03-01,1202.7510986328125,1217.1258094908464,1199.1573631968868,1217.1258094908464,1560034
2024-03-04,1210.55322265625,1215.7072835935332,1201.143361502756,1206.3447540035452,1843831
2024-03-05,1203.4129638671875,1210.4112234450395,1190.7404584872113,1205.6826852766026,1420379
2024-03-06,1201.9945068359375,1205.1626045954429,1182.22919248626,1198.6845298304884,2064350
2024-03-07,1218.21337890625,1222.8945857751887,1196.8404082895186,1205.7772997457955,2073691
2024-03-11,1219.0172119140625,1225.9209242253871,1206.2501581042566,1218.2133834664562,1577732
2024-03-12,1222.1380615234375,1236.6546510910393,1208.330637261678,1224.6914260415272,1963068
2024-03-13,1207.85791015625,1228.8526917854076,1197.5497878816216,1222.1381897487279,2001399
2024-03-14,1223.1309814453125,1227.0083597705857,1189.747570245517,1202.9401459520575,2129097
2024-03-15,1212.5863037109375,1222.799992516981,1199.6301550717637,1222.799992516981,2499025
2024-03-18,1203.554931640625,1217.5513363831512,1199.2046992942023,1212.397275577526,630807
2024-03-19,1184.262451171875,1203.5549110772963,1181.0943535086542,1201.0487626179129,1243420
2024-03-20,1195.6583251953125,1202.9402285146894,1179.2975353441961,1184.0260739782948,1139621
2024-03-21,1213.1064453125,1217.5512249338258,1201.6634062390838,1205.777211283132,1420041
2024-03-22,1194.097900390625,1210.4113588973057,1168.9893137292936,1190.1731901830585,2990908
2024-03-26,1186.248291015625,1202.5617469237027,1183.080193681461,1193.7194040562943,2144358
2024-03-27,1185.7283935546875,1194.5707377080885,1178.8720125381878,1189.7003198284901,2128854
2024-03-28,1180.337646484375,1196.2727966449922,1174.5688531444525,1191.591590146546,2436133
2024-04-01,1176.98046875,1192.6791922081463,1174.5688681334655,1184.1204920401888,1397037
2024-04-02,1169.6513671875,1183.978746949422,1168.043594780046,1176.4604166695453,1320357
2024-04-03,1187.0050048828125,1194.4287870024564,1172.6775105962358,1172.6775105962358,1819093
2024-04-04,1209.796630859375,1219.0172813584009,1179.2030084460466,1191.5917567971956,2460669
2024-04-05,1194.8070068359375,1206.675567969191,1191.7806732454128,1205.7771919248855,1184658
2024-04-08,1196.4620361328125,1201.0486950687223,1187.903335868775,1201.0486950687223,686932
2024-04-09,1183.458740234375,1211.451667463463,1175.2783448401394,1196.4148906569635,1198161
2024-04-10,1197.5496826171875,1204.3114001820138,1184.0260166018702,1192.017200329119,1994380
2024-04-12,1174.6634521484375,1200.8122918301142,1170.786073861533,1196.2728489207248,2887322
2024-04-15,1152.5811767578125,1173.2921969918104,1145.251942608173,1167.94892578125,2153147
2024-04-16,1130.8773193359375,1147.2853249221532,1126.337876176731,1139.577784041109,2085459
2024-04-18,1115.60400390625,1142.2729122995938,1112.1994796028393,1134.423608411567,3242357
2024-04-19,1128.8441162109375,1139.4359971841122,1099.8108180599993,1099.9054811924025,2572144
2024-04-22,1142.4622802734375,1150.6425598614971,1130.2152957877124,1131.1610035267101,1364143
2024-04-23,1135.08544921875,1151.8717576741826,1133.714219493882,1151.8717576741826,1460983
2024-04-24,1121.32568359375,1142.3676819806963,1117.353757041667,1142.3676819806963,1375843
2024-04-25,1125.6759033203125,1128.7494532957098,1109.1260188374042,1120.66360641407,3357065
2024-04-26,1209.3236083984375,1273.8681528936033,1173.6231460586205,1182.1345145634775,20431926
2024-04-29,1218.355224609375,1239.822742315199,1215.2343431541042,1219.9628814543148,4120529
2024-04-30,1194.901611328125,1221.0031192824215,1191.6389661248984,1218.355207137973,2613213
2024-05-02,1198.1170654296875,1205.1625413659356,1185.4445596136993,1194.6178777989549,2124221
2024-05-03,1182.56005859375,1202.940104177344,1175.561914492891,1201.0486889192034,2322455
2024-05-06,1193.719482421875,1196.9821276405492,1177.5005731193776,1189.700224905303,1363667
2024-05-07,1222.27978515625,1224.502290449993,1188.65994803957,1199.15727968643,2350444
2024-05-08,1217.1258544921875,1229.4200550426137,1210.8368749682095,1223.7458086347247,1332284
2024-05-09,1200.197509765625,1216.0854438569854,1192.9156073153988,1212.3971610740457,2420777
2024-05-10,1195.7528076171875,1204.0749658932887,1180.4796055740678,1197.2659168089485,1322206
2024-05-13,1193.5303955078125,1197.5968691699877,1182.1819036160744,1195.752785414712,593453
2024-05-14,1206.250244140625,1214.2887600757056,1186.012075050795,1195.3272733693495,1386032
2024-05-15,1205.304443359375,1213.295627112714,1196.3202203606193,1205.7772972014147,1008105
2024-05-16,1236.938232421875,1241.3357959328455,1211.7352167638533,1217.1257040077367,4868225
2024-05-17,1234.52685546875,1248.3341648091325,1227.3395000326584,1238.0259277838843,1925387
2024-05-21,1252.0223388671875,1254.9540093951448,1233.297281849045,1236.0398570304856,1453689
2024-05-22,1258.1695556640625,1262.8980941959908,1239.8701346340667,1257.7912494929412,1411627
2024-05-23,1264.884033203125,1270.9838016160181,1253.157234778694,1263.4654716705609,1440740
2024-05-24,1249.9892578125,1271.97696369042,1246.442853638642,1264.8841553427037,1288301
2024-05-27,1257.5074462890625,1269.896309156456,1246.6791396131168,1251.171251058717,980450
2024-05-28,1243.7001953125,1258.1222379941335,1240.1065752542538,1256.8455556649824,1608944
2024-05-29,1216.60546875,1242.6597587269198,1214.3830790280554,1242.6597587269198,1405567
2024-05-30,1173.4813232421875,1217.835035449432,1168.279931128057,1210.5531326667806,2610479
2024-05-31,1161.7545166015625,1187.099527801665,1157.5934952953373,1178.3044004785027,4649449
2024-06-03,1177.737060546875,1193.2940214701844,1169.4149020565296,1186.863162936106,1091287
2024-06-04,1172.0155029296875,1185.6336003416154,1128.843926867061,1177.7369647810367,2471911
2024-06-05,1198.1170654296875,1215.18701953936,1169.6039562044218,1191.5916594441653,2709585
2024-06-06,1245.922607421875,1251.7387330719318,1205.0207479447356,1215.2344376444862,3205121
2024-06-07,1302.806884765625,1306.0223139856553,1254.9540989565276,1257.7912220137011,5790599
2024-06-10,1267.5792236328125,1303.1851396889313,1262.6615900375327,1302.8068335409494,2532308
2024-06-11,1276.1851806640625,1286.0205636097176,1268.335876197662,1275.6651107065502,1465705
2024-06-12,1296.1868896484375,1306.0222723550282,1283.4671678580276,1290.701854511775,2786009
2024-06-13,1313.5406494140625,1321.011763251159,1300.6790479228816,1305.0766117684943,1953367
2024-06-14,1296.99072265625,1319.9714649452715,1290.0397944517133,1319.2621842010774,1733356
2024-06-18,1296.896240234375,1315.9049420466656,1295.7614371636967,1305.502157275052,950760
2024-06-19,1306.164306640625,1311.6493424283908,1287.1082720300828,1302.2395963155209,1313197
2024-06-20,1317.46533203125,1323.0450303729974,1296.9907378865184,1310.750830662598,1987190
2024-06-21,1323.8017578125,1362.102921779661,1310.7982762187107,1331.5565152040233,6836535
2024-06-24,1325.5982666015625,1332.5019781017156,1306.0221659038107,1314.53353411028,1111433
2024-06-25,1350.2340087890625,1354.2532660381282,1319.0256583845526,1322.8558202931436,2201375
2024-06-26,1336.3321533203125,1356.9012933580777,1333.4476989999573,1355.0098781821914,1565878
2024-06-27,1354.4898681640625,1365.4128383958625,1316.4251328220457,1328.1045999564328,4286657
2024-06-28,1352.69287109375,1374.113171773974,1349.193799077099,1362.7646803346845,2222285
2024-07-01,1392.17626953125,1398.2288218452543,1346.8296319021745,1352.6929734121838,3837301
2024-07-02,1392.2236328125,1416.6701541055268,1390.1903381409375,1399.647415271148,2092643
2024-07-03,1399.4583740234375,1404.3760081441799,1381.679022153971,1399.600137831604,896602
2024-07-04,1379.929443359375,1410.9959188870541,1374.3970762834053,1401.5388416827172,1322999
2024-07-05,1382.0098876953125,1390.1902821721708,1371.2287971123499,1387.3531591473297,1334838
2024-07-08,1387.9205322265625,1398.654291028721,1380.8750563696947,1382.0098593792475,807698
2024-07-09,1386.1708984375,1389.6227542255674,1376.0045418567713,1386.4073253347262,1049695
2024-07-10,1383.9012451171875,1392.8382515370463,1363.2375563731114,1392.1761869265977,802718
2024-07-11,1381.3006591796875,1395.8645810132439,1363.0012380659468,1395.8645810132439,1408434
2024-07-12,1423.3372802734375,1429.7208066214992,1381.7261455601472,1394.9187205023452,4372156
2024-07-15,1417.6630859375,1444.568422156675,1410.9958008888768,1437.5701625221461,2374623
2024-07-16,1433.8819580078125,1436.5299857254536,1408.2533026150363,1421.7296372408348,1794159
2024-07-18,1455.775146484375,1461.7803673798192,1423.2901095964387,1425.1815250244738,2752497
2024-07-19,1436.5587158203125,1483.3233794213972,1431.8388736153217,1481.4451312615975,2504915
2024-07-22,1440.55615234375,1450.4773334311253,1421.8212910834902,1425.5296965768678,2225781
2024-07-23,1438.485107421875,1447.4430596935554,1406.3132600121319,1436.1733360808826,1640492
2024-07-24,1476.91796875,1483.37155119334,1419.2205712619436,1438.485136861857,2561617
2024-07-25,1473.7393798828125,1490.6440845082202,1449.5623717422286,1468.9232381184895,3283912
2024-07-26,1484.479248046875,1487.85054693787,1391.142406662727,1473.7392294921046,7133745
2024-07-29,1469.2601318359375,1497.5308563837327,1454.522810719432,1488.8137116011515,1755979
2024-07-30,1481.4932861328125,1494.8820650063333,1464.1069688451462,1464.1069688451462,1622543
2024-07-31,1497.2420654296875,1504.3217697878338,1478.555413237922,1481.4450980846411,2398955
2024-08-01,1487.657958984375,1511.3052617052585,1481.0598683880844,1497.2421514925145,1315921
2024-08-02,1452.25927734375,1477.1588232463362,1447.0579385300384,1469.4047883107855,2894949
2024-08-05,1402.7974853515625,1429.671577942904,1374.285951713012,1415.9455749207132,2186582
2024-08-06,1428.8529052734375,1447.7321567216889,1411.6110949272354,1411.6110949272354,1665788
2024-08-07,1419.46142578125,1459.5317000522111,1416.9088472376193,1445.6130979736379,3002937
2024-08-08,1412.5260009765625,1433.428124266342,1408.2396823549645,1415.9455082502036,2333194
2024-08-09,1451.2958984375,1453.7521774081038,1426.107574785861,1430.345684848879,1521252
2024-08-12,1456.8828125,1468.4415521694216,1434.6322621526797,1451.2960412938141,1809860
2024-08-13,1448.1175537109375,1467.6229281864205,1440.1709196653703,1452.8373962361375,580901
2024-08-14,1468.34521484375,1473.2094471130952,1449.6585626789483,1456.4011606448971,2833790
2024-08-16,1527.005859375,1530.5697570251837,1474.9915315717526,1501.094994786326,3224481
2024-08-19,1536.0120849609375,1543.766002493779,1517.9033452652377,1529.4620852629396,1640507
2024-08-20,1568.713623046875,1573.5779731098064,1536.589981996765,1542.1285448530452,2442281
2024-08-21,1545.644287109375,1568.1356439905903,1543.0917086443033,1556.5769045999964,1935929
2024-08-22,1552.001708984375,1561.0560791659855,1537.3124763624903,1546.0297401313915,1562554
2024-08-23,1539.6240234375,1557.4918365212766,1534.470775933057,1553.7353404966354,1020913
2024-08-26,1579.8388671875,1582.5840442348301,1549.8342831246755,1550.7975113926211,1510157
2024-08-27,1564.860595703125,1584.5104755730508,1562.4525250715549,1583.5472473204227,1083351
2024-08-28,1567.509521484375,1603.7750898246534,1556.7695026217864,1560.4298171266898,3033590
2024-08-29,1586.7740478515625,1595.3468028670572,1560.4779869479664,1560.4779869479664,2194339
2024-08-30,1576.322998046875,1602.5709673085782,1571.1215420897095,1586.4368944596413,1926984
2024-09-02,1586.0999755859375,1600.8855071446326,1575.4081644877506,1576.3231843815831,1582818
2024-09-03,1583.6436767578125,1598.2366095005468,1572.0849367764918,1578.7312357820679,1739553
2024-09-04,1584.799560546875,1589.3266865000314,1549.7380270980736,1560.1890305808643,1643875
2024-09-05,1579.212890625,1596.936315902525,1572.8556069878405,1592.2164734389294,1080904
2024-09-06,1563.5604248046875,1590.4826102521338,1554.6023540845842,1579.2128855489204,1672937
2024-09-09,1521.130126953125,1571.3144168546742,1516.8438079306438,1563.5121733407727,2965098
2024-09-10,1548.293212890625,1554.3614807098847,1520.4558911455433,1533.4594733631327,2541973
2024-09-11,1543.669677734375,1567.1724721919848,1539.3351503066774,1552.724047432993,1395340
2024-09-12,1582.8248291015625,1588.9413050009148,1546.9445766238305,1560.3334728768023,2356422
2024-09-13,1595.154296875,1598.8627023686129,1577.7679787698426,1589.2304192259398,1373924
2024-09-16,1588.3634033203125,1608.591196813173,1585.9553326664006,1590.3861591532836,1060407
2024-09-17,1590.8197021484375,1610.517673309091,1580.75389614131,1588.363423018356,1499644
2024-09-18,1546.36669921875,1587.5447080553508,1530.56973196161,1587.5447080553508,2930297
2024-09-19,1536.6861572265625,1575.2152870286218,1528.691433341579,1560.4297569833961,3032379
2024-09-20,1562.404541015625,1569.3879463245714,1524.2125146717597,1548.871136108413,3984683
2024-09-23,1548.052490234375,1571.025463221947,1535.8676279015292,1565.197884581407,1535902
2024-09-24,1576.9010009765625,1583.0656855134355,1539.3350978825413,1542.6583060128821,1781972
2024-09-25,1543.8140869140625,1582.6803235175307,1531.581135098582,1576.9009539829906,2505756
2024-09-26,1547.8597412109375,1560.2854103717002,1537.3124378709606,1550.7976346943901,2173853
2024-09-27,1550.0750732421875,1603.5824499741204,1545.5479474649753,1565.2459182964453,3539822
2024-09-30,1519.20361328125,1546.9446350900923,1510.1974522782054,1546.9446350900923,3460691
2024-10-01,1565.6314697265625,1582.487966778783,1521.900876714769,1521.900876714769,5176596
2024-10-03,1545.06640625,1571.16986974144,1537.4568791410172,1555.613709133786,2332279
2024-10-04,1557.01025390625,1587.7854669681062,1532.4961420357927,1532.4961420357927,2927576
2024-10-07,1559.033203125,1572.0367851009953,1541.3578698553288,1565.197770144653,1619326
2024-10-08,1569.1951904296875,1574.8782608812937,1544.632868929704,1565.2459779401236,1311331
2024-10-09,1597.8031005859375,1608.3986115511452,1572.0367443750918,1578.7311338159334,2177241
2024-10-10,1560.1407470703125,1614.3223360486977,1552.0978147116134,1611.4808597482383,1518162
2024-10-11,1586.4852294921875,1589.326705964158,1544.0549755518455,1544.0549755518455,1019027
2024-10-14,1630.263916015625,1634.5984434141894,1587.4002561853767,1587.4002561853767,2070051
2024-10-15,1613.7445068359375,1640.8111985151918,1602.3302750117728,1637.4881079170507,2503380
2024-10-16,1599.248046875,1615.7673187058342,1592.0238343839937,1608.591314664068,1070524
2024-10-17,1636.52490234375,1647.024114462507,1595.1060849212772,1599.6332109557522,3771316
2024-10-18,1625.8331298828125,1639.799940737907,1585.0885242866962,1632.6720275438179,3119646
2024-10-21,1638.6439208984375,1697.0637402383009,1627.904019523757,1680.8333670583795,5898020
2024-10-22,1634.1649169921875,1663.4469614119555,1629.2523589047707,1640.7630069174002,2484594
2024-10-23,1672.1160888671875,1684.6862649781285,1623.6175683917083,1634.164988627053,4198781
2024-10-24,1671.9234619140625,1683.7230081669488,1664.5066513020213,1671.2492491608134,1570443
2024-10-25,1653.3331298828125,1678.328974232892,1647.457460906376,1671.9234826711995,1743714
2024-10-28,1639.9443359375,1664.4102398976622,1630.9380575597313,1647.1203395068146,1271473
2024-10-29,1636.043212890625,1660.701833030477,1618.5605963133944,1646.1571097027247,1499121
2024-10-30,1622.9915771484375,1649.1914590732317,1620.390907610676,1641.437423747379,1305424
2024-10-31,1563.4151611328125,1622.845661130728,1550.683553803254,1619.7355732013204,3638913
2024-11-01,1558.555908203125,1573.4742474766692,1553.8423123505227,1573.4742474766692,249236
2024-11-04,1592.3287353515625,1594.1266902107493,1562.8321914535059,1568.6148318854744,2746587
2024-11-05,1586.7403564453125,1607.4899766117576,1578.1392397296818,1592.2315037326264,1376651
2024-11-06,1645.927978515625,1650.0098284420396,1589.0243378016403,1603.5539012640595,3164061
2024-11-07,1604.5743408203125,1667.2606188232864,1598.111313236646,1647.337073101411,1285140
2024-11-08,1634.0709228515625,1639.0274886666773,1603.6511405664967,1613.3213021211056,1883257
2024-11-11,1656.2298583984375,1667.21203474787,1619.2012422169616,1625.7614343268278,1587351
2024-11-12,1639.5621337890625,1662.4013217819747,1636.646492768691,1661.9153816119128,1414446
2024-11-13,1628.4825439453125,1641.5057631889813,1616.8686222647561,1632.758840827406,1063556
2024-11-14,1640.0479736328125,1644.4214348958333,1616.2369067563657,1616.2369067563657,1919974
2024-11-18,1614.098876953125,1640.533974104454,1587.3235267808645,1637.375363076113,1617013
2024-11-19,1651.8563232421875,1675.910359904434,1617.3059322176875,1618.0834838881242,1982317
2024-11-21,1654.3831787109375,1676.4934547078085,1637.4239155662306,1663.859011281025,2212146
2024-11-22,1698.3121337890625,1700.6446701693226,1654.383192951364,1666.5316963509188,2344087
2024-11-25,1683.8797607421875,1718.0900180112476,1679.2633293810936,1710.509304321096,3913302
2024-11-26,1696.31982421875,1712.4530127566761,1682.373366258975,1683.879709474621,1291712
2024-11-27,1707.3994140625,1717.3125459900307,1686.7469570153646,1692.0436573676534,2088228
2024-11-28,1665.1710205078125,1710.5092583851695,1658.8052759845266,1707.593617603831,1787990
2024-11-29,1664.150634765625,1681.3528680997624,1652.6824001177145,1659.9715021470488,1556942
2024-12-02,1696.8543701171875,1698.846772196424,1657.930635106196,1661.9153206269364,1370756
2024-12-03,1700.3045654296875,1711.4811887520318,1688.7391662642372,1710.5093084631321,1824151
2024-12-04,1710.1204833984375,1724.6986873123326,1691.654758440837,1693.1125788322265,1811165
2024-12-05,1736.701416015625,1743.5045779643617,1705.7470528764188,1710.1205141291782,2762694
2024-12-06,1732.668212890625,1746.4688654294666,1725.6706036828944,1746.4688654294666,1180840
2024-12-09,1727.857421875,1750.113505171295,1721.3943939495414,1729.0722722881412,1069659
2024-12-10,1713.9595947265625,1727.0313376436163,1703.9978213946283,1716.5349826778015,1625591
2024-12-11,1713.2305908203125,1719.9851112551623,1700.8391173531543,1715.3686799634759,1285654
2024-12-12,1739.27685546875,1756.867864102321,1711.5297457723873,1718.3329074590067,3018243
2024-12-13,1745.8857421875,1753.855112952945,1711.4811568737362,1730.9187622896786,1503188
2024-12-16,1725.6220703125,1743.0672737995337,1716.3405662280327,1743.0672737995337,1075193
2024-12-17,1720.9569091796875,1738.8395290551389,1711.4810769817477,1727.4684592349774,1160899
2024-12-18,1728.8779296875,1737.6733754248307,1711.0439494944414,1712.5017699784146,1337600
2024-12-19,1705.0181884765625,1719.1590943621682,1686.212328311984,1691.0230883641789,2402819
2024-12-20,1638.6387939453125,1721.0541705266028,1632.8560350952766,1720.228096015949,2921154
2024-12-23,1664.247802734375,1676.4934704431093,1638.4443340385506,1643.3523768708812,1301223
2024-12-24,1656.958740234375,1676.8336448307605,1648.017370329311,1669.301572537413,711026
2024-12-26,1650.9329833984375,1666.4345450397282,1643.1094183307832,1659.096801474114,659638
2024-12-27,1663.5189208984375,1668.2325165739696,1650.9329999694357,1657.007251777526,647945
2024-12-30,1691.8978271484375,1723.7269075494994,1646.1709293884837,1666.7747446662913,6781500
2024-12-31,1658.22216796875,1680.3810868994412,1635.1400101816698,1680.3810868994412,1459630
2025-01-01,1655.9381103515625,1669.3014635479046,1643.6924431500954,1652.7794995960635,721479
2025-01-02,1678.3885498046875,1686.892501989767,1648.3089035308394,1660.9433467772433,1238954
2025-01-03,1641.943115234375,1681.20710283931,1634.0709085805636,1664.053391922756,2448088
2025-01-06,1638.8817138671875,1663.1787201295979,1627.8994195814878,1656.812857033756,945693
2025-01-07,1624.15771484375,1657.0558378081735,1614.7790466382876,1645.3932747268257,1305847
2025-01-08,1616.9658203125,1622.9914306100377,1588.0523819027048,1621.0476700446734,673344
2025-01-09,1596.60498046875,1622.5541366364146,1592.134236245282,1616.9171835254429,774065
2025-01-10,1657.6390380859375,1665.8028564424906,1590.287803579275,1606.6153216546477,2208899
2025-01-13,1612.9810791015625,1653.168303673186,1603.5052466731006,1650.3013043935111,1401093
2025-01-14,1601.1728515625,1623.47745779078,1575.7096342461605,1622.9429947892884,2480288
2025-01-15,1628.82275390625,1631.7870362992303,1603.7483131552863,1611.3775498416462,1079742
2025-01-16,1640.1937255859375,1674.4038628880037,1623.9632542486283,1647.3370216869464,2334315
2025-01-17,1613.6129150390625,1652.0993513225533,1603.9912763087566,1637.375340999875,2502285
2025-01-20,1627.5106201171875,1639.707764538867,1579.3053841202018,1616.236833102705,4856268
2025-01-21,1594.36962890625,1655.6467291516742,1590.0933318674038,1627.510723341278,2500061
2025-01-22,1636.59765625,1641.2627287817152,1589.2671367818207,1596.507596997745,2478559
2025-01-23,1665.2197265625,1680.8669756350253,1624.0119781937713,1624.0119781937713,2255334
2025-01-24,1674.5982666015625,1687.5728438580902,1657.3959154625188,1670.6621042411932,1257165
2025-01-27,1607.392822265625,1665.7056391906415,1598.743064027535,1661.9152823629695,1174799
2025-01-28,1601.998779296875,1617.8404747571208,1591.9398424812694,1609.3850454367646,1820874
2025-01-29,1633.8765869140625,1637.6183023342828,1607.5386545625233,1617.1601746037381,1146508
2025-01-30,1623.13720703125,1656.9586877121396,1610.4055992858657,1637.618246708922,868832
2025-01-31,1627.3648681640625,1647.3370551371886,1618.4236171487926,1627.8994497668384,1065425
2025-02-01,1600.103759765625,1638.4930318583754,1590.6764496133733,1627.4135726407692,410470
2025-02-03,1608.170166015625,1617.2573410587288,1560.0135718948966,1584.164771836142,1415698
2025-02-04,1612.3980712890625,1629.7946338796314,1598.7917469867957,1615.993980970997,1467006
2025-02-05,1614.293212890625,1624.0120160988768,1598.1600232924739,1616.0911677566046,1449280
2025-02-06,1622.6513671875,1637.3267363701214,1603.6025365415833,1623.0401430451177,1288106
2025-02-07,1644.5186767578125,1647.9202579005928,1611.2804170463091,1627.8995469020608,1582031
2025-02-10,1651.2733154296875,1655.8411055070267,1626.150114091117,1635.6745887414972,1235699
2025-02-11,1622.1654052734375,1660.9434534555642,1616.4312877042362,1658.0278125191296,1800036
2025-02-12,1632.9532470703125,1642.4777215497772,1621.8739064623524,1632.7589184636838,1889477
2025-02-13,1628.191162109375,1641.9431738501496,1594.418320687399,1627.8995505556738,1555491
2025-02-14,1612.446533203125,1646.3651783741523,1605.5948484781245,1637.6182559388706,961944
2025-02-17,1618.1319580078125,1621.0475987275872,1585.1366713174532,1609.3365130191273,1114005
2025-02-18,1657.055908203125,1660.8947879253944,1617.2574574524008,1621.0963371746702,2654136
2025-02-19,1638.395751953125,1664.247742544982,1627.9480393992314,1646.41376391309,1113961
2025-02-20,1611.231689453125,1646.0250507374942,1608.4618543981724,1632.7588612621932,1485087
2025-02-21,1603.1165771484375,1618.1320805372018,1596.0218034046604,1611.1345897349634,1479239
2025-02-24,1568.3232421875,1597.722622191025,1559.139020517526,1584.1649390329235,1672609
2025-02-25,1549.1285400390625,1568.6147872992037,1544.317780060988,1562.8321470316007,1425126
2025-02-27,1543.5888671875,1550.829327876936,1525.7548876328863,1530.7114533734064,2208643
2025-02-28,1446.011962890625,1528.6704231305212,1436.8277422585131,1525.8519467624599,4155992
2025-03-03,1451.06591796875,1488.4346677550427,1434.6896401322365,1457.8204385455854,2851006
2025-03-04,1446.40087890625,1457.2858909799654,1392.7531329693563,1433.5234647315428,2386196
2025-03-05,1494.8489990234375,1505.442517548451,1445.6718817645713,1446.4007919570577,1967418
2025-03-06,1461.17333984375,1507.1919653925304,1458.7436391764534,1497.6674913216364,2246380
2025-03-07,1450.385498046875,1464.8178963371872,1440.3265609740954,1459.7155249167324,893696
2025-03-10,1445.0401611328125,1457.820410458713,1440.812505670028,1450.3855026378278,798491
2025-03-11,1437.6053466796875,1445.5748366237578,1412.7252337861894,1423.318753184416,1769157
2025-03-12,1397.85546875,1447.1297520045314,1369.185000191146,1439.3547096834864,2665932
2025-03-13,1400.139404296875,1415.3007135349212,1382.0138126328982,1401.451418999043,995812
2025-03-17,1399.6048583984375,1407.2827368366268,1385.1238175584137,1402.3746936487798,1747569
2025-03-18,1399.6048583984375,1399.6048583984375,1399.6048583984375,1399.6048583984375,0
2025-03-19,1356.890625,1391.5381793906993,1355.18983457474,1390.4204933836977,5557840
2025-03-20,1370.8857421875,1381.0418434048802,1360.6809995022422,1363.6938045674874,2863413
2025-03-21,1369.6221923828125,1390.8577513436232,1343.1870980015963,1350.9621397181565,4056023
2025-03-24,1417.6331787109375,1426.38010113568,1373.8499251186634,1376.036655724849,3072831
2025-03-25,1414.57177734375,1442.173201604833,1408.6918540707736,1432.5515629025679,2056315
2025-03-26,1376.47412109375,1422.8327641085884,1369.8652875758576,1422.8327641085884,2231144
2025-03-27,1383.8603515625,1389.7887975307144,1366.4636708588703,1367.5813569061088,2541022
2025-03-28,1378.369140625,1389.7887333641813,1368.941949818808,1375.3076941631216,1642693
2025-04-01,1355.918701171875,1377.1056186057253,1346.4428691071635,1362.5760568949229,1578367
2025-04-02,1383.0343017578125,1385.9499426438729,1357.862578380612,1357.862578380612,1617949
2025-04-03,1330.84423828125,1360.6323926040195,1322.0001514568698,1357.7167517627254,1943422
2025-04-04,1283.80517578125,1320.9795955464115,1281.7642509726688,1312.0383446527574,1757493
2025-04-07,1251.7818603515625,1257.418813699544,1175.3920904272206,1209.9910063180864,3044730
2025-04-08,1277.439453125,1304.311966370835,1254.843236803111,1277.0506772886906,2868814
2025-04-09,1236.9605712890625,1263.3956662728356,1228.7967535730454,1253.7255053725326,3724878
2025-04-11,1246.1934814453125,1275.447053967721,1238.3697977838378,1239.1473494581971,1803181
2025-04-15,1265.0965576171875,1277.245061545438,1250.6156358449,1277.245061545438,1511866
2025-04-16,1271.899658203125,1277.6337755070315,1247.4083229252851,1255.6693051963134,1093342
2025-04-17,1270.05322265625,1272.0941475573557,1240.0220976785386,1258.6821519711211,3027966
2025-04-21,1334.8775634765625,1349.9417078041101,1266.3600037932006,1267.331884072397,3759267
2025-04-22,1337.793212890625,1356.7448784564565,1322.923397068496,1335.3635121770567,2471135
2025-04-23,1399.1187744140625,1408.6432482527227,1368.4073824558095,1379.0009008344684,5944062
2025-04-24,1404.5614013671875,1426.234380118114,1393.9680007112513,1404.367072756848,2501415
2025-04-25,1420.8890380859375,1432.4544377048817,1336.3354496362272,1414.4746516552307,8211667
2025-04-28,1420.4029541015625,1438.3827383306962,1396.591888500818,1427.983667339746,2079431
2025-04-29,1453.2525634765625,1462.5825900090365,1422.1523959431665,1424.9707537157012,2652788
2025-04-30,1460.7359619140625,1468.3166750397631,1448.1015191297095,1453.2525317199572,1858465
2025-05-02,1452.0863037109375,1476.286146428657,1447.907289686437,1462.6798224984389,1582577
2025-05-05,1452.572265625,1464.1376648665937,1448.587580141824,1456.848562651858,846022
2025-05-06,1454.1273193359375,1462.4855851821,1444.3113516154235,1454.8077067575541,1545773
2025-05-07,1453.1553955078125,1462.58270571984,1438.9659666756625,1447.2269493302804,1272555
2025-05-08,1460.5416259765625,1475.800097807332,1446.1577514239775,1458.6950298513666,2829448
2025-05-09,1451.697509765625,1459.083894717233,1436.536201302876,1438.382797540778,923174
2025-05-12,1528.8648681640625,1532.169284894235,1474.7311831937768,1479.2018088227248,1891418
2025-05-13,1528.28173828125,1555.8831619243363,1521.0898004912042,1555.3000574846526,3724272
2025-05-14,1558.118408203125,1564.1441370860373,1533.724237047299,1539.4583543928486,2354571
2025-05-15,1583.2900390625,1590.3848121074036,1555.2026770410312,1560.8396297592606,2972408
2025-05-16,1571.530517578125,1589.8990798228194,1556.2720436195052,1589.0243637849317,1159095
2025-05-19,1552.870361328125,1580.4716664141824,1548.3024528221656,1571.5304152789427,681874
2025-05-20,1531.683349609375,1573.960142571309,1529.0593202599339,1566.6710403364928,1869716
2025-05-21,1553.259033203125,1557.924106053762,1525.2689520124957,1532.6552184945617,930031
2025-05-22,1521.5758056640625,1544.998097654667,1514.1895389576696,1544.998097654667,1789310
2025-05-23,1535.8624267578125,1558.8959415310796,1523.7139234728133,1530.711413909882,1159290
2025-05-26,1556.369140625,1559.284781533388,1538.486519326008,1538.486519326008,711029
2025-05-27,1547.6221923828125,1559.1875915229418,1534.1130326691398,1556.369114963758,1394001
2025-05-28,1535.8624267578125,1556.9521810054798,1533.7242189970161,1555.785972145211,820958
2025-05-29,1555.008544921875,1559.7707823182457,1539.9443996429443,1547.330666503776,1799251
2025-05-30,1529.642333984375,1550.1489833278124,1523.9082168388777,1550.1489833278124,2780942
2025-06-02,1505.5396728515625,1524.8801135708604,1498.7365110956696,1520.9925925674931,2120693
2025-06-03,1500.3887939453125,1520.8954437188318,1490.7671556366988,1512.148521372406,2316285
2025-06-04,1512.926025390625,1522.5476641507228,1500.5831929554754,1501.3607446556232,1439090
2025-06-05,1518.8544921875,1526.1435940146648,1503.498736883183,1516.1331800502685,1529586
2025-06-06,1526.921142578125,1529.2536790668796,1511.662669053651,1520.798367762595,828051
2025-06-09,1534.6961669921875,1546.7475065103267,1526.921124546644,1530.711481466393,598108
2025-06-10,1565.6019287109375,1587.5663987773116,1534.5989248052495,1534.696089103341,3324373
2025-06-11,1591.453857421875,1602.6304799320133,1559.478974513152,1572.5021931655533,2660949
2025-06-12,1598.1600341796875,1611.3775829054055,1566.5739235376936,1589.9962157015943,2316173
2025-06-13,1612.349365234375,1622.0681679181266,1559.4790549072213,1559.867830742117,2511076
2025-06-16,1646.26806640625,1658.027794326624,1604.768706350371,1611.377539855535,2160406
2025-06-17,1670.2734375,1676.4934950643064,1636.8407318998673,1644.8102214358546,2105126
2025-06-18,1662.5955810546875,1684.074230585827,1660.360327548268,1668.8156386996143,1299278
2025-06-19,1636.6463623046875,1646.3651649311998,1614.0015047298227,1636.6463623046875,3056884
2025-06-20,1648.4061279296875,1660.4574671931982,1622.2625245313793,1632.7588790661825,3425550
2025-06-23,1634.50830078125,1644.4214321725888,1628.5797361687896,1632.758868823847,732380
2025-06-24,1629.9404296875,1660.4574948778288,1627.6078932366836,1651.0303034097055,1923989
2025-06-25,1657.055908203125,1665.8028308857222,1628.6770509546805,1642.2833751276091,1416375
2025-06-26,1642.6719970703125,1655.5980522121797,1623.3316744641927,1647.3370698559697,2528268
2025-06-27,1627.31640625,1653.9459503317719,1615.8481711971017,1650.2527577180638,6183785
2025-06-30,1639.5621337890625,1641.9918346393724,1613.3213646057166,1633.3420758847221,1546996
2025-07-01,1624.206298828125,1649.669633697109,1622.359821180903,1642.4776957986103,1689051
2025-07-02,1629.9404296875,1651.2246320148852,1620.6104025219663,1627.8995047821852,1931642
2025-07-03,1624.8865966796875,1645.3932460123078,1623.040000496488,1637.5210397973249,1713273
2025-07-04,1638.048828125,1646.658751517565,1623.501197324542,1627.9545684845302,1310544
2025-07-07,1607.0732421875,1630.824555219481,1598.7602584652216,1630.824555219481,1550115
2025-07-08,1618.4541015625,1626.767085397165,1602.2240132768072,1606.1825655023213,1318755
2025-07-09,1598.0675048828125,1619.4436617111448,1595.29647013609,1617.8602650581981,1173847
2025-07-10,1583.519775390625,1600.6405614993353,1573.623395167191,1598.067526802327,1631315
2025-07-11,1585.8948974609375,1590.348268467848,1561.450887145174,1563.6280424263846,2559235
2025-07-14,1560.3621826171875,1581.4415202899029,1547.892768007525,1581.4415202899029,2068336
2025-07-15,1562.638427734375,1578.373696354596,1536.9078393106297,1538.491235975622,2574760
2025-07-16,1591.239013671875,1594.3068674058604,1560.9561140945243,1563.628088455158,2207039
2025-07-17,1547.4969482421875,1587.2804697641882,1544.726034225231,1566.9928900304992,7617296
2025-07-18,1532.850341796875,1557.6902317507486,1522.0632632990162,1556.7005937382005,3619191
2025-07-21,1527.80322265625,1537.3037234813082,1515.4327474138765,1534.9285680736882,988104
2025-07-22,1531.16796875,1536.710038568854,1525.2301403487377,1533.939003659427,1404790
2025-07-23,1530.5740966796875,1536.8088643612866,1518.5995011186883,1534.9285280124377,2887100
2025-07-24,1483.071533203125,1537.8975044334593,1480.0036794596128,1537.8975044334593,2207437
2025-07-25,1446.7518310546875,1485.7435928117823,1440.6160029091184,1474.659574615958,1179664
2025-07-28,1435.56884765625,1450.8092969007384,1430.1258386978911,1446.850744931023,1070496
2025-07-29,1438.73583984375,1443.9808490051942,1421.5161136793113,1435.5689256127514,1458817
2025-07-30,1448.038330078125,1450.9083045517857,1433.589638872449,1436.261734060516,1299448
2025-07-31,1448.5330810546875,1458.0337024254131,1432.2040541812037,1434.975088881902,1382994
2025-08-01,1423.8912353515625,1444.6736338278047,1417.5575278453375,1441.5067196719808,1620011
2025-08-04,1459.716064453125,1461.6953404727226,1404.395275544292,1420.130544061176,1581473
2025-08-05,1470.00830078125,1472.3834561284712,1446.0589888377804,1454.8667911474568,2929677
2025-08-06,1443.8818359375,1466.148690844007,1438.2409476833525,1464.7631734887404,1039973
2025-08-07,1466.6435546875,1476.5399349485492,1434.9751378521423,1439.923327982667,1587489
2025-08-08,1465.0601806640625,1480.4985099489693,1458.5285937518431,1458.5285937518431,1371665
2025-08-11,1465.7528076171875,1506.921723974621,1454.4709103332407,1465.0601093440916,888886
2025-08-12,1493.6607666015625,1501.6768106960017,1465.653961287868,1467.2373580167628,2532937
2025-08-13,1490.6917724609375,1502.9631870556111,1483.7643064389158,1499.3015747661393,1815196
2025-08-14,1471.2947998046875,1514.0472348621527,1469.6124634885196,1494.2544744111287,1715172
2025-08-18,1455.9554443359375,1484.4570683708275,1452.887590555723,1484.4570683708275,1249405
2025-08-19,1481.191162109375,1484.0611365011343,1449.2259268509702,1456.747151570276,1807647
2025-08-20,1508.3072509765625,1516.1254153342131,1471.9875847146798,1472.5813433533351,2329633
2025-08-21,1505.536376953125,1515.8285157769797,1493.4627205552604,1512.166903403734,1251760
2025-08-22,1489.4052734375,1513.7503454402436,1483.4674451048588,1513.7503454402436,969599
2025-08-25,1511.2762451171875,1523.7456604118722,1489.4052683280731,1500.2912869005706,1386218
2025-08-26,1486.6341552734375,1510.6824069955344,1483.368422356699,1505.2393979955505,1510822
2025-08-28,1480.1026611328125,1493.5617146128054,1467.2373663288404,1484.4570927660116,1771867
2025-08-29,1466.0498046875,1489.1082983486128,1463.3777095179885,1483.269530604464,2279980
2025-09-01,1489.9000244140625,1494.2544558201962,1469.6124452041734,1469.6124452041734,1241192
2025-09-02,1497.12451171875,1504.150917812897,1483.0715787250285,1486.4363723041126,1137022
2025-09-03,1492.572021484375,1500.3901860455867,1481.7850636525886,1497.1244530452432,1431929
2025-09-04,1484.8529052734375,1495.145164814133,1479.8057755464433,1490.4937936497095,1038934
2025-09-05,1462.5860595703125,1491.7803812731152,1446.949730471727,1483.4673977119105,1875965
2025-09-08,1445.564208984375,1472.4824356394215,1443.881872670807,1467.0394265238017,1308412
2025-09-09,1482.6756591796875,1484.45705596902,1450.5124229670255,1451.4031213616918,1749566
2025-09-10,1510.1876220703125,1520.0840022935781,1486.2384302521791,1487.425947556802,1660976
2025-09-11,1505.4373779296875,1515.6306983333695,1490.097987904113,1510.187688969456,896908
2025-09-12,1509.69287109375,1514.1462423949115,1496.8275762237279,1513.1566043279868,770698
2025-09-15,1504.0518798828125,1512.067923517255,1489.998947807403,1512.067923517255,825515
2025-09-16,1515.630615234375,1518.1047102641405,1494.3533979783913,1507.1197524930658,1011289
2025-09-17,1531.16796875,1533.3452449803865,1509.7918106665413,1522.3602865991368,1946337
2025-09-18,1534.631591796875,1550.6637998124208,1525.8239102784069,1539.876721496892,2246114
2025-09-19,1537.6995849609375,1541.2622576282095,1525.6259287815897,1534.9285502167145,2621234
2025-09-22,1489.8011474609375,1494.3534583384994,1438.2410291190852,1483.4674397678216,5723501
2025-09-23,1456.648193359375,1496.0357131949572,1452.9864602836687,1496.0357131949572,1380054
2025-09-24,1437.350341796875,1454.7679474832075,1424.0891676383237,1454.7679474832075,2122106
2025-09-25,1429.334228515625,1445.0693762561637,1422.1098227085765,1436.9543928829876,1581629
2025-09-26,1393.1134033203125,1426.563216979923,1388.956971925995,1424.9798202966317,1851067
2025-09-29,1396.082275390625,1410.2341470835258,1377.4771535123537,1400.3377671039923,2708118
2025-09-30,1385.7901611328125,1411.9165080921323,1378.0709362913815,1393.4103255283771,2225340
2025-10-01,1401.327392578125,1408.8486171342686,1378.9615981853487,1386.4828227414923,1683484
2025-10-03,1386.0870361328125,1409.046711499703,1382.8213030334825,1408.254952733269,2568702
2025-10-06,1424.3861083984375,1427.0580828388636,1382.6233097738498,1390.3425349657455,3036770
2025-10-07,1423.990234375,1430.8187611773226,1411.8176378662758,1425.0788120842565,1105550
2025-10-08,1443.090087890625,1457.5388993811462,1417.2605601691457,1417.2605601691457,1154614
2025-10-09,1451.403076171875,1460.1119389512437,1436.9543854380586,1443.0900927561904,1354036
2025-10-10,1442.1004638671875,1462.388043128704,1435.0740581376979,1461.6953448419429,937053
2025-10-13,1435.8658447265625,1446.355983704215,1424.2870072694188,1439.923336496499,1229414
2025-10-14,1452.78857421875,1464.4663508622946,1442.79325464713,1444.8714702720538,1430713
2025-10-15,1443.8818359375,1463.6745958543952,1425.4745933758713,1454.7678538917924,2810322
2025-10-16,1448.6322021484375,1451.502055802019,1432.8969332504778,1450.8093575005526,1619438
2025-10-17,1432.5999755859375,1449.819701319002,1425.1776904256014,1449.819701319002,1433539
2025-10-20,1444.4000244140625,1455.0,1439.0,1440.0,1800507
2025-10-21,1448.699951171875,1457.300048828125,1442.0,1450.0,114229
2025-10-23,1463.4000244140625,1487.5,1460.9000244140625,1465.0,3244860
2025-10-24,1453.699951171875,1468.0,1450.0,1465.4000244140625,969361
2025-10-27,1462.800048828125,1475.5999755859375,1457.0,1457.9000244140625,1036807
2025-10-28,1447.4000244140625,1469.5999755859375,1435.300048828125,1469.0,1432913
2025-10-29,1452.199951171875,1461.199951171875,1442.5999755859375,1453.0,1311858
2025-10-30,1433.800048828125,1458.0999755859375,1432.5,1453.199951171875,1797868
2025-10-31,1424.4000244140625,1437.5,1420.300048828125,1433.800048828125,1757591
2025-11-03,1419.800048828125,1424.0,1414.0,1419.0999755859375,2136091
2025-11-04,1409.199951171875,1425.300048828125,1405.5999755859375,1419.9000244140625,1191278
2025-11-06,1413.5999755859375,1420.9000244140625,1410.0,1412.0,2502412
2025-11-07,1386.699951171875,1409.800048828125,1385.0,1400.0999755859375,1209479
2025-11-10,1397.800048828125,1404.300048828125,1383.5999755859375,1386.699951171875,2883323
2025-11-11,1408.0,1410.4000244140625,1392.199951171875,1405.0,2488036
2025-11-12,1456.0999755859375,1460.199951171875,1414.0,1415.0,2958869
2025-11-13,1451.4000244140625,1463.800048828125,1442.300048828125,1463.0,1178211
2025-11-14,1439.199951171875,1445.800048828125,1422.9000244140625,1444.199951171875,1220596
2025-11-17,1452.800048828125,1455.9000244140625,1438.300048828125,1440.0,999416
2025-11-18,1422.0,1451.0999755859375,1419.5,1444.0,1553597
2025-11-19,1433.9000244140625,1443.5,1417.800048828125,1427.5,5777445
2025-11-20,1456.0,1464.699951171875,1430.699951171875,1445.300048828125,2818268
2025-11-21,1461.5,1469.0,1440.0,1455.0,2615232
2025-11-24,1494.699951171875,1513.800048828125,1461.800048828125,1470.0,6808658
2025-11-25,1494.699951171875,1502.0,1483.5,1501.199951171875,1675981
2025-11-26,1520.4000244140625,1522.699951171875,1496.199951171875,1498.0,1592891
2025-11-27,1509.800048828125,1532.0,1505.0,1523.0,1426194
2025-11-28,1517.300048828125,1525.300048828125,1503.699951171875,1515.800048828125,1247146
2025-12-01,1529.5,1532.0,1509.699951171875,1515.300048828125,1527101
2025-12-02,1536.699951171875,1539.0,1520.0,1523.0999755859375,1754978
2025-12-03,1541.699951171875,1550.800048828125,1530.300048828125,1537.9000244140625,2142830
2025-12-04,1562.300048828125,1577.9000244140625,1541.0999755859375,1545.0999755859375,2422663
2025-12-05,1570.800048828125,1583.0,1556.5999755859375,1567.0999755859375,2223397
2025-12-08,1591.800048828125,1595.699951171875,1572.699951171875,1581.0,2833786
2025-12-09,1561.5999755859375,1586.0,1559.0,1579.0999755859375,1533609
2025-12-10,1550.800048828125,1572.9000244140625,1548.199951171875,1563.0,735586
2025-12-11,1568.199951171875,1572.0,1541.0,1550.0,1248064
2025-12-12,1578.4000244140625,1580.5,1558.699951171875,1575.0,754479
2025-12-15,1575.4000244140625,1588.699951171875,1567.699951171875,1571.0,784781
2025-12-16,1578.199951171875,1580.300048828125,1564.699951171875,1570.0,999338
2025-12-17,1579.4000244140625,1586.199951171875,1570.300048828125,1578.199951171875,582251
2025-12-18,1605.5999755859375,1608.800048828125,1574.5999755859375,1581.0,1748780
2025-12-19,1612.5,1624.0,1595.0,1611.0,1802793
2025-12-22,1646.699951171875,1649.800048828125,1612.800048828125,1615.9000244140625,1466208
2025-12-23,1633.0,1646.5,1628.800048828125,1646.5,1161166
2025-12-24,1631.5,1636.5999755859375,1615.300048828125,1630.0,955523
2025-12-26,1612.300048828125,1633.699951171875,1608.0,1630.5,461192
2025-12-29,1612.4000244140625,1629.800048828125,1610.0999755859375,1614.0,891096
2025-12-30,1604.5999755859375,1616.199951171875,1599.0,1614.9000244140625,1973547
2025-12-31,1590.9000244140625,1614.800048828125,1588.300048828125,1614.800048828125,729913
2026-01-01,1607.699951171875,1613.5,1587.199951171875,1591.0,565878
2026-01-02,1612.0,1619.0999755859375,1601.9000244140625,1611.0,637080
2026-01-05,1596.9000244140625,1610.0999755859375,1576.0999755859375,1601.9000244140625,907810
2026-01-06,1601.800048828125,1625.4000244140625,1596.0999755859375,1603.9000244140625,570335
2026-01-07,1625.199951171875,1633.9000244140625,1595.800048828125,1599.0,1309781
2026-01-08,1577.9000244140625,1632.800048828125,1574.5,1625.0,1657201
2026-01-09,1582.199951171875,1606.4000244140625,1578.0999755859375,1583.0,1410053
2026-01-12,1586.0999755859375,1594.0,1562.800048828125,1572.0999755859375,652320
2026-01-13,1614.800048828125,1622.9000244140625,1582.0,1582.0,2573438
2026-01-14,1588.5,1613.0,1583.0999755859375,1612.9000244140625,1570385
2026-01-15,1588.5,1588.5,1588.5,1588.5,0
2026-01-16,1670.5,1680.699951171875,1600.0,1600.0,3733401
2026-01-19,1718.300048828125,1736.0,1673.5,1690.0,10621562
2026-01-20,1678.5,1716.699951171875,1675.0,1715.0,1825981
2026-01-21,1686.699951171875,1694.300048828125,1660.0999755859375,1678.5,1766163
2026-01-22,1687.4000244140625,1712.5999755859375,1682.699951171875,1695.0,3123567
2026-01-23,1701.0999755859375,1709.699951171875,1689.199951171875,1699.0,1831521
2026-01-27,1745.0999755859375,1749.0,1700.0,1720.0,2932973
2026-01-28,1762.9000244140625,1765.699951171875,1739.9000244140625,1748.0,2534826
2026-01-29,1768.4000244140625,1776.5999755859375,1736.0999755859375,1751.0999755859375,1893136
2026-01-30,1743.0999755859375,1760.0,1731.0,1757.0999755859375,1672787
2026-02-02,1724.0,1729.5999755859375,1709.199951171875,1713.699951171875,1030696
2026-02-03,1716.5,1854.0,1712.699951171875,1845.0,2711705
2026-02-04,1645.300048828125,1656.0,1598.0,1651.0,4823180
2026-02-05,1646.199951171875,1659.0999755859375,1630.0,1630.0999755859375,1720981
2026-02-06,1619.9000244140625,1645.9000244140625,1600.0,1645.0,1988639
2026-02-09,1621.699951171875,1636.0,1613.5999755859375,1625.0,933821
2026-02-10,1644.5999755859375,1658.5,1611.0999755859375,1625.0,1527966
2026-02-11,1634.4000244140625,1658.0,1625.0,1655.0,1521823
2026-02-12,1536.5999755859375,1611.0,1528.0,1605.0,5343729
2026-02-13,1534.4000244140625,1548.0,1464.4000244140625,1482.5999755859375,7058376
2026-02-16,1512.699951171875,1541.9000244140625,1494.699951171875,1526.0,1873472
2026-02-17,1523.800048828125,1547.5,1506.0,1512.699951171875,1781501
2026-02-18,1504.800048828125,1528.5999755859375,1481.699951171875,1524.5999755859375,1989222
2026-02-19,1479.300048828125,1532.800048828125,1472.300048828125,1506.800048828125,1108260
2026-02-20,1456.9000244140625,1477.300048828125,1453.0999755859375,1465.0,1599813
2026-02-23,1440.9000244140625,1470.0,1430.0,1459.5,2660793
2026-02-24,1345.4000244140625,1423.199951171875,1335.300048828125,1420.0,7441035
2026-02-25,1361.800048828125,1397.699951171875,1351.4000244140625,1355.0999755859375,2683571
2026-02-26,1361.800048828125,1396.5999755859375,1360.4000244140625,1366.4000244140625,1587449
2026-02-27,1357.800048828125,1410.4000244140625,1354.0,1391.0,2601590
2026-03-02,1345.4000244140625,1362.800048828125,1322.199951171875,1335.0,1564363
2026-03-04,1351.199951171875,1362.199951171875,1321.0,1321.0,1820421
2026-03-05,1333.300048828125,1366.699951171875,1319.300048828125,1358.0,1210010
2026-03-06,1331.699951171875,1359.5,1326.5999755859375,1330.0,1033627
2026-03-09,1336.300048828125,1340.4000244140625,1304.0999755859375,1305.0,1032250
2026-03-10,1336.5999755859375,1347.9000244140625,1316.699951171875,1340.0,1069187
2026-03-11,1334.4000244140625,1355.4000244140625,1330.199951171875,1343.9000244140625,1499971
2026-03-12,1349.800048828125,1356.5,1327.0,1334.4000244140625,3067753
2026-03-13,1332.800048828125,1342.5,1319.800048828125,1342.5,1150005
2026-03-16,1339.5,1346.4000244140625,1315.9000244140625,1324.0,2062060
2026-03-17,1341.800048828125,1354.800048828125,1318.199951171875,1340.9000244140625,1634005
2026-03-18,1385.199951171875,1404.699951171875,1344.300048828125,1346.800048828125,2969039
2026-03-19,1340.5999755859375,1379.300048828125,1331.0999755859375,1364.0999755859375,1219405
2026-03-20,1384.800048828125,1391.0,1355.5999755859375,1360.699951171875,3397016
2026-03-23,1384.0,1414.5999755859375,1357.5999755859375,1366.0,3647386
2026-03-24,1432.699951171875,1439.199951171875,1400.0,1414.0,3988547
